대여소번호,대여소명,전체이용건수,최초관측일,최종관측일,출근시간비중,퇴근시간비중,주말비중,심야비중,자치구,상세주소,위도,경도,설치일,거치대수,운영방식,관측일수,일평균이용건수,거치대당일평균이용건수,일평균이용건수점수,출근시간비중점수,퇴근시간비중점수,주말비중점수,거치대당일평균이용건수점수,동일가중치점수,집중운영점수,우선관리등급,군집
3934,3934. 철도교통관제센터 정문 앞,23348,2025-06-01,2026-06-30,0.3889412369367826,0.4624807264005482,0.23766489635086516,0.018545485694706185,구로구,구로구 구로동 685,37.49708176,126.87788391,2023-03-27 00:00:00,7.0,QR,395,59.10886075949367,8.444122965641954,5,5,5,2,5,22,4.7,집중,1
1851,1851. 가산디지털단지 9번출구 인근,27458,2025-06-01,2026-06-30,0.3159370675213053,0.3478403379707189,0.1462597421516498,0.09709374317138902,금천구,서울특별시 금천구 벚꽃로 309,37.48123169,126.88148499,2018-02-26 11:42:20,10.0,LCD,395,69.51392405063291,6.951392405063291,5,5,5,1,5,21,4.6,집중,1
6058,6058. 시청역 2번출구,34914,2025-06-01,2026-06-30,0.2752763934238414,0.33946267972733,0.14782035859540585,0.12152718107349487,중구,중구 세종대로 101,37.56653976,126.97684479,2024-04-26 00:00:00,10.0,QR,395,88.38987341772152,8.838987341772151,5,5,5,1,5,21,4.6,집중,1
3219,3219.영등포역 1번출구,43185,2025-06-01,2026-06-30,0.1908996179228899,0.35294662498552737,0.2557832580757207,0.1645710316081973,영등포구,청구로 64,37.5148468,126.9077301,2020-03-04 00:00:00,10.0,QR,395,109.32911392405063,10.932911392405064,5,4,5,3,5,22,4.55,집중,1
2622,2622. 올림픽공원역 3번출구,79556,2025-06-01,2026-06-30,0.15868067776157674,0.35030670219719445,0.3084493941374629,0.14107044094725726,송파구,송파구 방이동 89-28,37.51625824,127.13059235,2018-11-14 00:00:00,20.0,LCD,395,201.40759493670885,10.070379746835442,5,3,5,5,5,23,4.5,집중,1
1906,1906. 신도림역 1번 출구 앞,59498,2025-06-01,2026-06-30,0.23383979293421628,0.3652055531278362,0.2244949410064204,0.12617230831288448,구로구,서울특별시 구로구 경인로 688,37.50971985,126.89009857,2017-05-11 11:16:25,20.0,LCD,395,150.6278481012658,7.531392405063291,5,4,5,2,5,21,4.45,집중,1
1911,1911. 구로디지털단지역 앞,70484,2025-06-01,2026-06-30,0.1938737869587424,0.3455110379660632,0.21644628568185686,0.20218773054877703,구로구,서울특별시 구로구 시흥대로 577-2,37.48493958,126.90132141,2017-05-11 11:20:22,18.0,LCD,395,178.44050632911393,9.913361462728552,5,4,5,2,5,21,4.45,집중,1
4484,4484. 잠실나루역4번출구뒤,26660,2025-06-01,2026-06-30,0.2099774943735934,0.3562640660165041,0.23882220555138783,0.14857464366091522,송파구,신천동15,37.52080917,127.10362244,2021-01-04 00:00:00,10.0,QR,395,67.49367088607595,6.7493670886075945,5,4,5,2,5,21,4.45,집중,1
585,585. 성수2가1동 공영주차장 인근,52416,2025-06-01,2026-06-30,0.19707722832722832,0.3023695054945055,0.2741338522588523,0.158501221001221,성동구,서울특별시 성동구 성수동2가 569-3 성수2가1동 공영주차장 인근,37.53680801,127.05548859,2016-09-02 11:00:00,9.0,QR,395,132.6987341772152,14.744303797468355,5,4,4,4,5,22,4.4,집중,1
203,203. 국회의사당역 3번출구 옆,27427,2025-06-01,2026-06-30,0.27556787107594705,0.36391147409487,0.10318299485908047,0.0726656214678966,영등포구,서울특별시 영등포구 국회대로 지하758,37.5280571,126.91870117,2015-09-17 15:07:26,15.0,QR,395,69.43544303797468,4.629029535864978,5,5,5,1,4,20,4.4,집중,2
2715,2715.마곡나루역 2번 출구 ,173645,2025-06-01,2026-06-30,0.2312188660773417,0.351193527023525,0.2015952086152783,0.13795387140430188,강서구,강서구 마곡중앙5로 6 ,37.56692505,126.82743835,2020-05-27 00:00:00,25.0,QR,395,439.60759493670884,17.584303797468355,5,4,5,1,5,20,4.35,집중,1
2721,2721.등촌1-10단지 교차로,62188,2025-06-01,2026-06-30,0.2743937737184023,0.29782273107351903,0.18985978002186918,0.1572168263973757,강서구,강서구 강서로 419,37.56320572,126.8393631,2020-03-15 00:00:00,12.0,QR,395,157.4379746835443,13.119831223628692,5,5,4,1,5,20,4.35,집중,1
1946,1946. 구로역 광장,33888,2025-06-01,2026-06-30,0.21576959395656278,0.36027502360717656,0.17802762039660056,0.1670207743153919,구로구,서울특별시 구로구 구로중앙로 174,37.50311661,126.88038635,2017-06-22 13:39:16,10.0,LCD,395,85.79240506329114,8.579240506329114,5,4,5,1,5,20,4.35,집중,1
5052,5052. 마곡역 7번출구,66948,2025-06-01,2026-06-30,0.22374081376590788,0.357202605006871,0.18445659317679394,0.11054848539164724,강서구,강서구 마곡동 798,37.55974579,126.8243866,2021-07-14 00:00:00,25.0,QR,395,169.4886075949367,6.779544303797468,5,4,5,1,5,20,4.35,집중,1
2728,2728.마곡나루역 3번 출구,121698,2025-06-01,2026-06-30,0.21142500287597166,0.363744679452415,0.1618021660175188,0.24581340695820802,강서구,강서구 마곡동 372-23,37.56580353,126.82807922,2020-03-12 00:00:00,55.0,QR,395,308.0962025316456,5.601749136939011,5,4,5,1,5,20,4.35,집중,1
2701,2701. 마곡나루역 5번출구 뒤편,114953,2025-06-01,2026-06-30,0.37326559550424954,0.30775186380520736,0.1439979817838595,0.08256417840334745,강서구,강서구 마곡동 761-5,37.56520081,126.82731628,2018-11-14 00:00:00,26.0,LCD,395,291.02025316455695,11.193086660175267,5,5,4,1,5,20,4.35,집중,1
4561,4561. 양평역 1번출구,49418,2025-06-01,2026-06-30,0.27912906228499734,0.30606256829495326,0.20027115625885306,0.1466064996559958,영등포구,영등포구 양평동3가 22-1,37.52572632,126.88600159,2021-05-17 00:00:00,10.0,QR,395,125.10886075949367,12.510886075949367,5,5,4,1,5,20,4.35,집중,1
5064,5064. 양천향교역8번출구,30120,2025-06-01,2026-06-30,0.2641102257636122,0.30401726427622844,0.18964143426294822,0.16686586985391766,강서구,강서구 마곡동 776,37.56902695,126.8398819,2021-09-27 00:00:00,15.0,QR,395,76.25316455696202,5.083544303797468,5,5,4,1,5,20,4.35,집중,1
415,415. DMC역 9번출구 앞,33134,2025-06-01,2026-06-30,0.22496529244884408,0.3516629444075572,0.1612241202390294,0.16653588458984728,마포구,서울특별시 마포구 성암로 지하184,37.57746887,126.89736176,2015-10-07 11:43:11,10.0,QR,395,83.88354430379746,8.388354430379746,5,4,5,1,5,20,4.35,집중,1
529,529. 장한평역 8번 출구 앞,60925,2025-06-01,2026-06-30,0.27481329503487895,0.3007139926138695,0.17145670906852686,0.15000410340582684,성동구,서울특별시 성동구 용답동 224-3 장안평역 8번 출구 앞,37.56137085,127.06365967,2016-06-29 12:00:00,8.0,QR,395,154.2405063291139,19.28006329113924,5,5,4,1,5,20,4.35,집중,1
508,508. 성수아카데미타워 앞,57587,2025-06-01,2026-06-30,0.2701998714987758,0.32522965252574365,0.15944570823276086,0.0961501727820515,성동구,서울특별시 성동구 성수이로 118 라성아카데미타워 앞,37.54516602,127.05751038,2015-10-07 11:51:33,10.0,QR,395,145.7898734177215,14.578987341772152,5,5,4,1,5,20,4.35,집중,1
4559,4559. 신길역 2번출구,23568,2025-06-01,2026-06-30,0.21036999321113375,0.32026476578411406,0.2528852681602172,0.1778682959945689,영등포구,영등포구 신길동 42-7 ,37.51756287,126.91698456,2021-05-18 00:00:00,10.0,QR,395,59.665822784810125,5.966582278481012,5,4,4,3,5,21,4.3,집중,1
247,247. 당산역 10번출구 앞,67725,2025-06-01,2026-06-30,0.15057954964931708,0.37114802510151346,0.24565522332964193,0.17070505721668514,영등포구,서울특별시 영등포구 당산동5가 14-4,37.53342056,126.90223694,2016-06-29 12:00:00,14.0,QR,395,171.45569620253164,12.246835443037975,5,3,5,3,5,21,4.3,집중,1
1908,1908. 해원리바파크 육교 밑,35460,2025-06-01,2026-06-30,0.3045121263395375,0.2937112239142696,0.2455442752397067,0.12583192329385223,구로구,서울특별시 구로구 구일로 110,37.49528503,126.87216187,2017-05-11 11:18:43,12.0,LCD,395,89.77215189873418,7.481012658227848,5,5,3,3,5,21,4.3,집중,1
3772,3772. 길성그랑프리텔아파트,37772,2025-06-01,2026-06-30,0.2450492428253733,0.2719474743196018,0.24361961241130997,0.1667637403367574,강서구,방화대로319,37.5692482,126.81650543,2020-11-09 00:00:00,15.0,QR,395,95.62531645569621,6.375021097046414,5,5,3,3,5,21,4.3,집중,1
3780,3780. 등촌서광아파트,49309,2025-06-01,2026-06-30,0.25222576000324487,0.267030359569247,0.2413960940193474,0.1761747348354256,강서구,공항대로45길68-6,37.55755234,126.85625458,2020-11-11 00:00:00,22.0,QR,395,124.83291139240507,5.674223245109321,5,5,3,3,5,21,4.3,집중,1
1912,1912. 한신휴아파트 앞,26443,2025-06-01,2026-06-30,0.2466815414287335,0.277237832318572,0.24331581136784783,0.18057709034527095,구로구,서울특별시 구로구 디지털로31길 120,37.48880005,126.89066315,2017-05-11 11:21:27,13.0,LCD,395,66.94430379746835,5.149561830574489,5,5,3,3,5,21,4.3,집중,0
1226,1226. 잠실4동 주민센터 옆,31070,2025-06-01,2026-06-30,0.2488574187318957,0.26700997747022853,0.24551013839716768,0.10492436433859029,송파구,서울특별시 송파구 올림픽로35길 16,37.52007675,127.11236572,2017-06-27 13:38:58,10.0,LCD,395,78.65822784810126,7.865822784810126,5,5,3,3,5,21,4.3,집중,1
1264,1264. 천호역 10번 출구 앞,40738,2025-06-01,2026-06-30,0.161789974961952,0.35956600716775494,0.24625656635082724,0.16716579115322303,송파구,서울특별시 송파구 풍납동 490-16,37.53858185,127.12280273,2017-11-01 16:00:00,8.0,LCD,395,103.13417721518988,12.891772151898735,5,3,5,3,5,21,4.3,집중,1
1996,1996. 구일역 1번 출입구 앞,25188,2025-06-01,2026-06-30,0.190924249642687,0.32495632841035416,0.29716531681753217,0.18004605367635382,구로구,구로구 구로동 642-77,37.49539948,126.87100983,2018-10-31 00:00:00,20.0,LCD,395,63.767088607594935,3.188354430379747,5,4,4,5,4,22,4.3,집중,3
2608,2608. 송파구청,79455,2025-06-01,2026-06-30,0.11664464162104336,0.38081933169718707,0.28538166257630104,0.12284941161663834,송파구,송파구 올림픽로 326,37.5150528,127.10626984,2018-11-12 00:00:00,10.0,QR,395,201.15189873417722,20.115189873417723,5,2,5,5,5,22,4.25,집중,1
502,502. 자양(뚝섬한강공원)역 1번출구 앞,88882,2025-06-01,2026-06-30,0.13305281159289845,0.3524335636011791,0.3245876555433046,0.2299003172745888,광진구,서울특별시 광진구 능동로 10 뚝섬유원지역 1번출구 앞,37.53186035,127.06719208,2015-10-07 11:47:15,33.0,QR,395,225.01772151898734,6.818718833908707,5,2,5,5,5,22,4.25,집중,1
4535,4535. 목동12단지 아파트,35650,2025-06-01,2026-06-30,0.2775596072931276,0.23200561009817672,0.28426367461430574,0.11180925666199158,양천구,"양천구 목동동로 50
(관리동 앞)",37.51412201,126.86040497,2021-11-09 00:00:00,10.0,QR,395,90.25316455696202,9.025316455696203,5,5,2,5,5,22,4.25,집중,1
272,272. 당산육갑문,67379,2025-06-01,2026-06-30,0.11304709182386204,0.36630107303462506,0.32447795307143174,0.24457175084225055,영등포구,서울특별시 영등포구 당산로52길 3,37.53533936,126.90367889,2016-07-06 12:00:00,20.0,LCD,395,170.57974683544305,8.528987341772153,5,2,5,5,5,22,4.25,집중,1
3205,3205.문래현대2차,26729,2025-06-01,2026-06-30,0.2672378315687081,0.24119869804332372,0.287029069549927,0.12843727786299525,영등포구,영등포구 선유서로13길 6,37.5202179,126.882164,2020-03-04 00:00:00,10.0,QR,395,67.66835443037975,6.766835443037975,5,5,2,5,5,22,4.25,집중,1
786,786.목동아파트 8단지 상가동 앞,29591,2025-06-01,2026-06-30,0.21293636578689468,0.2727518502247305,0.2828900679260586,0.15322226352607213,양천구,양천구 목동서로 280,37.52007294,126.86830139,2020-03-18 00:00:00,9.0,QR,395,74.91392405063291,8.323769338959213,5,4,3,5,5,22,4.25,집중,1
731,731. 서울시 도로환경관리센터,38340,2025-06-01,2026-06-30,0.11335419926969223,0.357642149191445,0.3023735002608242,0.16705790297339593,양천구,서울특별시 양천구 목동동로 316-6,37.5298996,126.87654114,2017-11-01 16:00:00,10.0,LCD,395,97.0632911392405,9.70632911392405,5,2,5,5,5,22,4.25,집중,1
593,593.자양중앙나들목,22936,2025-06-01,2026-06-30,0.25039239623299614,0.249956400418556,0.3230292989187304,0.1574380885943495,광진구,서울특별시 광진구 자양강변길 301 광진구 자양2동 705,37.52845383,127.07803345,2017-10-18 11:17:05,8.0,QR,395,58.06582278481012,7.258227848101265,5,5,2,5,5,22,4.25,집중,1
228,228. 선유도역 3번출구 앞,41758,2025-06-01,2026-06-30,0.1341299870683462,0.3413477656975909,0.29433880932994877,0.18394080176253652,영등포구,서울특별시 영등포구 양평동4가 202-1,37.53845978,126.89450836,2016-06-29 12:00:00,10.0,QR,395,105.71645569620253,10.571645569620253,5,2,5,5,5,22,4.25,집중,1
362,362. 청계8가사거리 A,25792,2025-06-01,2026-06-30,0.2520549007444169,0.2317772952853598,0.289159429280397,0.19122208436724566,종로구,서울특별시 종로구 청계천로 407 청계8가 사거리,37.57219696,127.02304077,2016-06-01 14:30:00,10.0,LCD,395,65.29620253164558,6.529620253164557,5,5,2,5,5,22,4.25,집중,1
4553,4553. 당산삼성2차아파트,35013,2025-06-01,2026-06-30,0.25684745665895525,0.2698711907005969,0.22445948647645161,0.20366720932225174,영등포구,영등포구 당산동4가 94-1,37.52762222,126.89863586,2021-05-17 00:00:00,10.0,QR,395,88.64050632911392,8.864050632911392,5,5,3,2,5,20,4.2,집중,1
3500,3500. 군자역2번출구,30828,2025-06-01,2026-06-30,0.19307123394316855,0.31020500843389126,0.22898014791747762,0.21652393927598287,광진구,서울특별시 광진구 능동로 313 군자역2번출구,37.55758667,127.07969666,2017-11-01 10:28:27,7.0,LCD,395,78.04556962025316,11.149367088607594,5,4,4,2,5,20,4.2,집중,1
3518,3518. 군자역 7번출구뒤,55695,2025-06-01,2026-06-30,0.19714516563425802,0.3076577789747733,0.2249753119669629,0.21650058353532634,광진구,서울특별시 광진구 천호대로 지하 550 군자역 7번출구 뒤,37.55686188,127.07913971,2017-11-28 10:22:49,8.0,LCD,395,141.0,17.625,5,4,4,2,5,20,4.2,집중,1
240,240. 문래역 4번출구 앞,48986,2025-06-01,2026-06-30,0.22159392479483933,0.3358714734822194,0.21336708447311475,0.13599804025639978,영등포구,서울특별시 영등포구 문래동3가 55-12 ,37.51873779,126.89557648,2016-06-29 12:00:00,10.0,LCD,395,124.01518987341773,12.401518987341772,5,4,4,2,5,20,4.2,집중,1
3782,3782. 겸재정선미술관,25397,2025-06-01,2026-06-30,0.2767255975115171,0.28188368704965155,0.22368783714611962,0.11178485647911171,강서구,강서구 양천로47길 24 ,37.57128906,126.83777618,2020-11-10 00:00:00,10.0,QR,395,64.29620253164558,6.429620253164558,5,5,3,2,5,20,4.2,집중,0
302,302. 경복궁역 6번출구 뒤,29892,2025-06-01,2026-06-30,0.2286230429546367,0.29951157500334535,0.22838886658637764,0.1405727284892279,종로구,서울특별시 종로구 사직로 지하130 경복궁역 4번출구 뒤,37.57594681,126.97406006,2015-10-07 12:04:22,12.0,QR,395,75.6759493670886,6.3063291139240505,5,4,4,2,5,20,4.2,집중,1
4868,4868. 석촌호수 서호 남단,37250,2025-06-01,2026-06-30,0.24426845637583894,0.2677315436241611,0.22891275167785236,0.1851812080536913,송파구,송파구 석촌동 158,37.50717163,127.10124207,2021-05-18 00:00:00,10.0,QR,395,94.30379746835443,9.430379746835444,5,5,3,2,5,20,4.2,집중,1
703,703. 오목교역 7번출구 앞,42528,2025-06-01,2026-06-30,0.1558502633559067,0.37333051166290443,0.22864936042136946,0.1636333709556057,양천구,서울특별시 양천구 목동 451,37.52362823,126.87524414,2016-06-29 12:00:00,12.0,QR,395,107.66582278481013,8.972151898734177,5,3,5,2,5,20,4.2,집중,1
1151,1151. 마곡역1번출구,59399,2025-06-01,2026-06-30,0.19018838700988233,0.3631879324567754,0.2095826529066146,0.13671947339180796,강서구,서울특별시 강서구 마곡동 727-716,37.56020737,126.82414246,2017-11-01 16:00:00,25.0,LCD,395,150.37721518987343,6.015088607594937,5,3,5,2,5,20,4.2,집중,1
1209,1209. 잠실나루역 (2번 출구 쪽),41960,2025-06-01,2026-06-30,0.22123450905624403,0.3332936129647283,0.21198760724499524,0.10834127740705433,송파구,서울특별시 송파구 오금로 20,37.52045059,127.10420227,2017-04-24 13:26:13,20.0,LCD,395,106.22784810126582,5.311392405063291,5,4,4,2,5,20,4.2,집중,1
5082,5082. 가양역 7번출구,61448,2025-06-01,2026-06-30,0.15494401770602786,0.3674977216508267,0.219030725165994,0.17964783231350084,강서구,화곡로 416,37.56019592,126.8549118,2022-06-28 00:00:00,9.0,QR,395,155.5645569620253,17.284950773558368,5,3,5,2,5,20,4.2,집중,1
5080,5080. 가양역 1번출구,42174,2025-06-01,2026-06-30,0.19779959216578935,0.3164034713330488,0.21975624792526202,0.18447384644567744,강서구,양천로57길 10-20,37.56250763,126.85275269,2022-06-16 00:00:00,10.0,QR,395,106.76962025316456,10.676962025316456,5,4,4,2,5,20,4.2,집중,1
1804,1804. 독산역 2번출구 자전거주차장,17246,2025-06-01,2026-06-30,0.28389191696625304,0.3403687811666473,0.18056360895280066,0.13324828945842515,금천구,서울특별시 금천구 벚꽃로 115,37.46652985,126.88871765,2017-05-08 15:42:48,10.0,LCD,395,43.66075949367089,4.366075949367088,4,5,5,1,4,19,4.2,집중,0
1914,1914. 대림역4번출구,33618,2025-06-01,2026-06-30,0.20530668094473198,0.3023975251353442,0.22026890356356713,0.16613123921708609,구로구,서울특별시 구로구 도림천로 351,37.49440384,126.89444733,2017-06-27 15:18:02,10.0,LCD,395,85.10886075949367,8.510886075949367,5,4,4,2,5,20,4.2,집중,1
642,642. 신답역 사거리,23848,2025-06-01,2026-06-30,0.27121771217712176,0.2778430057027843,0.22509225092250923,0.16475176115397516,동대문구,서울특별시 동대문구 천호대로 231,37.57035446,127.0484314,2016-07-06 12:00:00,9.0,QR,395,60.3746835443038,6.708298171589311,5,5,3,2,5,20,4.2,집중,1
3879,3879. 중랑천 뚝방길 산책로 입구,15341,2025-06-01,2026-06-30,0.27149468743888927,0.2738413401994655,0.26191252199986964,0.1708493579297308,광진구,서울특별시 광진구 광진구 동일로 399,37.56628036,127.0774765,2021-06-01 00:00:00,7.0,QR,395,38.8379746835443,5.548282097649186,4,5,3,4,5,21,4.199999999999999,집중,0
5853,5853. 여의도역2번출구 앞,21694,2025-06-01,2026-06-30,0.19609108509265236,0.40513506038536,0.12906794505393196,0.08476998248363603,영등포구,여의도동 의사당대로 88,37.52260971,126.92301178,2022-05-11 00:00:00,10.0,QR,395,54.92151898734177,5.492151898734177,4,4,5,1,5,19,4.15,집중,2
433,433. 을지로입구역 2번출구,22220,2025-06-01,2026-06-30,0.21143114311431144,0.3401890189018902,0.16597659765976597,0.11246624662466247,중구,서울특별시 중구 을지로 지하 42 을지로입구역 1번출구,37.56634521,126.98229218,2018-12-14 00:00:00,12.0,LCD,395,56.25316455696203,4.687763713080169,5,4,5,1,4,19,4.15,집중,2
4386,4386. 현대자동차 동부서비스센터 주변,16305,2025-06-01,2026-06-30,0.25041398344066235,0.31892057651027295,0.1564550751303281,0.15154860472247778,성동구,서울특별시 성동구 성수이로 134 현대자동차써비스(주)동부사업소,37.546978,127.05796814,2022-08-23 00:00:00,5.0,QR,395,41.278481012658226,8.255696202531645,4,5,4,1,5,19,4.15,집중,1
5858,5858. 영등포역5번출구,59215,2025-06-01,2026-06-30,0.21719158996875793,0.2836274592586338,0.26317655999324496,0.2654732753525289,영등포구,경인로 846,37.51669312,126.90807343,2022-09-26 00:00:00,10.0,QR,395,149.91139240506328,14.991139240506328,5,4,3,4,5,21,4.15,집중,1
4598,4598. 오목교 동측 지하보도,24418,2025-06-01,2026-06-30,0.2247522319600295,0.28245556556638546,0.2637398640347285,0.16025063477762305,영등포구,영등포구 양평동2가 41-87,37.52364349,126.88183594,2021-09-28 00:00:00,9.0,QR,395,61.81772151898734,6.868635724331927,5,4,3,4,5,21,4.15,집중,1
578,578. 성동세무서 부근,17969,2025-06-01,2026-06-30,0.2714675274083143,0.29706717123935666,0.14942400801380154,0.10679503589515277,성동구,서울특별시 성동구 광나루로 297 성동세무서,37.54829025,127.06246185,2016-07-06 12:00:00,8.0,QR,395,45.49113924050633,5.686392405063291,4,5,4,1,5,19,4.15,집중,0
1220,1220. 잠실근린공원,29528,2025-06-01,2026-06-30,0.24492007586020048,0.2645285830398266,0.27011649959360606,0.177018423191547,송파구,서울특별시 송파구 백제고분로15길 7,37.50569153,127.08403778,2017-04-24 13:32:19,15.0,LCD,395,74.75443037974684,4.983628691983123,5,5,2,4,5,21,4.15,집중,1
1221,1221. 삼전역 4번출구,22465,2025-06-01,2026-06-30,0.19510349432450477,0.27518361896283106,0.2726463387491654,0.18548853772535054,송파구,서울특별시 송파구 백제고분로 188,37.50419998,127.08753204,2017-07-11 11:27:58,10.0,LCD,395,56.87341772151899,5.687341772151899,5,4,3,4,5,21,4.15,집중,3
3784,3784. 벽산아파트,37956,2025-06-01,2026-06-30,0.28274844556855305,0.23218990409948362,0.26559700706080724,0.1278585730846243,강서구,양천로47길 112 ,37.57531738,126.83666992,2020-11-10 00:00:00,10.0,QR,395,96.09113924050632,9.609113924050632,5,5,2,4,5,21,4.15,집중,1
5095,5095. 원당근린공원,35410,2025-06-01,2026-06-30,0.16179045467382094,0.31287771815871224,0.27068624682293135,0.16565941824343405,강서구,등촌동690-5,37.55947495,126.84147644,2023-04-04 00:00:00,9.0,QR,395,89.64556962025317,9.960618846694796,5,3,4,4,5,21,4.15,집중,1
3692,3692. 둔촌오륜역 1번 출구,23735,2025-06-01,2026-06-30,0.23345270697282494,0.27107646934906254,0.26290288603328416,0.15167474194227934,강동구,강동구 강동대로 303,37.51960373,127.13871002,2021-09-30 00:00:00,10.0,QR,395,60.08860759493671,6.008860759493671,5,4,3,4,5,21,4.15,집중,0
4531,4531. 목동아파트 613동 앞,45950,2025-06-01,2026-06-30,0.2680087051142546,0.23218715995647443,0.27593035908596303,0.0961044613710555,양천구,"양천구 목동동로 430
(613동 인근 상가동 앞)",37.53315735,126.88408661,2021-06-01 00:00:00,10.0,QR,395,116.32911392405063,11.632911392405063,5,5,2,4,5,21,4.15,집중,1
512,512. 뚝섬역 1번 출구 옆,30925,2025-06-01,2026-06-30,0.13849636216653194,0.3802425222312045,0.2623120452708165,0.13484236054971704,성동구,서울특별시 성동구 아차산로 18 뚝섬역 1번 출구 옆,37.5485611,127.0450058,2015-10-07 11:56:43,15.0,QR,395,78.29113924050633,5.219409282700422,5,2,5,4,5,21,4.15,집중,1
3868,3868. 자양한강도서관,32039,2025-06-01,2026-06-30,0.2699834576609757,0.24354692718249632,0.2615874403071257,0.12216361309653859,광진구,서울특별시 광진구 광진구 뚝섬로52길 58,37.52916336,127.07798767,2020-12-10 00:00:00,10.0,QR,395,81.11139240506328,8.11113924050633,5,5,2,4,5,21,4.15,집중,1
146,146. 마포역 2번출구 뒤,25262,2025-06-01,2026-06-30,0.13581664159607315,0.34165940938959705,0.2718707940780619,0.21581822500197925,마포구,서울특별시 마포구 도화동 555-2,37.53993607,126.94582367,2016-06-29 12:00:00,12.0,LCD,395,63.95443037974684,5.3295358649789035,5,2,5,4,5,21,4.15,집중,3
147,147. 마포역 4번출구 뒤,35286,2025-06-01,2026-06-30,0.13829847531598935,0.3723856486992008,0.2709573201836422,0.207447712973984,마포구,서울특별시 마포구 도화동 292-29,37.53927231,126.94591522,2016-06-29 12:00:00,7.0,QR,395,89.33164556962025,12.761663652802893,5,2,5,4,5,21,4.15,집중,1
1867,1867.대륭포스트타워6차 앞,56544,2025-06-01,2026-06-30,0.19982668364459535,0.44609507640067914,0.13292303338992642,0.15702815506508205,금천구,벚꽃로 298,37.48088837,126.88380432,2020-02-26 00:00:00,30.0,QR,395,143.1493670886076,4.771645569620253,5,4,5,1,4,19,4.15,집중,1
4865,4865. 한성백제역 1번출구 뒤,39097,2025-06-01,2026-06-30,0.1978156891833133,0.2920172903291813,0.2674885541090109,0.18835204747167303,송파구,송파구 방이동 45-4,37.51647949,127.1149826,2021-04-28 00:00:00,5.0,QR,395,98.97974683544304,19.795949367088607,5,4,3,4,5,21,4.15,집중,1
4528,4528. 양천구청역 1번출구,18222,2025-06-01,2026-06-30,0.2233015036768741,0.3465042256612886,0.19092306003731752,0.15042256612885524,양천구,양천구 신정동 276-7,37.51292038,126.8667984,2021-03-09 00:00:00,8.0,QR,395,46.131645569620254,5.766455696202532,4,4,5,1,5,19,4.15,집중,2
316,316. 종각역 1번출구 앞,23243,2025-06-01,2026-06-30,0.19889859312481178,0.2972077614765736,0.14597943466850236,0.09491029557286064,종로구,서울특별시 종로구 종로 47 종각역 1번출구 앞,37.57039642,126.98178864,2015-10-07 00:00:00,8.0,QR,395,58.84303797468355,7.355379746835443,5,4,4,1,5,19,4.1,집중,1
626,626. 군자교 서측 녹지대,23664,2025-06-01,2026-06-30,0.19231744421906694,0.3061612576064909,0.25202839756592293,0.16535665990534146,동대문구,서울특별시 동대문구 장한로6길 95 군자교녹지대 동측 앞,37.56115341,127.07096863,2016-07-06 12:00:00,17.0,QR,395,59.90886075949367,3.5240506329113925,5,4,4,3,4,20,4.1,집중,3
230,230. 영등포구청역 7번출구,90789,2025-06-01,2026-06-30,0.22782495676789039,0.3097181376598487,0.20864862483340493,0.1706374120212801,영등포구,서울특별시 영등포구 당산로 111-2,37.52463531,126.89621735,2016-07-06 12:00:00,13.0,QR,395,229.84556962025317,17.68042843232717,5,4,4,1,5,19,4.1,집중,1
631,631. 답십리역 1번출구,39342,2025-06-01,2026-06-30,0.20786945249351838,0.32039550607493267,0.19887143510751867,0.16351481876874588,동대문구,서울특별시 동대문구 천호대로 269 답십리역 1번출구,37.5681839,127.05127716,2016-07-06 12:00:00,15.0,QR,395,99.6,6.64,5,4,4,1,5,19,4.1,집중,1
2723,2723.마곡 필네이처,39086,2025-06-01,2026-06-30,0.20086475976052806,0.3199611113953845,0.19116819321496187,0.1904774087908714,강서구,강서구 마곡동 727-1190,37.56089401,126.83669281,2020-03-16 00:00:00,13.0,QR,395,98.95189873417722,7.611684518013632,5,4,4,1,5,19,4.1,집중,1
238,238. 제2구민체육센타 앞,29452,2025-06-01,2026-06-30,0.23584136900719815,0.310063832676898,0.14073747113948118,0.10179274752139074,영등포구,서울특별시 영등포구 당산동4가 96-2,37.52638626,126.90275574,2016-06-29 12:00:00,10.0,LCD,395,74.5620253164557,7.4562025316455705,5,4,4,1,5,19,4.1,집중,1
245,245. 삼성생명 당산사옥 앞,40168,2025-06-01,2026-06-30,0.19191894045010954,0.3116660027882892,0.20332105158334993,0.168442541326429,영등포구,서울특별시 영등포구 당산동4가 35-24 ,37.52826309,126.89662933,2016-06-29 12:00:00,14.0,LCD,395,101.69113924050633,7.26365280289331,5,4,4,1,5,19,4.1,집중,1
788,788.양천구청역 2번출구 옆,38130,2025-06-01,2026-06-30,0.16016260162601625,0.3884343036978757,0.1949383687385261,0.12730133752950432,양천구,양천구 목동로3길 57,37.51228714,126.86528015,2020-03-06 00:00:00,15.0,QR,395,96.53164556962025,6.435443037974683,5,3,5,1,5,19,4.1,집중,1
1118,1118. 증미역 3번출구뒤(등촌두산위브센티움오피스텔),39073,2025-06-01,2026-06-30,0.17776981547360068,0.3595577508765644,0.20318378419880737,0.13372405497402298,강서구,서울특별시 강서구 양천로 지하 560,37.55746078,126.86145782,2017-04-24 09:41:57,10.0,LCD,395,98.91898734177215,9.891898734177214,5,3,5,1,5,19,4.1,집중,1
1245,1245. 문정 법조단지9,17754,2025-06-01,2026-06-30,0.17162329615861213,0.3623972062633773,0.29215951334910445,0.16435732792610117,송파구,서울특별시 송파구 법원로 101,37.47946548,127.12532806,2017-06-27 13:57:34,10.0,LCD,395,44.946835443037976,4.494683544303798,4,3,5,5,4,21,4.1,집중,3
2647,2647.잠실 자전거 수리센터 앞,20299,2025-06-01,2026-06-30,0.16877678703384402,0.3791319769446771,0.24173604611064584,0.1462140992167102,송파구,송파구 잠실동 41,37.51156998,127.10107422,2020-01-16 00:00:00,7.0,QR,395,51.38987341772152,7.3414104882459315,4,3,5,3,5,20,4.1,집중,1
2615,2615. 테라타워2,31739,2025-06-01,2026-06-30,0.23349821985569805,0.3292479284161442,0.14219099530546017,0.13992249283216232,송파구,송파대로 201,37.48834991,127.12078094,2018-11-14 00:00:00,15.0,LCD,395,80.35189873417721,5.356793248945148,5,4,4,1,5,19,4.1,집중,1
303,303. 광화문역 1번출구 앞,31377,2025-06-01,2026-06-30,0.19415495426586354,0.30487299614367214,0.16795742104088981,0.11212034292634733,종로구,서울특별시 종로구 세종대로 지하189 세종로공원,37.57176971,126.97466278,2015-10-07 00:00:00,8.0,QR,395,79.43544303797468,9.929430379746835,5,4,4,1,5,19,4.1,집중,1
219,219. 롯데캐슬엠파이어 옆,28617,2025-06-01,2026-06-30,0.17922912953838627,0.3444456092532411,0.16462242722857043,0.0866617744697208,영등포구,서울특별시 영등포구 의사당대로 127,37.52069473,126.92583466,2015-09-17 00:00:00,12.0,QR,395,72.44810126582279,6.0373417721518985,5,3,5,1,5,19,4.1,집중,2
2704,2704.홈플러스(강서점),36599,2025-06-01,2026-06-30,0.1977922894068144,0.31790486078854613,0.20093445176097707,0.15494958878657886,강서구,강서구 화곡로 398 ,37.55852127,126.85401154,2020-03-16 00:00:00,10.0,QR,395,92.65569620253164,9.265569620253164,5,4,4,1,5,19,4.1,집중,1
148,148. 용강동 주민센터 앞,14658,2025-06-01,2026-06-30,0.2576749897666803,0.26749897666803113,0.293832719334152,0.11795606494746896,마포구,서울특별시 마포구 용강동 234-1,37.54234695,126.94302368,2016-06-29 12:00:00,11.0,QR,395,37.10886075949367,3.3735327963176065,4,5,3,5,4,21,4.1,집중,0
5884,5884. GS강서타워,27758,2025-06-01,2026-06-30,0.17180632610418617,0.3798904820232005,0.18290222638518625,0.12169464658837092,영등포구,선유로75,37.52098083,126.88929749,2024-09-09 00:00:00,8.0,QR,395,70.27341772151898,8.784177215189873,5,3,5,1,5,19,4.1,집중,1
5867,5867. H타워 앞,40583,2025-06-01,2026-06-30,0.37710371337752263,0.27486878742330534,0.19170588670132815,0.08064953305571299,영등포구,영등포구 버드나루로15,37.52024078,126.9124527,2023-05-23 00:00:00,10.0,QR,395,102.74177215189873,10.274177215189873,5,5,3,1,5,19,4.1,집중,1
3966,3966. 독산역1번출구 B,24382,2025-06-01,2026-06-30,0.3589533262242638,0.2948076449840046,0.1303010417521122,0.11549503732261504,금천구,"독산동1081-4(독산역마을버스
정류장 뒤 자전거 거치대 옆)",37.46709442,126.88920593,2021-02-17 00:00:00,8.0,QR,395,61.72658227848101,7.715822784810126,5,5,3,1,5,19,4.1,집중,0
4383,4383. 푸조비즈타워 앞,23866,2025-06-01,2026-06-30,0.15943182770468448,0.4442302857621721,0.1086901868767284,0.0753372999245789,성동구,서울특별시 성동구 성동구 광나루로 310,37.54808044,127.06461334,2022-02-10 00:00:00,4.0,QR,395,60.42025316455696,15.10506329113924,5,3,5,1,5,19,4.1,집중,1
4382,4382. 페코텍글로벌허브빌딩 앞,32387,2025-06-01,2026-06-30,0.2767159662827678,0.2786303146324142,0.13628925186031432,0.08555902059468305,성동구,서울특별시 성동구 동일로 169,37.54753494,127.06682587,2022-02-10 00:00:00,7.0,QR,395,81.99240506329114,11.713200723327306,5,5,3,1,5,19,4.1,집중,1
726,726. 목동3단지 시내버스정류장,52964,2025-06-01,2026-06-30,0.2603844120534703,0.23493316214787402,0.25011328449512876,0.12548145910429725,양천구,서울특별시 양천구 목동중앙로 49 ,37.5343895,126.86959839,2017-11-01 16:00:00,18.0,LCD,395,134.08607594936709,7.449226441631505,5,5,2,3,5,20,4.05,집중,1
5882,5882. 휴젠느,41285,2025-06-01,2026-06-30,0.2988494610633402,0.2557587501513867,0.24711154172217512,0.11691897783698679,영등포구,국회대로56길13,37.52421188,126.90995026,2024-08-26 00:00:00,7.0,QR,395,104.51898734177215,14.93128390596745,5,5,2,3,5,20,4.05,집중,1
5881,5881. 세계청소년NGO교육문화원,24304,2025-06-01,2026-06-30,0.21502633311389072,0.26678736010533244,0.24971198156682028,0.16458196181698487,영등포구,영신로183,37.52456665,126.90200043,2024-08-26 00:00:00,7.0,QR,395,61.529113924050634,8.78987341772152,5,4,3,3,5,20,4.05,집중,1
3668,3668. 성내삼성아파트,47247,2025-06-01,2026-06-30,0.25303193853578004,0.2483967236014985,0.24208944483247613,0.1466548140622685,강동구,풍성로 136,37.53137589,127.1270752,2021-04-13 00:00:00,10.0,QR,395,119.6126582278481,11.96126582278481,5,5,2,3,5,20,4.05,집중,1
4541,4541. 갈산문화예술센터,26756,2025-06-01,2026-06-30,0.2827403199282404,0.2359470772910749,0.2453655254896098,0.1450515772163253,양천구,신정동 330-12,37.51097488,126.86984253,2022-06-22 00:00:00,9.0,QR,395,67.73670886075949,7.526300984528833,5,5,2,3,5,20,4.05,집중,1
1210,1210. 롯데월드타워(잠실역2번출구 쪽),122673,2025-06-01,2026-06-30,0.1395987707156424,0.43774098619908214,0.2552884497811254,0.10946989150016712,송파구,서울특별시 송파구 올림픽로 293-19,37.51312637,127.10095978,2017-06-27 13:33:29,30.0,LCD,395,310.56455696202534,10.352151898734178,5,2,5,3,5,20,4.05,집중,1
734,734. 신트리공원 입구,36220,2025-06-01,2026-06-30,0.28556046383213696,0.23440088348978466,0.2519878520154611,0.13997791275538377,양천구,서울특별시 양천구 신정동 310-8 ,37.51395035,126.85605621,2017-11-01 16:00:00,10.0,LCD,395,91.69620253164557,9.169620253164556,5,5,2,3,5,20,4.05,집중,1
3700,3700. 강변그대가리버뷰 입구 맞은편,20702,2025-06-01,2026-06-30,0.2557240846295044,0.2409429040672399,0.35035262293498215,0.16196502753357164,강동구,강동구 천호동 250-7,37.54816437,127.12257385,2022-07-08 00:00:00,8.0,QR,395,52.41012658227848,6.55126582278481,4,5,2,5,5,21,4.05,집중,0
1191,"1191. 마곡역 버스정류장(마곡나루역1번출구, 웰튼병원 방면)",43710,2025-06-01,2026-06-30,0.11537405628002745,0.350972317547472,0.2528025623427133,0.22539464653397392,강서구,강서구 마곡동 727-925,37.5602417,126.8271637,2018-11-20 00:00:00,13.0,LCD,395,110.65822784810126,8.512171372930867,5,2,5,3,5,20,4.05,집중,1
4181,4181. 보라매공원역 2번출구,15266,2025-06-01,2026-06-30,0.15911175160487356,0.3183545132975239,0.2887462334599764,0.1851172540285602,동작구,동작구 신대방동  385-18,37.49582291,126.91781616,2022-08-04 00:00:00,6.0,QR,395,38.64810126582279,6.441350210970465,4,3,4,5,5,21,4.05,집중,3
153,153. 성산2교 사거리,25043,2025-06-01,2026-06-30,0.19143073912869865,0.2774028670686419,0.2518468234636425,0.18013017609711296,마포구,서울특별시 마포구 성산동 54-17,37.56469727,126.91261292,2016-06-29 12:00:00,10.0,LCD,395,63.4,6.34,5,4,3,3,5,20,4.05,집중,1
194,194. 증산교 앞,21318,2025-06-01,2026-06-30,0.12763861525471432,0.3562716952809832,0.2829064640210151,0.21948588047659254,서대문구,서울특별시 서대문구 불광천길 36,37.57731628,126.90296936,2016-07-06 12:00:00,10.0,QR,395,53.96962025316456,5.396962025316456,4,2,5,5,5,21,4.05,집중,3
797,797.목동아파트 1422동 1434동 사잇길,52209,2025-06-01,2026-06-30,0.2576567258518646,0.24526422647436266,0.258863414353847,0.12283322798751173,양천구,양천구 신정동 332-2,37.51515579,126.87248993,2020-04-20 00:00:00,10.0,QR,395,132.1746835443038,13.21746835443038,5,5,2,3,5,20,4.05,집중,1
1119,1119. 염창동 한마음아파트 앞,14981,2025-06-01,2026-06-30,0.199252386356051,0.26687137040250986,0.2830919164274748,0.19938588879247046,강서구,서울특별시 강서구 양천로 637,37.55425262,126.86756134,2017-04-24 09:43:00,6.0,LCD,395,37.926582278481014,6.321097046413502,4,4,3,5,5,21,4.05,집중,3
5887,5887.나루마을 마당공원,33887,2025-06-04,2026-06-30,0.32938885118186917,0.24133148404993066,0.24236432850355594,0.09608404402868356,영등포구,버드나루로104,37.52767944,126.9084549,2025-06-04 00:00:00,12.0,QR,392,86.44642857142857,7.2038690476190474,5,5,2,3,5,20,4.05,집중,1
4122,4122. 청계9가교차로 앞,27804,2025-06-01,2026-06-30,0.26132930513595165,0.2584160552438498,0.25640195655301395,0.16648683642641346,동대문구,서울특별시 동대문구 청계천로 471,37.57014847,127.02992249,2020-09-21 00:00:00,10.0,QR,395,70.38987341772152,7.038987341772152,5,5,2,3,5,20,4.05,집중,1
1124,1124. 발산역 6번 출구 뒤,72977,2025-06-01,2026-06-30,0.12767036189484357,0.3595790454526769,0.25666990969757597,0.1763569343765844,강서구,서울특별시 강서구 공항대로 280,37.55817795,126.8384552,2017-04-24 09:47:07,6.0,QR,395,184.75189873417722,30.79198312236287,5,2,5,3,5,20,4.05,집중,1
565,565. 옥수역 3번출구,37283,2025-06-01,2026-06-30,0.11734570715875868,0.37134887214011747,0.30882707936593085,0.2093983853230695,성동구,서울특별시 성동구 옥수동 192-2,37.54136658,127.01776123,2016-07-06 12:00:00,19.0,QR,395,94.3873417721519,4.9677548301132575,5,2,5,5,4,21,4.05,집중,1
5087,5087. 연세강서빌딩,28395,2025-06-01,2026-06-30,0.2970241239654869,0.2315548512061983,0.2469801021306568,0.1145976404296531,강서구,방화동835-7,37.57625198,126.81734467,2022-08-31 00:00:00,8.0,QR,395,71.88607594936708,8.985759493670885,5,5,2,3,5,20,4.05,집중,1
3939,3939.신도림역 3번출구,67072,2025-06-01,2026-06-30,0.12498509064885496,0.41962368797709926,0.2457806536259542,0.1426973998091603,구로구,구로구 새말로 117-23,37.50760651,126.89134979,2024-07-24 00:00:00,15.0,QR,395,169.80253164556962,11.320168776371307,5,2,5,3,5,20,4.05,집중,1
1011,1011. LIGA 아파트 앞,44309,2025-06-01,2026-06-30,0.20140377801349613,0.2665598411158004,0.24272721117605903,0.20336726173012254,강동구,서울특별시 강동구 천호대로 1120,37.53474426,127.13528442,2017-04-19 14:48:48,20.0,LCD,395,112.1746835443038,5.60873417721519,5,4,3,3,5,20,4.05,집중,1
548,548. 자양나들목,29111,2025-06-01,2026-06-30,0.27367661708632474,0.24430627597815258,0.28820720689773627,0.18480986568651026,광진구,서울특별시 광진구 자양동 738 자양나들목,37.5297699,127.07485962,2016-06-29 12:00:00,20.0,LCD,395,73.69873417721519,3.6849367088607594,5,5,2,5,4,21,4.05,집중,0
4543,4543. 오목교역 6번 출구,53602,2025-06-01,2026-06-30,0.13700981306667662,0.3676168799671654,0.2516510577963509,0.23245401290996603,양천구,양천구 신목로 102,37.5236702,126.87567139,2022-10-20 00:00:00,9.0,QR,395,135.70126582278482,15.077918424753868,5,2,5,3,5,20,4.05,집중,1
3794,3794. 안양천합수부(현대3차아파트),24446,2025-06-01,2026-06-30,0.23484414628160027,0.26818293381330277,0.32017507976765114,0.2028961793340424,강서구,강서구 염창동 222,37.55195236,126.87670898,2020-12-21 00:00:00,20.0,QR,395,61.88860759493671,3.0944303797468353,5,4,3,5,4,21,4.05,집중,3
3757,3757. 신방화역 6번출구,24652,2025-06-01,2026-06-30,0.1463167288658121,0.3728703553464222,0.2508518578614311,0.12923900697712154,강서구,방화대로294,37.56692886,126.81684113,2021-06-25 00:00:00,10.0,QR,395,62.41012658227848,6.241012658227848,5,2,5,3,5,20,4.05,집중,1
1319,1319. 종암박스파크,19868,2025-06-01,2026-06-30,0.23404469498691363,0.2659553050130864,0.2851822025367425,0.1734950674451379,성북구,서울특별시 성북구 종암로 147 성북구 하월곡동 104-134,37.6030426,127.03327179,2017-04-26 14:54:32,10.0,QR,395,50.29873417721519,5.029873417721519,4,4,3,5,5,21,4.05,집중,0
573,573. 구의문주차장 앞,27707,2025-06-01,2026-06-30,0.23990327354098243,0.26895730320857547,0.24636373479626086,0.17565958061139783,광진구,서울특별시 광진구 능동로 216 구의문주차장 앞,37.54523087,127.08473206,2016-07-06 00:00:00,10.0,QR,395,70.14430379746835,7.014430379746836,5,4,3,3,5,20,4.05,집중,1
1084,1084. 윤선생빌딩(JYP사옥),46577,2025-06-01,2026-06-30,0.13276939261867446,0.3700753590828091,0.24374691371277668,0.15325160486935613,강동구,강남대로207(윤선생빌딩),37.5239296,127.1291275,2020-01-08 00:00:00,20.0,QR,395,117.91645569620253,5.895822784810127,5,2,5,3,5,20,4.05,집중,1
1106,1106. 신방화사거리,39587,2025-06-01,2026-06-30,0.21883446586000455,0.2693561017505747,0.250511531563392,0.14214262257811908,강서구,서울특별시 강서구 방화대로 342,37.57256317,126.81642151,2017-06-20 10:00:10,10.0,QR,395,100.22025316455696,10.022025316455696,5,4,3,3,5,20,4.05,집중,1
498,498.연남동주민센터 앞,25464,2025-06-01,2026-06-30,0.15237197612315426,0.2974787935909519,0.2514530317310713,0.1424363807728558,마포구,마포구 연남동 250-11,37.56465149,126.92212677,2020-04-08 00:00:00,10.0,QR,395,64.46582278481013,6.446582278481013,5,3,4,3,5,20,4.05,집중,1
2264,2264. 이수역 1번출구,27504,2025-06-01,2026-06-30,0.1787739965095986,0.3170447934845841,0.2572716695753345,0.18480948225712623,서초구,서울특별시 서초구 동작대로 134,37.48897171,126.98271942,2017-06-22 13:52:40,9.0,LCD,395,69.63037974683544,7.736708860759494,5,3,4,3,5,20,4.05,집중,1
2824,2824.미래사랑어린이공원 앞,41804,2025-06-01,2026-06-30,0.13470002870538705,0.3891254425413836,0.2472729882307913,0.19431154913405416,구로구,구로구 신도림동 314-2,37.51006317,126.88956451,2020-03-04 00:00:00,10.0,QR,395,105.83291139240507,10.583291139240506,5,2,5,3,5,20,4.05,집중,1
1078,1078.둔촌사거리,49945,2025-06-01,2026-06-30,0.16686354990489538,0.2732005205726299,0.3095004504955451,0.18262088297126838,강동구,성내동 449-22 ,37.52197647,127.13362122,2020-01-14 00:00:00,25.0,QR,395,126.44303797468355,5.057721518987342,5,3,3,5,5,21,4.0,집중,1
2219,"2219. 고속터미널역 8-1번, 8-2번 출구 사이",41028,2025-06-01,2026-06-30,0.07095154528614604,0.3951204055766793,0.32594813298235353,0.19589061128985083,서초구,서울특별시 서초구 신반포로 지하 188,37.50619888,127.0039444,2017-06-01 10:20:39,20.0,LCD,395,103.86835443037975,5.193417721518988,5,1,5,5,5,21,4.0,집중,1
4565,4565. 영등포 신세계백화점,66307,2025-06-01,2026-06-30,0.05682657939584056,0.43514259429622815,0.3354698598941288,0.13437495287073764,영등포구,영등포구 영등포4가 442-6,37.51803589,126.90364838,2021-05-18 00:00:00,10.0,QR,395,167.86582278481012,16.786582278481013,5,1,5,5,5,21,4.0,집중,1
5784,5784.한강버스 잠실 선착장,51916,2025-08-01,2026-06-30,0.05237306418059943,0.3671122582633485,0.4630557053702134,0.19884043454811617,송파구,송파구 한가람로 65 한강공원잠실안내센터,37.5177536,127.08446503,2025-08-01 00:00:00,30.0,QR,334,155.437125748503,5.181237524950101,5,1,5,5,5,21,4.0,집중,1
2620,2620. 송파나루역 4번 출구옆,61183,2025-06-01,2026-06-30,0.15772355065949692,0.2909631760456336,0.28422927937498976,0.23034176160044456,송파구,송파구 송파동 3-15,37.50997925,127.11231232,2018-11-14 00:00:00,12.0,LCD,395,154.89367088607594,12.907805907172994,5,3,3,5,5,21,4.0,집중,1
1643,1643. 태릉입구역 8번출구,24810,2025-06-01,2026-06-30,0.08210399032648126,0.3399838774687626,0.2827891979040709,0.2536880290205562,노원구,서울특별시 노원구 공릉동 687-6 태릉입구역 8번출구,37.61736679,127.07521057,2017-11-01 16:00:00,10.0,LCD,395,62.81012658227848,6.281012658227848,5,1,5,5,5,21,4.0,집중,3
2176,2176. 보라매공원 보도육교,35163,2025-06-01,2026-06-30,0.2007792281659699,0.2625487017603731,0.29181241646048406,0.20410658931262976,관악구,서울특별시 관악구 신사로 132,37.48899078,126.91638184,2017-12-22 14:39:22,15.0,LCD,395,89.02025316455696,5.934683544303797,5,4,2,5,5,21,4.0,집중,1
5515,5515.한강버스 망원 선착장,97178,2025-08-01,2026-06-30,0.04241700796476569,0.3652678589804277,0.44060384037539363,0.22413509230484266,마포구,마포구 마포나루길 429,37.55466461,126.89590454,2025-08-01 00:00:00,30.0,QR,334,290.9520958083832,9.698403193612773,5,1,5,5,5,21,4.0,집중,1
1251,1251. 석촌역 2번출구,34142,2025-06-01,2026-06-30,0.12043816999589949,0.32584500029289437,0.29022904340694744,0.2142522406420245,송파구,서울특별시 송파구 송파동 68 ,37.50593185,127.10774994,2017-11-01 16:00:00,10.0,LCD,395,86.43544303797468,8.643544303797468,5,2,4,5,5,21,4.0,집중,1
1269,1269. 리센츠아파트 ,22859,2025-06-01,2026-06-30,0.16238680607200665,0.2790585764906601,0.2891640054245593,0.19235312130889365,송파구,서울특별시 송파구 올림픽로 135,37.51194382,127.09121704,2017-11-01 16:00:00,10.0,LCD,395,57.870886075949365,5.787088607594937,5,3,3,5,5,21,4.0,집중,3
1235,1235. 잠실트리지움310동 옆,27863,2025-06-01,2026-06-30,0.11671392168826042,0.30370024764023973,0.29619926066826974,0.22976707461508092,송파구,서울특별시 송파구 잠실로 62,37.50887299,127.08716583,2017-04-24 13:38:59,14.0,QR,395,70.53924050632911,5.038517179023508,5,2,4,5,5,21,4.0,집중,3
1297,1297. 석촌호수교차로(동호 팔각정 앞),37867,2025-06-01,2026-06-30,0.13653048828795522,0.3215464652599889,0.30580716719042966,0.2308342356141231,송파구,송파구 잠실동 48,37.50920105,127.10411835,2018-09-07 00:00:00,15.0,LCD,395,95.86582278481012,6.391054852320675,5,2,4,5,5,21,4.0,집중,1
1232,1232. 잠실주공 521동 건너편,35111,2025-06-01,2026-06-30,0.07111731366238501,0.39508985787929707,0.3097319928227621,0.09492751559340377,송파구,서울특별시 송파구 석촌호수로12길 3-19,37.51184082,127.09568787,2017-06-22 10:20:39,10.0,LCD,395,88.88860759493672,8.88886075949367,5,1,5,5,5,21,4.0,집중,1
1222,1222. 잠실새내역 5번 출구 뒤,55811,2025-06-01,2026-06-30,0.10951246170109835,0.3239146404830589,0.2830624787228324,0.2165881277884288,송파구,서울특별시 송파구 백제고분로 95,37.51198196,127.08505249,2017-04-24 13:32:53,23.0,LCD,395,141.29367088607594,6.143203082003302,5,2,4,5,5,21,4.0,집중,1
1637,1637. KT 전화국 버스정류장 옆,42925,2025-06-01,2026-06-30,0.0720326150262085,0.3514502038439138,0.28575422248107163,0.20284216656959814,노원구,서울특별시 노원구 노해로 489 노원구 상계동 719-1,37.65470123,127.06340027,2017-05-08 14:15:15,9.0,LCD,395,108.67088607594937,12.074542897327708,5,1,5,5,5,21,4.0,집중,1
2002,2002. 노들역 1번출구,35169,2025-06-01,2026-06-30,0.13449344593249737,0.3265944439705422,0.35559725894964317,0.22482868435269698,동작구,서울특별시 동작구 노량진로 지하 238,37.51284409,126.95246887,2017-05-12 10:56:26,17.0,LCD,395,89.03544303797469,5.237379002233805,5,2,4,5,5,21,4.0,집중,1
3904,3904. 테크노마트 앞,28211,2025-06-01,2026-06-30,0.08865336216369502,0.356385806954734,0.30034383751019106,0.22420332494417072,구로구,서울 구로구 구로동 1-2,37.50624084,126.8911438,2020-11-02 00:00:00,10.0,QR,395,71.42025316455697,7.142025316455697,5,1,5,5,5,21,4.0,집중,1
5651,5651.한강버스 옥수 선착장,48408,2025-09-15,2026-06-30,0.058750619732275654,0.3705999008428359,0.3942323582878863,0.19622789621550157,성동구,성동구 옥수동 490-7,37.53970718,127.01789856,2025-09-15 00:00:00,20.0,QR,289,167.50173010380624,8.375086505190312,5,1,5,5,5,21,4.0,집중,1
1218,1218. 방이역 4번출구,31988,2025-06-01,2026-06-30,0.10463298737026384,0.339877454045267,0.2996748780792797,0.22502188320620234,송파구,서울특별시 송파구 양재대로 지하 1127,37.50896835,127.12583923,2017-06-27 13:35:15,12.0,LCD,395,80.98227848101266,6.748523206751055,5,1,5,5,5,21,4.0,집중,1
5752,5752. 풍납백제문화공원 옆 인근,33268,2025-06-01,2026-06-30,0.24783575808584826,0.22526151256462668,0.2919321870866899,0.173229529878562,송파구,풍납동 219-3,37.53488159,127.11522675,2022-05-19 00:00:00,6.0,QR,395,84.22278481012658,14.037130801687765,5,5,1,5,5,21,4.0,집중,1
154,154. 마포구청역 ,29409,2025-06-01,2026-06-30,0.11411472678431772,0.2985820667142711,0.3132034411234656,0.21228195450372336,마포구,서울특별시 마포구 망원동 477-23,37.56090927,126.90549469,2016-06-29 12:00:00,13.0,LCD,395,74.45316455696202,5.727166504381694,5,2,4,5,5,21,4.0,집중,3
1959,1959. 구로구의회 앞,19397,2025-06-01,2026-06-30,0.20348507501159974,0.2986028767335155,0.21281641490952208,0.1480641336289117,구로구,서울특별시 구로구 가마산로25길 9-24,37.49651337,126.88957214,2017-11-13 09:34:47,9.0,QR,395,49.10632911392405,5.456258790436006,4,4,4,2,5,19,4.0,집중,0
2621,2621. 한성백제역 2번 출구,40094,2025-06-01,2026-06-30,0.13036863371077967,0.32820372125505065,0.36182471192697163,0.15835287075372873,송파구,송파구 방이동 11,37.51665878,127.11625671,2018-11-14 00:00:00,15.0,LCD,395,101.50379746835443,6.766919831223629,5,2,4,5,5,21,4.0,집중,1
907,907. CJ 드림시티,41059,2025-06-01,2026-06-30,0.11473732920918678,0.30855598041842225,0.3024184709807837,0.27548162400448134,은평구,서울특별시 은평구 역촌동 43-11 CJ 드림시티,37.59949112,126.91686249,2016-09-02 11:00:00,10.0,LCD,395,103.94683544303797,10.394683544303797,5,2,4,5,5,21,4.0,집중,1
5153,5153.한강버스 뚝섬 선착장,58351,2025-08-01,2026-06-30,0.030864938047334235,0.3845178317423866,0.40967592671933645,0.2578876111806139,광진구,광진구 강변북로 2216,37.52961349,127.06626129,2025-08-01 00:00:00,30.0,QR,334,174.70359281437126,5.823453093812375,5,1,5,5,5,21,4.0,집중,1
3002,3002.벽산상암스마트큐브 ,30128,2025-06-01,2026-06-30,0.1307421667551779,0.31980217737652683,0.29809479553903345,0.2215215082315454,마포구,마포구 성산동 593-1,37.5650444,126.9036026,2020-04-06 00:00:00,10.0,QR,395,76.27341772151898,7.627341772151898,5,2,4,5,5,21,4.0,집중,1
765,765. 오목교역 3번출구,66480,2025-06-01,2026-06-30,0.09293020457280385,0.34983453670276776,0.29126052948255116,0.26598977135980745,양천구,서울특별시 양천구 목동동로 270,37.52477646,126.87548065,2019-01-02 00:00:00,12.0,LCD,395,168.30379746835442,14.025316455696201,5,1,5,5,5,21,4.0,집중,1
769,769.CBS방송국 앞,69556,2025-06-01,2026-06-30,0.056860659037322445,0.4182097877968831,0.3147104491345103,0.15000862614296395,양천구,양천구 목동 917-1,37.52785492,126.87467194,2020-03-15 00:00:00,20.0,QR,395,176.09113924050632,8.804556962025316,5,1,5,5,5,21,4.0,집중,1
3511,3511. 응봉역 1번출구,41189,2025-06-01,2026-06-30,0.14996722425890407,0.29245672388259003,0.3573526912525189,0.21806793075821215,성동구,서울특별시 성동구 고산자로 123 응봉동 3-10,37.55125046,127.03510284,2017-11-01 16:00:00,10.0,LCD,395,104.27594936708861,10.42759493670886,5,3,3,5,5,21,4.0,집중,1
780,780.신정교 하부,37098,2025-06-01,2026-06-30,0.16847269394576528,0.2808237640843172,0.3478624184592161,0.16639711035635343,양천구,양천구 신정동 871-37,37.5173378,126.8776474,2020-03-11 00:00:00,15.0,QR,395,93.91898734177215,6.26126582278481,5,3,3,5,5,21,4.0,집중,1
5890,5890.여의나루역 3번출구,19097,2025-09-09,2026-06-30,0.10896999528721789,0.38911870974498614,0.37655129077865634,0.17987118395559512,영등포구,영등포구 여의동로 334-2 가로판매대40,37.52645493,126.93336487,2025-09-10 00:00:00,11.0,QR,295,64.73559322033898,5.885053929121725,5,1,5,5,5,21,4.0,집중,3
2632,2632.석촌고분역 2번 출구,31895,2025-06-01,2026-06-30,0.1906254898886973,0.26524533625960184,0.28277159429377646,0.19335319015519675,송파구,백제고분로 275,37.50264359,127.09739685,2020-01-17 00:00:00,9.0,QR,395,80.74683544303798,8.971870604781998,5,4,2,5,5,21,4.0,집중,1
4037,4037. 물넘이교,31609,2025-06-01,2026-06-30,0.19307792084532885,0.25369356828751305,0.29447309310639375,0.1840298649118922,노원구,서울특별시 노원구 노원구 중계동 588-5,37.65408325,127.07195282,2021-06-01 00:00:00,15.0,QR,395,80.02278481012658,5.334852320675106,5,4,2,5,5,21,4.0,집중,1
583,583. 청계천 생태교실 앞,62641,2025-06-01,2026-06-30,0.11117319327596942,0.3326255966539487,0.3665011733529158,0.2262894909085104,성동구,서울특별시 성동구 마장로39길 51 청계천 생태교실 앞,37.56797028,127.04689026,2016-07-06 12:00:00,20.0,LCD,395,158.58481012658228,7.929240506329114,5,2,4,5,5,21,4.0,집중,1
5891,5891.한강버스 여의도 선착장,61488,2025-09-11,2026-06-30,0.02631407754358574,0.3705113192818111,0.42714025500910746,0.20465781941191777,영등포구,영등포구 여의도동 85-6,37.52816391,126.93422699,2025-09-11 00:00:00,30.0,QR,293,209.8566552901024,6.995221843003413,5,1,5,5,5,21,4.0,집중,1
576,576. 광나루역 3번 출구,26032,2025-06-01,2026-06-30,0.15865089121081746,0.28276736324523666,0.28680086047940995,0.2092040565457898,광진구,서울특별시 광진구 아차산로 552 광나루역 3번 출구,37.54483032,127.10426331,2016-07-06 12:00:00,10.0,LCD,395,65.90379746835443,6.590379746835443,5,3,3,5,5,21,4.0,집중,1
4217,4217. 한강공원 망원나들목,69466,2025-06-01,2026-06-30,0.06934327584717703,0.34506089309878213,0.39387614084588146,0.2784959548556128,마포구,마포구 망원동 462-8,37.55557632,126.89688873,2021-09-14 00:00:00,20.0,QR,395,175.86329113924052,8.793164556962026,5,1,5,5,5,21,4.0,집중,1
561,561. 서울숲역 2번출구 앞,20880,2025-06-01,2026-06-30,0.19956896551724138,0.32404214559386973,0.216044061302682,0.12725095785440613,성동구,서울특별시 성동구 왕십리로 64 서울숲역 2번출구 앞,37.54281616,127.0446701,2016-07-06 12:00:00,10.0,QR,395,52.860759493670884,5.286075949367088,4,4,4,2,5,19,4.0,집중,2
417,417. DMC역 2번출구 옆,18562,2025-06-01,2026-06-30,0.25740760693890746,0.37161943756060767,0.16075853895054412,0.13252882232518048,마포구,서울특별시 은평구 수색로 지하175,37.57506943,126.8999176,2015-10-07 11:42:23,20.0,QR,395,46.99240506329114,2.3496202531645567,4,5,5,1,3,18,4.0,집중,2
3796,3796. 송정역 3번출구 앞,20424,2025-06-01,2026-06-30,0.24613200156678416,0.2902467685076381,0.23124755189972582,0.17073051312181747,강서구,강서구 공항동 36-16,37.56087875,126.81354523,2020-12-21 00:00:00,8.0,QR,395,51.70632911392405,6.463291139240506,4,5,3,2,5,19,4.0,집중,0
792,792.목동트라팰리스 웨스턴에비뉴,70074,2025-06-01,2026-06-30,0.04448154807774638,0.36950937580272286,0.2874104518080886,0.17490081913405828,양천구,오목로299(이마트 출입구측),37.52537155,126.8709259,2020-03-13 00:00:00,20.0,QR,395,177.4025316455696,8.87012658227848,5,1,5,5,5,21,4.0,집중,1
853,853.용산역 맞은편,40797,2025-06-01,2026-06-30,0.06983356619359267,0.37230678726376937,0.3531387111797436,0.2295757040958894,용산구,서울특별시 용산구 한강로2가 408-5,37.52848816,126.9658432,2020-04-07 00:00:00,19.0,QR,395,103.28354430379747,5.435976015989341,5,1,5,5,5,21,4.0,집중,1
870,870.노들섬 서측 앞,25568,2025-06-01,2026-06-30,0.020611702127659573,0.4664424280350438,0.4322199624530663,0.19504849812265332,용산구,서울특별시 용산구 이촌동 304-11,37.51731873,126.95829773,2020-04-03 00:00:00,10.0,QR,395,64.72911392405064,6.472911392405064,5,1,5,5,5,21,4.0,집중,3
184,184.망원우체국사거리 인근,28690,2025-06-01,2026-06-30,0.14064133844545137,0.30278842802370165,0.2950156849076333,0.20017427675148136,마포구,서울특별시 마포구 월드컵로 119,37.55894852,126.90775299,2016-07-06 12:00:00,9.0,QR,395,72.63291139240506,8.070323488045007,5,2,4,5,5,21,4.0,집중,1
278,278. 쌍용플레티넘오피스텔,34114,2025-06-01,2026-06-30,0.1681127982646421,0.27202907897051065,0.2890308964061676,0.2635574837310195,영등포구,서울특별시 영등포구 도영로 18,37.50793076,126.89523315,2017-11-28 11:55:19,10.0,QR,395,86.36455696202532,8.636455696202532,5,3,3,5,5,21,4.0,집중,1
1009,1009. 천호역4번출구(현대백화점),57506,2025-06-01,2026-06-30,0.09365979202170209,0.39402844920530034,0.28506590616631305,0.1857023614927138,강동구,서울특별시 강동구 천호대로 지하 997,37.53866577,127.12424469,2017-04-19 14:46:04,20.0,LCD,395,145.58481012658228,7.279240506329114,5,1,5,5,5,21,4.0,집중,1
106,106. 합정역 7번출구 앞,25910,2025-06-01,2026-06-30,0.05708220764183713,0.3669239675800849,0.3634118101119259,0.2720957159397916,마포구,서울특별시 마포구 독막로 4,37.54864502,126.91282654,2015-09-06 23:46:31,12.0,QR,395,65.59493670886076,5.466244725738396,5,1,5,5,5,21,4.0,집중,3
905,905. 구파발역 2번출구,24509,2025-06-01,2026-06-30,0.0761352972377494,0.37557631890326004,0.28773103757803253,0.24954098494430618,은평구,서울특별시 은평구 진관동 86-31 구파발역 2번출구,37.63623428,126.91899872,2016-09-02 11:00:00,10.0,QR,395,62.04810126582279,6.204810126582279,5,1,5,5,5,21,4.0,집중,3
1244,1244. 문정 법조단지8,31879,2025-06-01,2026-06-30,0.13177954139088427,0.30800840678816777,0.29737444712820355,0.2379936635402616,송파구,서울특별시 송파구 법원로 101,37.48153687,127.12212372,2017-06-27 13:56:41,11.0,LCD,395,80.70632911392406,7.3369390103567325,5,2,4,5,5,21,4.0,집중,1
2646,2646.레이크펠리스101동앞,43374,2025-06-01,2026-06-30,0.16401530871028727,0.27525706644533593,0.2894591229768986,0.1923041453405266,송파구,잠실로88,37.50775909,127.09129333,2020-01-16 00:00:00,15.0,QR,395,109.80759493670887,7.3205063291139245,5,3,3,5,5,21,4.0,집중,1
113,113. 홍대입구역 2번출구 앞,59869,2025-06-01,2026-06-30,0.1314536738545825,0.3851241878100519,0.22794768578062102,0.16098481685012278,마포구,서울특별시 마포구 양화로 165,37.5574379,126.9238205,2015-09-07 01:32:58,25.0,QR,395,151.56708860759494,6.062683544303797,5,2,5,2,5,19,3.95,집중,1
6177,6177. 마곡롯데캐슬르웨스트,33687,2025-06-01,2026-06-30,0.2385193101196307,0.2775254549232642,0.21224804820850773,0.13518567993588032,강서구,강서구 마곡동 767-4,37.56356049,126.82462311,2024-08-23 00:00:00,10.0,QR,395,85.28354430379747,8.528354430379746,5,4,3,2,5,19,3.95,집중,1
5896,5896.영등포구청역 6번출구,13206,2025-11-13,2026-06-30,0.1896107829774345,0.3117522338331062,0.21194911403907316,0.21679539603210662,영등포구,영등포구 당산로 95 현대아파트,37.52391434,126.89601135,2025-11-13 00:00:00,7.0,QR,230,57.417391304347824,8.202484472049688,5,3,4,2,5,19,3.95,집중,1
5870,5870. LG트윈타워 앞,39905,2025-06-01,2026-06-30,0.11311865680992357,0.4063149981205363,0.22598671845633378,0.0960280666583135,영등포구,여의대로 128,37.52834702,126.93008423,2023-07-06 00:00:00,10.0,QR,395,101.0253164556962,10.10253164556962,5,2,5,2,5,19,3.95,집중,1
560,560. 비전교회 앞,27924,2025-06-01,2026-06-30,0.31002005443346226,0.23538891276321444,0.23968629136226902,0.13697894284486464,성동구,서울특별시 성동구 동일로 213 비전교회 앞,37.55120468,127.06893158,2016-07-06 12:00:00,8.0,QR,395,70.69367088607595,8.836708860759494,5,5,2,2,5,19,3.95,집중,1
648,648. 장안동위더스빌옆,33994,2025-06-01,2026-06-30,0.2655468612108019,0.2534859092781079,0.23101135494499028,0.15261516738247927,동대문구,서울특별시 동대문구 한천로 42 장안동위더스빌옆,37.56669998,127.06242371,2017-11-28 11:36:57,15.0,LCD,395,86.06075949367089,5.7373839662447255,5,5,2,2,5,19,3.95,집중,1
1024,1024.  강동구청 앞,42209,2025-06-01,2026-06-30,0.16072401620507476,0.3346442701793456,0.2272501125352413,0.15937359330948375,강동구,서울특별시 성내동 546-3 ,37.52929688,127.12315369,2017-11-01 16:00:00,10.0,LCD,395,106.85822784810127,10.685822784810126,5,3,4,2,5,19,3.95,집중,1
708,708. 서울출입국관리사무소 앞,52154,2025-06-01,2026-06-30,0.1601986424818806,0.308279326609656,0.24025002876097712,0.16597001188787053,양천구,서울특별시 양천구 신정동 319-3,37.51897049,126.8699646,2016-06-29 12:00:00,16.0,LCD,395,132.0354430379747,8.252215189873418,5,3,4,2,5,19,3.95,집중,1
1198,1198. LG 사이언스파크,29807,2025-06-01,2026-06-30,0.2329654108095414,0.40359647062770493,0.10125138390311,0.07917603247559298,강서구,강서구 마곡동 727-925,37.56254959,126.82743835,2018-11-20 00:00:00,31.0,LCD,395,75.46075949367089,2.434218048182932,5,4,5,1,3,18,3.95,집중,2
1190,1190. 마곡역 교차로(2번출구),51145,2025-06-01,2026-06-30,0.1291230814351354,0.39771238635252715,0.23429465245869585,0.12988561931762635,강서구,강서구 마곡동 727-747 ,37.5605011,126.82665253,2018-11-20 00:00:00,14.0,LCD,395,129.48101265822785,9.24864376130199,5,2,5,2,5,19,3.95,집중,1
1173,1173. 강서구청사거리(SH타워),44097,2025-06-01,2026-06-30,0.2878880649477289,0.23085470666938793,0.23761253600018142,0.17082794747942037,강서구,강서구 공항대로 411 ,37.55673599,126.85307312,2018-10-04 00:00:00,15.0,LCD,395,111.6379746835443,7.44253164556962,5,5,2,2,5,19,3.95,집중,1
1167,1167. 마곡수명산파크3단지 교차로,48269,2025-06-01,2026-06-30,0.28558702272680186,0.23470550456814934,0.2378752408378048,0.12192090161387226,강서구,서울특별시 강서구 수명로 72,37.55350876,126.8258667,2017-12-22 14:34:09,15.0,LCD,395,122.2,8.146666666666667,5,5,2,2,5,19,3.95,집중,1
1166,1166. 강서구립등빛도서관,67255,2025-06-01,2026-06-30,0.2516838896736302,0.25789904096349714,0.2406363839119768,0.13600475801055684,강서구,서울특별시 강서구 강서로62길 48,37.56256866,126.84246063,2017-12-22 14:33:16,10.0,LCD,395,170.26582278481013,17.026582278481012,5,5,2,2,5,19,3.95,집중,1
1160,1160. 양천향교역 7번출구앞,67279,2025-06-01,2026-06-30,0.18325183192378008,0.3138423579423,0.21693247521514886,0.18476790677626004,강서구,서울특별시 강서구 양천로 지하 341,37.56768036,126.84089661,2017-11-28 10:13:34,20.0,QR,395,170.32658227848103,8.516329113924051,5,3,4,2,5,19,3.95,집중,1
1158,1158. 가양역 8번출구,51228,2025-06-01,2026-06-30,0.16338721011946591,0.33561724057156245,0.2235691418755368,0.21088076832981964,강서구,서울특별시 강서구 양천로 지하 485,37.56103516,126.85481262,2017-11-28 10:12:11,20.0,LCD,395,129.69113924050632,6.484556962025316,5,3,4,2,5,19,3.95,집중,1
5781,5781. 올림픽공원 수영장,49519,2025-06-01,2026-06-30,0.1587471475595226,0.31212261960055737,0.2309416587572447,0.15157818211191665,송파구,송파구 올림픽로 424,37.52157211,127.12688446,2024-05-14 00:00:00,14.0,QR,395,125.36455696202532,8.954611211573237,5,3,4,2,5,19,3.95,집중,1
1150,1150. 송정역 1번출구,34775,2025-06-01,2026-06-30,0.18542056074766355,0.29757009345794394,0.22625449317038102,0.24169662113587348,강서구,서울특별시 강서구 공항대로3길 18,37.56153107,126.81069946,2017-11-01 16:00:00,7.0,LCD,395,88.0379746835443,12.576853526220615,5,3,4,2,5,19,3.95,집중,1
414,414. 상암동주민센터 옆,22818,2025-06-01,2026-06-30,0.12582171969497766,0.3407397668507319,0.21855552633885528,0.20803751424314137,마포구,서울특별시 마포구 매봉산로2길 16,37.57822037,126.89447021,2015-10-07 11:42:29,8.0,QR,395,57.767088607594935,7.220886075949367,5,2,5,2,5,19,3.95,집중,1
1117,1117. 등촌5단지아파트 버스정류장,45000,2025-06-01,2026-06-30,0.16111111111111112,0.3002666666666667,0.21726666666666666,0.19411111111111112,강서구,서울특별시 강서구 공항대로 329,37.55819702,126.84426117,2017-06-22 10:14:01,10.0,LCD,395,113.92405063291139,11.39240506329114,5,3,4,2,5,19,3.95,집중,1
1112,1112. 마곡엠밸리4단지 정문,54666,2025-06-01,2026-06-30,0.15042256612885524,0.3154794570665496,0.23813705045183478,0.22383199795119452,강서구,서울특별시 강서구 마곡서로 175,37.56857681,126.8247757,2017-04-24 09:36:50,15.0,QR,395,138.39493670886077,9.22632911392405,5,3,4,2,5,19,3.95,집중,1
1013,1013. 강동구청역 1번 출입구,31786,2025-06-01,2026-06-30,0.18297363619203422,0.31564210658780595,0.2142767256024665,0.13833134084188006,강동구,서울특별시 강동구 올림픽로 지하 550,37.53071594,127.12098694,2017-04-19 14:50:15,15.0,LCD,395,80.47088607594937,5.364725738396625,5,3,4,2,5,19,3.95,집중,1
1169,1169. 염창역 1번 출구,26184,2025-06-01,2026-06-30,0.1335930339138405,0.37259395050412464,0.23842804766269476,0.17697830736327527,강서구,강서구 공항대로 625,37.54719925,126.87448883,2018-10-04 00:00:00,8.0,LCD,395,66.2886075949367,8.286075949367088,5,2,5,2,5,19,3.95,집중,1
6190,6190.마곡광장(마곡나루역 6번출구),11011,2025-11-21,2026-06-30,0.31423122332213244,0.31641086186540734,0.18499682136045772,0.10271546635182999,강서구,강서구 마곡중앙5로 9 마곡중앙광장,37.56614685,126.82738495,2025-11-21 00:00:00,10.0,QR,222,49.5990990990991,4.95990990990991,4,5,4,1,4,18,3.95,집중,0
4373,4373. 서울숲 지식산업센터,27801,2025-06-01,2026-06-30,0.15510233444840113,0.30761483399877704,0.20952483723607065,0.14657746124240134,성동구,서울특별시 성동구 서울 성동구 성수일로 10. 서울숲 itct 지식산업센터 앞,37.54127502,127.04849243,2021-10-27 00:00:00,11.0,QR,395,70.38227848101266,6.3983889528193325,5,3,4,2,5,19,3.95,집중,1
3680,3680. 강동역3번출구,43786,2025-06-01,2026-06-30,0.19956150367697437,0.29482026218425983,0.21625633764216873,0.2036724067053396,강동구,강동구 성내동 192-8,37.53541565,127.13309479,2021-04-14 00:00:00,6.0,QR,395,110.85063291139241,18.475105485232067,5,4,3,2,5,19,3.95,집중,1
4571,4571. 문래동롯데캐슬아파트,51277,2025-06-01,2026-06-30,0.2770247869415137,0.2602921387756694,0.2272753866255826,0.1070655459562767,영등포구,영등포구 선유로9길 30,37.51800156,126.88459778000001,2021-05-17 00:00:00,10.0,QR,395,129.81518987341772,12.981518987341772,5,5,2,2,5,19,3.95,집중,1
2255,2255. 양재시민의숲역 1번출구,24789,2025-06-01,2026-06-30,0.2509177457743354,0.3182459962079955,0.20420347734882408,0.12287708257694946,서초구,서울특별시 서초구 매헌로 지하 116,37.47016525,127.03862,2017-06-01 10:46:55,25.0,LCD,395,62.756962025316454,2.510278481012658,5,5,4,1,3,18,3.95,집중,0
2377,2377. 수서역 5번출구,35048,2025-06-01,2026-06-30,0.12671193791371832,0.38458685231682266,0.23599064140607168,0.1412919424788861,강남구,서울특별시 강남구 수서동 724-4,37.48735046,127.10232544,2017-11-01 16:00:00,9.0,LCD,395,88.72911392405064,9.858790436005627,5,2,5,2,5,19,3.95,집중,1
4556,4556. 리버뷰신안인스빌1차 후문,18647,2025-06-01,2026-06-30,0.27934788437818414,0.2996192417010779,0.1669437443020325,0.07765324180833379,영등포구,영등포구 경인로77길 49,37.51374817,126.88851166,2020-12-22 00:00:00,10.0,QR,395,47.20759493670886,4.720759493670886,4,5,4,1,4,18,3.95,집중,0
4137,4137. 답십리역 4번출구,45845,2025-06-01,2026-06-30,0.1363289344530483,0.3572690587850365,0.22669865852328497,0.21891154978732685,동대문구,동대문구 답십리동493-1,37.56600189,127.05431366,2024-08-15 00:00:00,10.0,QR,395,116.0632911392405,11.606329113924051,5,2,5,2,5,19,3.95,집중,1
243,243. 이앤씨드림타워 앞,46132,2025-06-01,2026-06-30,0.1218676840371109,0.3728864996098153,0.23380733547212348,0.1504161969999133,영등포구,서울특별시 영등포구 양평동3가 48-1,37.52708435,126.89138031,2016-06-29 12:00:00,15.0,LCD,395,116.78987341772152,7.785991561181435,5,2,5,2,5,19,3.95,집중,1
2913,2913.상계8동 주민센터,22735,2025-06-01,2026-06-30,0.25568506707719374,0.24578843193314273,0.26980426654937323,0.15100065977567628,노원구,서울특별시 노원구 동일로227길 85 상계주공11단지아파트,37.66712952,127.05176544,2020-03-23 00:00:00,17.0,QR,395,57.55696202531646,3.385703648548027,5,5,2,4,4,20,3.95,집중,0
4036,4036. 하계역 6번출구,22811,2025-06-01,2026-06-30,0.13296216737538907,0.34728858883871816,0.23208101354609617,0.18692735960720705,노원구,서울특별시 노원구 노원구 하계동 273-5,37.63793945,127.06715393,2021-04-27 00:00:00,9.0,QR,395,57.74936708860759,6.416596343178622,5,2,5,2,5,19,3.95,집중,1
2639,2639.석촌역 8번출구,45582,2025-06-01,2026-06-30,0.18182615944890526,0.31931464174454827,0.23943661971830985,0.18318634548725374,송파구,송파구 석촌동 209,37.50550461,127.10657501,2020-01-17 00:00:00,18.0,QR,395,115.39746835443037,6.410970464135021,5,3,4,2,5,19,3.95,집중,1
284,284. 센트럴 푸르지오 시티 앞,30064,2025-06-01,2026-06-30,0.16987094199042044,0.32819984034060673,0.26869345396487493,0.24464475784992018,영등포구,문래로 180,37.51821136,126.90222931,2018-09-28 00:00:00,16.0,LCD,395,76.11139240506328,4.756962025316455,5,3,4,4,4,20,3.95,집중,3
4540,4540. 목동역 3번 출구,40301,2025-06-01,2026-06-30,0.1398476464603856,0.3475348006252947,0.21498225850475175,0.23009354606585444,양천구,양천구 목동 926-3,37.52653122,126.86445618,2022-07-18 00:00:00,10.0,QR,395,102.02784810126582,10.202784810126582,5,2,5,2,5,19,3.95,집중,1
4460,4460. 올림픽훼미리아파트 112동 앞,14246,2025-06-01,2026-06-30,0.20883054892601433,0.35181805419065,0.1957040572792363,0.13863540642987504,송파구,중대로24,37.48807144,127.11863708,2021-01-05 00:00:00,8.0,QR,395,36.06582278481012,4.508227848101265,4,4,5,1,4,18,3.95,집중,2
275,275. 신동아아파트,37953,2025-06-01,2026-06-30,0.2107870260585461,0.27278476009801594,0.23149685136879825,0.1685242273338076,영등포구,서울특별시 영등포구 선유서로 76,37.52269745,126.88568115,2017-11-28 11:53:04,10.0,LCD,395,96.08354430379747,9.608354430379746,5,4,3,2,5,19,3.95,집중,1
1328,1328. 월곡역 3번출구,27259,2025-06-01,2026-06-30,0.17157636010125096,0.33119336732822185,0.21776294068014235,0.21552514765765435,성북구,서울특별시 성북구 월곡로 지하 107 성북구 하월곡동 37-4,37.6026268,127.04163361,2017-06-27 15:08:09,10.0,LCD,395,69.01012658227847,6.901012658227847,5,3,4,2,5,19,3.95,집중,1
4574,4574. 영등포시장역 포레나영등포,54936,2025-06-01,2026-06-30,0.18738168050094656,0.3229758264161934,0.24046162807630697,0.17398427260812582,영등포구,영등포구 영등포동7가 23-4,37.52341461,126.90540314,2021-05-17 00:00:00,9.0,QR,395,139.07848101265822,15.453164556962024,5,3,4,2,5,19,3.95,집중,1
1962,1962. 가리봉동주민센터,19322,2025-06-01,2026-06-30,0.20706966152572198,0.34680674878376977,0.12643618673015217,0.10407825276886451,구로구,서울특별시 구로구 디지털로26길 5,37.48160172,126.89279938,2017-11-13 09:38:03,15.0,LCD,395,48.91645569620253,3.2610970464135023,4,4,5,1,4,18,3.95,집중,2
4964,4964.암사역사공원역 1번출구 A,19460,2025-06-01,2026-06-30,0.20878725590955807,0.4156217882836588,0.16495375128468653,0.14522096608427543,강동구,암사동 400-3,37.55728912,127.13895416,2025-05-23 00:00:00,10.0,QR,395,49.265822784810126,4.926582278481012,4,4,5,1,4,18,3.95,집중,2
1901,1901. 신도림동주민센터 앞,24615,2025-06-01,2026-06-30,0.2487101360958765,0.25504773512086126,0.23022547227300427,0.1225269144830388,구로구,서울특별시 구로구 신도림로 40,37.50733185,126.87973022,2017-05-11 11:14:52,10.0,LCD,395,62.31645569620253,6.2316455696202535,5,5,2,2,5,19,3.95,집중,0
3864,3864. 광진소방서 앞,22952,2025-06-01,2026-06-30,0.29513767863367024,0.246775880097595,0.2289560822586267,0.14007493900313697,광진구,서울특별시 광진구 광진구 광나루로 486,37.5450058,127.08337402,2020-12-09 00:00:00,11.0,QR,395,58.10632911392405,5.282393555811277,5,5,2,2,5,19,3.95,집중,0
3798,3798. 그랜드아이파크아파트 앞,63748,2025-06-01,2026-06-30,0.29944468846081446,0.24043107234736777,0.22618748823492502,0.1604913095312794,강서구, ,37.55510712,126.85154724,2020-12-21 00:00:00,11.0,QR,395,161.3873417721519,14.671576524741083,5,5,2,2,5,19,3.95,집중,1
1688,1688. 마들역 7번출구,28696,2025-06-01,2026-06-30,0.16936158349595762,0.32596877613604686,0.23215779202676332,0.16664343462503484,노원구,서울특별시 노원구 동일로 지하 1530-1 마들역 7번출구,37.66566086,127.05729675,2018-11-02 00:00:00,9.0,QR,395,72.64810126582279,8.072011251758088,5,3,4,2,5,19,3.95,집중,1
5065,5065. 허준박물관삼거리,22157,2025-06-01,2026-06-30,0.25716477862526516,0.23843480615606805,0.2272870876021122,0.16148395540912577,강서구,강서구 가양동 1500-1,37.56724548,126.85038757,2021-09-27 00:00:00,10.0,QR,395,56.09367088607595,5.609367088607595,5,5,2,2,5,19,3.95,집중,0
3988,3988. 엘아르베뉴 102동 앞,11476,2025-06-01,2026-06-30,0.2678633670268386,0.329121645172534,0.18020216103171838,0.14403973509933773,금천구,금천구 가산로9길 109,37.47452545,126.88707733,2023-05-23 00:00:00,5.0,QR,395,29.053164556962024,5.810632911392405,3,5,4,1,5,18,3.95,집중,0
3989,3989.가산디지털단지역 9번출구 앞,11985,2025-09-09,2026-06-30,0.30988735919899874,0.32657488527325823,0.11355861493533584,0.14926992073425116,금천구,금천구 가산디지털1로 168 우림라이온스밸리,37.48055267,126.88175964,2025-09-10 00:00:00,10.0,QR,295,40.6271186440678,4.06271186440678,4,5,4,1,4,18,3.95,집중,0
2724,2724.(재)FITI시험연구원,23311,2025-06-01,2026-06-30,0.36326197932306636,0.31148384882673413,0.11797005705460942,0.07648749517395222,강서구,강서구 마곡동 727-211,37.56848526,126.83856964,2020-03-20 00:00:00,25.0,QR,395,59.01518987341772,2.3606075949367087,5,5,4,1,3,18,3.95,집중,0
4926,4926. 대치우성아파트 사거리,17025,2025-06-01,2026-06-30,0.19723935389133626,0.35853157121879586,0.18754772393538913,0.1362114537444934,강남구,강남구 영동대로 230,37.50099564,127.06803894,2023-07-07 00:00:00,10.0,QR,395,43.10126582278481,4.310126582278481,4,4,5,1,4,18,3.95,집중,2
263,263. 근로자회관 사거리,45137,2025-06-01,2026-06-30,0.15339964995458272,0.32064603318785034,0.23107428495469348,0.18563484502736113,영등포구,서울특별시 영등포구 선유로 34,37.51715088,126.8886261,2016-07-06 12:00:00,12.0,QR,395,114.27088607594936,9.522573839662448,5,3,4,2,5,19,3.95,집중,1
3548,3548.뚝섬역 6번출구,27519,2025-06-01,2026-06-30,0.17504269777244813,0.33460518187434135,0.23034994004142592,0.1379773974344998,성동구,서울특별시 성동구 뚝섬로1길 63 영창디지털타워,37.54695892,127.04766846,2020-06-05 00:00:00,10.0,QR,395,69.66835443037975,6.966835443037975,5,3,4,2,5,19,3.95,집중,1
5859,5859. 여의도 삼부아파트,21748,2025-06-01,2026-06-30,0.1424498804487769,0.34679050947213536,0.27492183189258784,0.12925326466801546,영등포구,여의도동 30-2,37.52539444,126.93045807,2022-10-18 00:00:00,10.0,QR,395,55.05822784810127,5.505822784810126,4,2,5,4,5,20,3.9499999999999997,집중,1
4210,4210. 가좌행복주택 앞,13982,2025-06-01,2026-06-30,0.2872264339865541,0.23809183235588613,0.26419682448862825,0.17036189386353884,마포구,마포구 중동 275,37.56949234,126.91184235,2020-12-02 00:00:00,7.0,QR,395,35.39746835443038,5.056781193490054,4,5,2,4,5,20,3.9499999999999997,집중,0
213,213. KT앞,31572,2025-06-01,2026-06-30,0.2855378183200304,0.2694792854427974,0.14839097934879006,0.07842391992905105,영등포구,서울특별시 영등포구 여의대로 38,37.52190781,126.91895294,2015-09-17 15:13:35,19.0,QR,395,79.92911392405064,4.206795469686876,5,5,3,1,4,18,3.9000000000000004,집중,0
3760,3760. 발산역 8번 출구,28299,2025-06-01,2026-06-30,0.26456765256722853,0.27138768154351744,0.20354076115763808,0.16406940174564472,강서구,마곡동727-1222,37.55846024,126.83676147,2020-11-23 00:00:00,17.0,QR,395,71.64303797468355,4.214296351451973,5,5,3,1,4,18,3.9000000000000004,집중,0
1152,1152. 마곡역교차로,54446,2025-06-01,2026-06-30,0.15437314035925503,0.3767218895786651,0.19018844359548912,0.13058810564596113,강서구,서울특별시 강서구 마곡동 728-168,37.55831146,126.82652283,2017-11-01 16:00:00,30.0,QR,395,137.8379746835443,4.594599156118144,5,3,5,1,4,18,3.9000000000000004,집중,1
3581,3581.광진광장,27984,2025-06-01,2026-06-30,0.2219839908519154,0.32100485991995426,0.207868782161235,0.17749428244711263,광진구,서울특별시 광진구 군자동 374-10,37.54747009,127.07396698,2020-04-16 00:00:00,15.0,QR,395,70.84556962025316,4.723037974683544,5,4,4,1,4,18,3.9000000000000004,집중,1
226,226. 샛강역 1번출구 앞,27796,2025-06-01,2026-06-30,0.2351777234134408,0.33472442077996833,0.17034825154698519,0.14311411713915673,영등포구,서울특별시 영등포구 의사당대로 지하166,37.51776505,126.92841339,2015-09-17 15:24:42,19.0,QR,395,70.36962025316456,3.703664223850766,5,4,4,1,4,18,3.9000000000000004,집중,2
2335,2335. 3호선 매봉역 3번출구앞,23871,2025-06-01,2026-06-30,0.22131456579112732,0.3372711658497759,0.20795107033639143,0.14657953164928156,강남구,서울특별시 강남구 남부순환로 2748,37.48676682,127.04676056,2017-06-13 16:01:23,15.0,QR,395,60.43291139240506,4.0288607594936705,5,4,4,1,4,18,3.9000000000000004,집중,2
305,305. 종로구청 옆,30136,2025-06-01,2026-06-30,0.149389434563313,0.34861959118662067,0.1725179187682506,0.0886979028404566,종로구,서울특별시 종로구 세종로 84-1,37.57255936,126.97833252,2015-01-07 00:00:00,16.0,QR,395,76.29367088607594,4.7683544303797465,5,3,5,1,4,18,3.9000000000000004,집중,2
1090,1090.상일동역 2번출구 앞,23384,2025-06-01,2026-06-30,0.17755730413958262,0.3541310297639412,0.2088179952104003,0.20916010947656516,강동구,고덕로 333,37.5567894,127.16614532,2020-01-13 00:00:00,17.0,QR,395,59.2,3.4823529411764707,5,3,5,1,4,18,3.9000000000000004,집중,3
232,232. 양평우림 이비즈센타 앞,35725,2025-06-01,2026-06-30,0.21172848145556333,0.33402379286214134,0.1946256123163051,0.11969209237228831,영등포구,서울특별시 영등포구 양평동3가 14-1,37.52565002,126.88781738,2016-06-29 12:00:00,20.0,LCD,395,90.44303797468355,4.522151898734178,5,4,4,1,4,18,3.9000000000000004,집중,1
3586,3586.군자역 비채온 오피스텔,23325,2025-06-01,2026-06-30,0.17461950696677384,0.28017148981779205,0.2714255091103966,0.28210075026795284,광진구,서울특별시 광진구 군자동 473-26,37.55771255,127.07727051,2020-04-14 00:00:00,8.0,QR,395,59.050632911392405,7.381329113924051,5,3,3,4,5,20,3.9,집중,1
5868,5868. 로프트시티오피스텔,27549,2025-06-01,2026-06-30,0.23013539511416023,0.2432393190315438,0.26505499292170315,0.2709717231115467,영등포구,영등포구 영등포로244,37.51906204,126.90839386,2023-06-23 00:00:00,6.0,QR,395,69.74430379746835,11.624050632911391,5,4,2,4,5,20,3.9,집중,1
735,735. 영도초등학교,32826,2025-06-01,2026-06-30,0.2588496923170657,0.22241515871565223,0.2757570218729056,0.13815268384816914,양천구,서울특별시 양천구 목동중앙로 70 ,37.53637695,126.87151337,2017-11-01 16:00:00,10.0,LCD,395,83.10379746835443,8.310379746835443,5,5,1,4,5,20,3.9,집중,1
4098,4098.창동역 1번출구 인근,3899,2026-04-24,2026-06-30,0.09951269556296487,0.35239805078225184,0.27853295716850474,0.250064119004873,도봉구,도봉구 창동 135-1 창동역 1번출구,37.65290833,127.04838562,2026-04-16 00:00:00,8.0,QR,68,57.338235294117645,7.167279411764706,5,1,5,4,5,20,3.9,집중,3
3640,3640. 일원1동주민센터앞 사거리,14295,2025-06-01,2026-06-30,0.19181532004197271,0.31780342777194825,0.18216159496327386,0.13200419727177334,강남구,강남구 일원동 645-13,37.4909668,127.08836365,2021-06-17 00:00:00,7.0,QR,395,36.18987341772152,5.169981916817361,4,4,4,1,5,18,3.9,집중,2
4149,4149.제기동역 5번출구,4170,2026-04-23,2026-06-30,0.20719424460431654,0.26498800959232616,0.2616306954436451,0.18537170263788968,동대문구,동대문구 왕산로 92,37.5779953,127.03381348,2026-04-23 00:00:00,7.0,QR,69,60.43478260869565,8.633540372670806,5,4,2,4,5,20,3.9,집중,1
4148,4148.동대문구 장안동 씨젠의료재단,4738,2026-04-10,2026-06-30,0.11291684254959898,0.29674968341072183,0.26276910088645,0.28704094554664417,동대문구,장안동 368-1,37.57194519,127.07196045,2026-04-10 00:00:00,7.0,QR,82,57.78048780487805,8.254355400696864,5,2,4,4,5,20,3.9,집중,1
755,755. 목동1단지아파트 상가 앞,36836,2025-06-01,2026-06-30,0.12419915300249755,0.3021500705831252,0.2699804539037898,0.2043652948202845,양천구,양천구 목동서로 38,37.5378685,126.88140869,2018-09-27 00:00:00,10.0,LCD,395,93.25569620253165,9.325569620253166,5,2,4,4,5,20,3.9,집중,1
4029,4029. 청소년수련관 후문,45915,2025-06-01,2026-06-30,0.23674180551018187,0.2478710661004029,0.2689099422846564,0.15609278013721006,노원구,서울특별시 노원구 노원구 중계동 504-2,37.6396637,127.06041718,2021-03-02 00:00:00,8.0,QR,395,116.24050632911393,14.530063291139241,5,4,2,4,5,20,3.9,집중,1
4026,4026. 상계주공1단지아파트,26767,2025-06-01,2026-06-30,0.3186386221840326,0.20506593940299622,0.2687264168565771,0.1149923413157993,노원구,서울특별시 노원구 덕릉로459-21,37.64795303,127.05793762,2021-03-03 00:00:00,10.0,QR,395,67.76455696202531,6.776455696202531,5,5,1,4,5,20,3.9,집중,0
568,568. 청계8가 사거리 B,29551,2025-06-01,2026-06-30,0.1740042638150993,0.2927819701532943,0.2729518459612196,0.19522181990457177,성동구,서울특별시 성동구 청계천로 417 청계8가사거리 부근,37.57110214,127.02355957,2016-07-06 12:00:00,14.0,LCD,395,74.8126582278481,5.34376130198915,5,3,3,4,5,20,3.9,집중,1
549,549. 아차산역 3번출구,25681,2025-06-01,2026-06-30,0.1566138390249601,0.2803629142167361,0.2769362563763093,0.2652934075775865,광진구,서울특별시 광진구 구의동 96 아차산역 3번출구,37.55122375,127.08970642,2016-06-29 12:00:00,10.0,LCD,395,65.01518987341773,6.501518987341773,5,3,3,4,5,20,3.9,집중,3
3881,3881. 신자초교입구 교차로,42468,2025-06-01,2026-06-30,0.2618442121126495,0.22009513045116322,0.26608269756051617,0.18524536121314872,광진구,서울특별시 광진구 뚝섬로 596,37.53298569,127.07579041,2021-07-01 00:00:00,7.0,QR,395,107.51392405063291,15.359132007233272,5,5,1,4,5,20,3.9,집중,1
754,754. 목동1단지아파트 118동 앞,28044,2025-06-01,2026-06-30,0.3351162458993011,0.21419911567536729,0.2735344458707745,0.11378547996006276,양천구, 양천구 목동서로 38,37.54114151,126.87667847,2018-09-27 00:00:00,10.0,LCD,395,70.99746835443038,7.099746835443038,5,5,1,4,5,20,3.9,집중,0
1293,1293. 석촌호수 서호 사거리,38081,2025-06-01,2026-06-30,0.18363488353772223,0.27501903836558916,0.27000341377589876,0.17575693915600957,송파구,송파구 삼전동 152,37.50656128,127.09655762,2018-09-12 00:00:00,14.0,LCD,395,96.40759493670886,6.88625678119349,5,3,3,4,5,20,3.9,집중,1
3536,3536. 중앙농협(자양동),32978,2025-06-01,2026-06-30,0.23497483170598582,0.24407180544605495,0.27224210079446903,0.1844866274486021,광진구,서울특별시 광진구 뚝섬로 639 중앙농협(자양동),37.53181076,127.08074188,2018-10-29 00:00:00,10.0,LCD,395,83.48860759493671,8.348860759493672,5,4,2,4,5,20,3.9,집중,1
4856,4856. 올림픽공원 서1문 앞,23211,2025-06-01,2026-06-30,0.1305415535737366,0.33772780147343934,0.2647451639308948,0.11149885829994399,송파구,올림픽로 424,37.5202179,127.11457062,2021-01-05 00:00:00,10.0,QR,395,58.7620253164557,5.8762025316455695,5,2,4,4,5,20,3.9,집중,1
1231,1231. 잠실역 6번출구,37792,2025-06-01,2026-06-30,0.09806308213378492,0.38336155800169347,0.2777836579170195,0.20147121083827266,송파구,서울특별시 송파구 석촌호수로12길 3-5,37.51408768,127.09902954,2017-06-22 10:20:39,13.0,QR,395,95.6759493670886,7.35968841285297,5,1,5,4,5,20,3.9,집중,1
5333,5333. 노원역9번-10번 출구 앞,35229,2025-06-01,2026-06-30,0.06378267904283402,0.3771324760850436,0.27210536773680777,0.26637145533509327,노원구,노원구 상계로 76-2,37.65655518,127.063591,2024-04-08 00:00:00,10.0,QR,395,89.1873417721519,8.918734177215189,5,1,5,4,5,20,3.9,집중,1
1451,1451. 중랑세무서,31195,2025-06-01,2026-06-30,0.13482929956723835,0.31931399262702354,0.27619810867126143,0.23631992306459368,중랑구,서울특별시 중랑구 망우로 176 중랑세무서,37.59275818,127.07266998,2017-11-28 12:04:31,10.0,LCD,395,78.9746835443038,7.89746835443038,5,2,4,4,5,20,3.9,집중,1
1569,1569.수유역2번출구,31453,2025-06-01,2026-06-30,0.11795377229517057,0.32073252154007564,0.269862970145932,0.21606841954662512,강북구,서울특별시 강북구 도봉로 342,37.63796997,127.02590179,2020-03-28 00:00:00,10.0,QR,395,79.62784810126583,7.962784810126583,5,2,4,4,5,20,3.9,집중,1
1653,1653. 노원역1번출구,39830,2025-06-01,2026-06-30,0.08403213658046699,0.3601305548581471,0.27838312829525486,0.2184785337685162,노원구,서울특별시 노원구 상계동 335-4 노원역1번출구,37.65620041,127.06362152,2017-11-01 16:00:00,10.0,LCD,395,100.83544303797468,10.083544303797469,5,1,5,4,5,20,3.9,집중,1
1716,1716. 창동역 1번출구 건너편,24886,2025-06-01,2026-06-30,0.0939484047255485,0.3682793538535723,0.2630796431728683,0.15920597926545046,도봉구,서울특별시 도봉구 마들로11길 20 하나로마트 창동점,37.65420151,127.05072784,2017-11-01 16:00:00,10.0,LCD,395,63.00253164556962,6.3002531645569615,5,1,5,4,5,20,3.9,집중,1
5768,5768.방이삼거리,64144,2025-06-01,2026-06-30,0.11675293090546271,0.30535981541531554,0.2794649538538289,0.3095535046146171,송파구,송파구 방이동 66-3,37.51229095,127.10825348,2023-02-10 00:00:00,12.0,QR,395,162.38987341772153,13.532489451476794,5,2,4,4,5,20,3.9,집중,1
1827,1827. 독산보도육교 앞 자전거 보관소,17244,2025-06-01,2026-06-30,0.1501391788448156,0.39091858037578286,0.2931454418928323,0.1376710739967525,금천구,서울특별시 금천구 서부샛길 70,37.45672607,126.89306641,2017-05-11 11:09:24,20.0,QR,395,43.655696202531644,2.182784810126582,4,3,5,5,3,20,3.9,집중,3
4897,4897. 잠실주공5단지1,41740,2025-06-01,2026-06-30,0.3285577383804504,0.20098227120268328,0.268471490177288,0.09386679444178246,송파구,송파구잠실동27,37.51633453,127.09380341,2021-11-29 00:00:00,15.0,QR,395,105.67088607594937,7.044725738396624,5,5,1,4,5,20,3.9,집중,1
4870,4870. 몽촌토성역 3번 출구,67510,2025-06-01,2026-06-30,0.13446896756036142,0.32562583320989485,0.276699748185454,0.2498740927270034,송파구,송파구 방이동 40-6,37.5170784,127.11232758,2021-07-13 00:00:00,10.0,QR,395,170.91139240506328,17.09113924050633,5,2,4,4,5,20,3.9,집중,1
1925,1925. 동양미래대학교 정문 옆,48965,2025-06-01,2026-06-30,0.15645869498621465,0.2926171755335444,0.26794649239252527,0.2590013274788114,구로구,서울특별시 구로구 경인로 445,37.49988937,126.86769867,2017-06-27 15:19:15,20.0,LCD,395,123.9620253164557,6.1981012658227845,5,3,3,4,5,20,3.9,집중,1
1162,1162. 공항초등학교건너편,31900,2025-06-01,2026-06-30,0.2925078369905956,0.22695924764890282,0.26275862068965516,0.10733542319749216,강서구,서울특별시 강서구 마곡서1로 68,37.56267929,126.82047272,2017-11-28 10:15:23,10.0,LCD,395,80.75949367088607,8.075949367088608,5,5,1,4,5,20,3.9,집중,1
4798,4798. 황학동롯데캐슬,25790,2025-06-01,2026-06-30,0.12512601783637067,0.32528111671190385,0.2647150058162078,0.18185343156262118,중구,서울특별시 중구 중구 청계천로 400,37.57162094,127.02204132,2021-07-15 00:00:00,10.0,QR,395,65.29113924050633,6.529113924050632,5,2,4,4,5,20,3.9,집중,1
3534,3534. 건대입구역 5번출구 뒤,58808,2025-06-01,2026-06-30,0.11909944225275473,0.31466807237110594,0.27103455312202424,0.2819004217113318,광진구,서울특별시 광진구 아차산로 236 건대입구역 5번출구 뒤,37.5401268,127.06949615,2018-10-29 00:00:00,12.0,LCD,395,148.88101265822786,12.406751054852322,5,2,4,4,5,20,3.9,집중,1
2274,2274. 양재시민의숲역 3번출구,20330,2025-06-01,2026-06-30,0.21578947368421053,0.3393999016232169,0.1867191342843089,0.16384653221839646,서초구,서울특별시 양재동 316-11,37.4692421,127.03982544,2017-11-01 16:00:00,10.0,LCD,395,51.46835443037975,5.146835443037975,4,4,4,1,5,18,3.9,집중,2
2619,2619. 석촌고분역 4번출구,24098,2025-06-01,2026-06-30,0.18748443854261765,0.2693999502033364,0.2740476388081999,0.19233961324591253,송파구,송파구 삼전동 90,37.50233841,127.09644318,2018-11-14 00:00:00,9.0,QR,395,61.00759493670886,6.778621659634318,5,3,3,4,5,20,3.9,집중,1
1076,1076. 천동초교입구사거리 버스정류장(십자성마을 방면),24714,2025-06-01,2026-06-30,0.1864934854738205,0.2834021202557255,0.27810148094197623,0.19450513878773165,강동구,양재대로 1504,37.5398941,127.14103699,2020-01-10 00:00:00,10.0,QR,395,62.56708860759494,6.256708860759494,5,3,3,4,5,20,3.9,집중,1
2623,2623.석촌동 주민센터,40120,2025-06-01,2026-06-30,0.22046360917248256,0.25735294117647056,0.26931704885343966,0.17796610169491525,송파구,송파구 석촌동 312,37.50362396,127.10355377,2020-01-17 00:00:00,15.0,QR,395,101.56962025316456,6.771308016877637,5,4,2,4,5,20,3.9,집중,1
2637,2637. 아시아지하보도 14번 출구,33792,2025-06-01,2026-06-30,0.09395714962121213,0.34605823863636365,0.2808652935606061,0.21602746212121213,송파구,올림픽로 74,37.51146317,127.07881165,2020-01-16 00:00:00,15.0,QR,395,85.5493670886076,5.703291139240506,5,1,5,4,5,20,3.9,집중,1
1008,1008. 암사역 3번출구(국민은행앞),37812,2025-06-01,2026-06-30,0.17050142811805777,0.2841690468634296,0.2681952819210833,0.20908706230826193,강동구,서울특별시 강동구 올림픽로 지하 776,37.54935455,127.12708282,2017-04-19 14:44:50,9.0,LCD,395,95.72658227848102,10.636286919831225,5,3,3,4,5,20,3.9,집중,1
796,796.목동아파트 14단지 B상가 앞,31297,2025-06-01,2026-06-30,0.2730293638367895,0.22804102629645015,0.26079176917915453,0.0894334920279899,양천구,양천구 신정동 330,37.5146637,126.87194061,2020-04-20 00:00:00,10.0,QR,395,79.23291139240506,7.923291139240506,5,5,1,4,5,20,3.9,집중,1
794,794.양천문화회관,37435,2025-06-01,2026-06-30,0.20459463069320155,0.25494857753439293,0.2734873781220783,0.21832509683451315,양천구,양천구 신정동 323-1,37.51686478,126.86296082,2020-04-20 00:00:00,10.0,QR,395,94.77215189873418,9.477215189873418,5,4,2,4,5,20,3.9,집중,1
4233,4233. 코오롱아파트사거리,41838,2025-06-01,2026-06-30,0.1809837946364549,0.273507337826856,0.27484583393087625,0.19118982742960944,마포구,마포구 연남로 42 코오롱아파트사거리,37.56303787,126.9214325,2021-10-28 00:00:00,10.0,QR,395,105.91898734177215,10.591898734177216,5,3,3,4,5,20,3.9,집중,1
5866,5866.포레나 당산,39226,2025-06-01,2026-06-30,0.09180135624330801,0.35193494111048795,0.2763473206546678,0.1906643552745628,영등포구,영등포구 당산동2가 45-5,37.52195358,126.89550781,2023-02-10 00:00:00,8.0,QR,395,99.30632911392405,12.413291139240506,5,1,5,4,5,20,3.9,집중,1
3010,3010.홍대입구역 3번출구,38015,2025-06-01,2026-06-30,0.13631461265290018,0.3367618045508352,0.26773641983427593,0.20005261081152176,마포구,마포구 동교동 155-27,37.5582962,126.92538452,2020-04-12 00:00:00,15.0,QR,395,96.24050632911393,6.4160337552742615,5,2,4,4,5,20,3.9,집중,1
779,779. 신정1동 주민센터 앞,43270,2025-06-01,2026-06-30,0.17926970187196672,0.27198983129188814,0.26898544025883986,0.1828980818118789,양천구,양천구 중앙로 250,37.51854324,126.85388184,2020-03-09 00:00:00,20.0,QR,395,109.54430379746836,5.477215189873418,5,3,3,4,5,20,3.9,집중,1
3927,3927. 구로월드아파트 앞,19575,2025-06-01,2026-06-30,0.1537675606641124,0.3577522349936143,0.17798212005108557,0.13420178799489144,구로구,구로구 구로동 610-10,37.50519562,126.87619019,2022-12-06 00:00:00,9.0,QR,395,49.55696202531646,5.506329113924051,4,3,5,1,5,18,3.9,집중,2
102,102. 망원역 1번출구 앞,37930,2025-06-01,2026-06-30,0.12918534141840232,0.30007909306617453,0.28035855523332454,0.19367255470603745,마포구,서울특별시 마포구 월드컵로 72,37.5556488,126.91062927,2015-09-06 23:42:06,15.0,QR,395,96.0253164556962,6.40168776371308,5,2,4,4,5,20,3.9,집중,1
310,310. 청계광장 옆,18389,2025-06-01,2026-06-30,0.1625428245146555,0.3470009244657132,0.1693947468595356,0.10462776659959759,중구,서울특별시 중구 세종대로 136 청계광장 옆,37.56887817,126.9774704,2015-10-07 12:11:15,8.0,QR,395,46.55443037974683,5.819303797468354,4,3,5,1,5,18,3.9,집중,2
215,215. 여의도고교 앞,15292,2025-06-01,2026-06-30,0.2108291917342401,0.3047345017002354,0.2566047606591682,0.15020925974365681,영등포구,서울특별시 영등포구 국제금융로7길 37,37.52483749,126.93490601,2015-09-17 00:00:00,10.0,QR,395,38.71392405063291,3.871392405063291,4,4,4,3,4,19,3.8999999999999995,집중,0
2604,2604. 풍납토성 서성벽터A,18673,2025-06-01,2026-06-30,0.2690515717881433,0.26680233492208,0.25373533979542656,0.12713543619129225,송파구,송파구 풍납동 307-4,37.53131104,127.11128235,2018-09-14 00:00:00,10.0,LCD,395,47.27341772151899,4.727341772151899,4,5,3,3,4,19,3.8999999999999995,집중,0
3789,3789. 염창나들목,35579,2025-06-01,2026-06-30,0.22226594339357486,0.2732791815396723,0.3261755529947441,0.1876387756822845,강서구,강서구 염창동 223-4번지,37.55680466,126.87155914,2020-11-11 00:00:00,35.0,QR,395,90.073417721519,2.5735262206148284,5,4,3,5,3,20,3.85,집중,3
2628,2628.문정역 1번출구,43514,2025-06-01,2026-06-30,0.17605828009376293,0.3127039573470607,0.20616353357540101,0.2117709243002252,송파구,문정동 55-13,37.48669815,127.12244415,2020-01-20 00:00:00,15.0,QR,395,110.1620253164557,7.344135021097046,5,3,4,1,5,18,3.85,집중,1
514,514. 성수사거리 버스정류장 앞,32316,2025-06-01,2026-06-30,0.15267978710236416,0.31820151008788217,0.19550686966208689,0.14098279490035895,성동구,서울특별시 성동구 아차산로 171 성수사거리 버스정류장 앞,37.54257965,127.06330872,2015-10-07 11:58:41,12.0,QR,395,81.8126582278481,6.817721518987342,5,3,4,1,5,18,3.85,집중,1
2708,2708.강서한강자이타워 앞,36216,2025-06-01,2026-06-30,0.12395074000441794,0.3729567042191297,0.2055445107134968,0.13367020101612548,강서구,강서구 양천로 401 ,37.56468201,126.84890747,2020-03-20 00:00:00,15.0,QR,395,91.6860759493671,6.112405063291139,5,2,5,1,5,18,3.85,집중,1
2742,2742.강서구민올림픽체육센터,31599,2025-06-01,2026-06-30,0.2658628437608785,0.24874204879901263,0.14218804392544068,0.141175353650432,강서구,화곡로65길 62,37.55990601,126.85042572,2020-03-17 00:00:00,10.0,QR,395,79.99746835443038,7.999746835443038,5,5,2,1,5,18,3.85,집중,1
1182,1182. KBS 스포츠월드,43259,2025-06-01,2026-06-30,0.2371067292355348,0.28158302318592665,0.18504819806283085,0.1749231373818165,강서구,강서구 공항대로 376,37.55687714,126.84880829,2018-10-10 00:00:00,20.0,LCD,395,109.51645569620253,5.475822784810126,5,4,3,1,5,18,3.85,집중,1
1180,1180. 마곡엠밸리 15단지(1502동) 건너편,34233,2025-06-01,2026-06-30,0.19685683404901702,0.2925247568136009,0.20018695410860865,0.15064411532731575,강서구,강서구 마곡중앙로 36,37.55746841,126.82971954,2018-10-04 00:00:00,15.0,LCD,395,86.66582278481013,5.7777215189873425,5,4,3,1,5,18,3.85,집중,1
1157,1157. 강서구청,46181,2025-06-01,2026-06-30,0.3159524479764405,0.2513371299885234,0.19728892834715575,0.14503800264177907,강서구,서울특별시 강서구 화곡로 302,37.55065918,126.84976959,2017-11-01 16:00:00,8.0,LCD,395,116.91392405063291,14.614240506329114,5,5,2,1,5,18,3.85,집중,1
5074,"5074. 마곡엠밸리14단지 버스정류장(마곡엠밸리11,12단지상가방면)",41860,2025-06-01,2026-06-30,0.1660296225513617,0.30606784519828,0.2016244624940277,0.20052556139512662,강서구,강서구 마곡동 798-17,37.55823517,126.82575989,2021-11-19 00:00:00,10.0,QR,395,105.9746835443038,10.59746835443038,5,3,4,1,5,18,3.85,집중,1
5055,5055. 마곡역5번출구앞,22606,2025-06-01,2026-06-30,0.12518800318499512,0.38503052287003453,0.20437052110059276,0.1565513580465363,강서구,강서구 마곡동 799,37.55905914,126.82704926,2021-07-21 00:00:00,7.0,QR,395,57.230379746835446,8.175768535262206,5,2,5,1,5,18,3.85,집중,1
231,231. 남부고용노동지청 남측,31541,2025-06-01,2026-06-30,0.1946672584889509,0.28572334421863604,0.17814907580609365,0.12881646111410544,영등포구,서울특별시 영등포구 양평동1가 115-2,37.52450562,126.89182281,2016-06-29 12:00:00,10.0,LCD,395,79.85063291139241,7.985063291139241,5,4,3,1,5,18,3.85,집중,1
584,584. 광진광장 교통섬,40596,2025-06-01,2026-06-30,0.2583752093802345,0.23563897920977436,0.20149768450093605,0.22785496107990935,광진구,서울특별시 광진구 군자동 374-8 광진광장 교통섬,37.54782867,127.07263184,2016-09-02 11:00:00,20.0,QR,395,102.7746835443038,5.1387341772151895,5,5,2,1,5,18,3.85,집중,1
155,155. 가좌역1 번출구 앞,16933,2025-06-01,2026-06-30,0.24803637866887143,0.30662020905923343,0.23480777180653162,0.13766019016122363,마포구,서울특별시 마포구 성산동123-29,37.56829453,126.91504669,2016-06-29 12:00:00,15.0,QR,395,42.868354430379746,2.85789029535865,4,5,4,2,3,18,3.85,집중,0
217,217. NH농협은행 앞,43039,2025-06-01,2026-06-30,0.12037919096633286,0.4339784846302191,0.12688491832988685,0.0684727805014057,영등포구,서울특별시 영등포구 국제금융로8길 2,37.52207947,126.93036652,2015-09-17 15:20:13,15.0,QR,395,108.95949367088608,7.263966244725738,5,2,5,1,5,18,3.85,집중,2
4893,4893. 문정법조단지12,30673,2025-06-01,2026-06-30,0.1358197763505363,0.5018094089264173,0.08991621295601995,0.06989860789619536,송파구,송파구 문정동 500-1,37.48639297,127.11483765,2021-11-11 00:00:00,6.0,QR,395,77.65316455696203,12.942194092827004,5,2,5,1,5,18,3.85,집중,1
4481,4481. 올림픽공원 북2문 B,28413,2025-06-01,2026-06-30,0.12202160982648788,0.34910076373491006,0.3330165769190159,0.19431246260514554,송파구,방이동88-16,37.52397537,127.12751007,2020-12-23 00:00:00,25.0,QR,395,71.93164556962026,2.8772658227848105,5,2,5,5,3,20,3.85,집중,3
770,770.목동역5번출구,50444,2025-06-01,2026-06-30,0.16947506145428595,0.3244984537308699,0.1958012845928158,0.16451907065260488,양천구,양천구 목동로 186,37.52571487,126.86486816,2020-03-13 00:00:00,15.0,QR,395,127.70632911392406,8.513755274261603,5,3,4,1,5,18,3.85,집중,1
421,421. 마포구청 앞,24668,2025-06-01,2026-06-30,0.16693692232852278,0.3060239987027728,0.19790822117723367,0.1576536403437652,마포구,서울특별시 마포구 월드컵로 212,37.56574631,126.9018631,2015-10-07 11:37:49,8.0,QR,395,62.450632911392404,7.8063291139240505,5,3,4,1,5,18,3.85,집중,1
4537,4537. 서울남부지방검찰청 후문 ,23564,2025-06-01,2026-06-30,0.25746902053980647,0.2504668137837379,0.19203021558309286,0.16728908504498388,양천구,양천구 신월로 390,37.52164078,126.86555481,2022-02-08 00:00:00,6.0,QR,395,59.655696202531644,9.942616033755273,5,5,2,1,5,18,3.85,집중,1
4564,4564. 63스퀘어,30163,2025-06-01,2026-06-30,0.13224811855584656,0.36468521035706,0.16284852302489805,0.07061631800550343,영등포구,영등포구 여의도동 6,37.52070999,126.93965912,2021-05-18 00:00:00,10.0,QR,395,76.3620253164557,7.63620253164557,5,2,5,1,5,18,3.85,집중,2
290,290. 새말소공원,35200,2025-06-01,2026-06-30,0.26605113636363636,0.23928977272727273,0.1993181818181818,0.10573863636363637,영등포구,영등포구 당산동4가 89-1,37.5315094,126.89782715,2018-12-04 00:00:00,12.0,LCD,395,89.11392405063292,7.426160337552743,5,5,2,1,5,18,3.85,집중,1
4600,4600. 서울 영등포구 우체국,25100,2025-06-01,2026-06-30,0.2200398406374502,0.27195219123505976,0.17852589641434263,0.13462151394422311,영등포구,영등포구 당산동4가 93-6 앞,37.52915192,126.89447784,2021-12-02 00:00:00,10.0,QR,395,63.54430379746835,6.3544303797468356,5,4,3,1,5,18,3.85,집중,1
6183,6183.K스퀘어 마곡,24228,2025-06-01,2026-06-30,0.1191596499917451,0.4193082384018491,0.2066617137196632,0.11329866270430906,강서구,강서구 마곡중앙로 105-7,37.56269455,126.82707977,2025-05-21 00:00:00,10.0,QR,395,61.336708860759494,6.133670886075949,5,2,5,1,5,18,3.85,집중,2
2025,2025. 흑석역 1번출구,23316,2025-06-01,2026-06-30,0.11258363355635614,0.35636472808371933,0.29550523245839766,0.18622405215302795,동작구,서울특별시 동작구 현충로 지하 90,37.50938034,126.96361542,2017-05-12 11:03:18,20.0,LCD,395,59.027848101265825,2.951392405063291,5,2,5,5,3,20,3.85,집중,3
1121,1121. 가양레포츠센터 앞,20015,2025-06-01,2026-06-30,0.11811141643767174,0.3395953035223582,0.28803397451911067,0.16982263302523107,강서구,서울특별시 강서구 양천로61길 101,37.55947876,126.86437988,2017-04-24 09:45:11,15.0,LCD,395,50.67088607594937,3.378059071729958,4,2,5,5,4,20,3.8499999999999996,집중,3
1208,1208. 풍납현대아파트쉼터,31931,2025-06-01,2026-06-30,0.2095142651341956,0.27377783345338386,0.24333719582850522,0.18289436597663714,송파구,서울특별시 송파구 풍성로14길 19,37.52974701,127.1199646,2017-04-24 13:25:37,25.0,LCD,395,80.8379746835443,3.233518987341772,5,4,3,3,4,19,3.8499999999999996,집중,0
758,758. 한사랑교회 앞,15815,2025-06-01,2026-06-30,0.24704394562124565,0.24097375908947202,0.28346506481188743,0.14347138792285805,양천구,양천구 목동동로 33,37.51472092,126.85919952,2018-09-27 00:00:00,13.0,LCD,395,40.037974683544306,3.0798442064264853,4,5,2,5,4,20,3.8499999999999996,집중,0
1458,1458. 상봉터미널2,22080,2025-06-01,2026-06-30,0.2710597826086957,0.23278985507246377,0.24696557971014493,0.22096920289855074,중랑구,서울특별시 중랑구 용마산로115길 127 용마산로115길 127,37.59733963,127.09308624,2018-11-02 00:00:00,9.0,QR,395,55.89873417721519,6.210970464135021,4,5,2,3,5,19,3.8499999999999996,집중,0
221,221. 여의도초교 앞,19128,2025-06-01,2026-06-30,0.17006482643245505,0.31581974069427016,0.282465495608532,0.18841488916771226,영등포구,서울특별시 영등포구 여의대방로 439,37.52267456,126.93778992,2015-09-17 15:20:40,10.0,QR,395,48.425316455696205,4.84253164556962,4,3,4,5,4,20,3.8499999999999996,집중,3
1975,1975. 대림역 1번 출입구 밑,20420,2025-06-01,2026-06-30,0.17992164544564151,0.30690499510284036,0.24157688540646424,0.20822722820763956,구로구,서울특별시 구로구 도림천로 351,37.49256516,126.8947525,2017-11-13 09:53:43,10.0,LCD,395,51.69620253164557,5.169620253164557,4,3,4,3,5,19,3.8499999999999996,집중,3
3894,3894. 노룬산시장 앞,21602,2025-06-01,2026-06-30,0.23104342190537913,0.26770669382464585,0.2554393111748912,0.20021294324599573,광진구,광진구 뚝섬로 477,37.5369606,127.06273651,2024-06-26 00:00:00,8.0,QR,395,54.688607594936705,6.836075949367088,4,4,3,3,5,19,3.8499999999999996,집중,1
3542,3542. 래미안 구의파크 스위트,29482,2025-06-01,2026-06-30,0.2776948646631843,0.2409945051217692,0.2599552269181195,0.14995590529814803,광진구,서울특별시 광진구 광나루로 545 래미안파크스위트,37.5450058,127.09003448,2018-11-14 00:00:00,17.0,LCD,395,74.6379746835443,4.390469099032018,5,5,2,3,4,19,3.8499999999999996,집중,0
3698,3698. 명일역 3번출구 옆,17172,2025-06-01,2026-06-30,0.1564174237130212,0.30998136501281154,0.25529932448171444,0.23812019566736548,강동구,강동구 명일동 303-7,37.55142593,127.14421082,2022-06-20 00:00:00,6.0,QR,395,43.473417721518985,7.245569620253164,4,3,4,3,5,19,3.8499999999999996,집중,3
3928,3928.고척아이파크아파트 106동 앞,14899,2025-06-01,2026-06-30,0.15128532116249413,0.32411571246392373,0.2984092892140412,0.17558225384253978,구로구,구로구 고척동 102-2,37.49801254,126.8609848,2023-01-01 00:00:00,10.0,QR,395,37.71898734177215,3.7718987341772148,4,3,4,5,4,20,3.8499999999999996,집중,3
4841,4841. 중화수경공원,19382,2025-06-01,2026-06-30,0.19084717779382931,0.271695387472913,0.2990403467134455,0.22778866989990712,중랑구,중랑구 중화동 381-3,37.60318375,127.07413483,2022-11-01 00:00:00,15.0,QR,395,49.06835443037975,3.2712236286919834,4,4,3,5,4,20,3.8499999999999996,집중,3
4594,4594. 양평교 영등포대여소,27387,2025-06-01,2026-06-30,0.2153211377660934,0.2823602439113448,0.24632124730711652,0.15123963924489722,영등포구,영등포구 양평동5가 51-1,37.53972626,126.8903656,2021-08-30 00:00:00,15.0,QR,395,69.33417721518987,4.622278481012658,5,4,3,3,4,19,3.8499999999999996,집중,0
4220,4220. 신촌 청년주택,18583,2025-06-01,2026-06-30,0.24764569768067587,0.2525964591293117,0.28579884840983694,0.18479255233277728,마포구,마포구 창전동15-1,37.54985428,126.93203735,2021-10-28 00:00:00,10.0,QR,395,47.04556962025316,4.7045569620253165,4,5,2,5,4,20,3.8499999999999996,집중,0
931,931. 역촌파출소,37199,2025-06-01,2026-06-30,0.2620231726659319,0.2333396059033845,0.24333987472781526,0.15129438963412994,은평구,서울특별시 은평구 역촌동 45-34 역촌파출소,37.60473633,126.91533661,2016-09-02 11:00:00,19.0,LCD,395,94.1746835443038,4.956562291805463,5,5,2,3,4,19,3.8499999999999996,집중,1
4131,4131. 베네스트 오피스텔 앞,21557,2025-06-01,2026-06-30,0.2452103725008118,0.2510553416523635,0.24149928097601708,0.1726121445470149,동대문구,서울특별시 동대문구 무학로 134-2 구두수선대,37.57817078,127.03170013,2022-10-28 00:00:00,8.0,QR,395,54.574683544303795,6.821835443037974,4,5,2,3,5,19,3.8499999999999996,집중,0
729,729. 서부식자재마트 건너편,19690,2025-06-01,2026-06-30,0.315997968511935,0.2378872524123921,0.2441340782122905,0.10081259522600304,양천구,서울특별시 양천구 신정동 236 ,37.51037979,126.8667984,2017-11-01 16:00:00,10.0,LCD,395,49.848101265822784,4.984810126582278,4,5,2,3,5,19,3.8499999999999996,집중,0
3691,3691. 둔촌역 2번출구,16198,2025-10-15,2026-06-30,0.11353253488084948,0.3765279664156069,0.24503025064822817,0.15174712927521916,강동구,방이동 89-29,37.52722931,127.13635254,2021-09-30 00:00:00,20.0,QR,259,62.54054054054054,3.127027027027027,5,2,5,3,4,19,3.8499999999999996,집중,2
4138,4138. 조일빌딩 앞,11177,2025-06-01,2026-06-30,0.25632996331752705,0.285586472219737,0.2303838239241299,0.13500939429184933,동대문구,동대문구 전농로91,37.57344437,127.04088593,2024-09-08 00:00:00,5.0,QR,395,28.29620253164557,5.659240506329114,3,5,3,2,5,18,3.8000000000000003,집중,0
5886,5886.신풍역 2번출구,25241,2025-06-01,2026-06-30,0.12543084663840576,0.3158749653341785,0.2573986767560715,0.22122736817083316,영등포구,신길동3616,37.4999733,126.90979004,2025-04-04 00:00:00,10.0,QR,395,63.90126582278481,6.390126582278481,5,2,4,3,5,19,3.8,집중,1
1455,1455. 상봉역 2번 출구,27597,2025-06-01,2026-06-30,0.08413958038917274,0.3420661666123129,0.25176649635829984,0.31695474145740477,중랑구,서울특별시 중랑구 망우로 297 상봉역 2번 출구,37.59632874,127.08589935,2018-02-13 13:41:20,10.0,LCD,395,69.86582278481012,6.986582278481012,5,1,5,3,5,19,3.8,집중,3
227,227. 양평1나들목 보행통로 입구,25027,2025-06-01,2026-06-30,0.14176689175690255,0.32536860190993727,0.3734366883765533,0.21388899988012947,영등포구,서울특별시 영등포구 양화동 17-4,37.54466629,126.88835907,2016-06-29 12:00:00,20.0,QR,395,63.359493670886074,3.167974683544304,5,2,4,5,4,20,3.8,집중,3
4601,4601.양평역2번출구 뒤,15303,2025-06-01,2026-06-30,0.2434163235966804,0.31660458733581653,0.22564203097431876,0.12154479513820819,영등포구,영등포로5길 50,37.5255661,126.88584137,2022-01-04 00:00:00,10.0,QR,395,38.741772151898736,3.8741772151898735,4,4,4,2,4,18,3.8,집중,0
5061,5061. 우장산동 가곡어린이공원앞,47558,2025-06-01,2026-06-30,0.16287480550065184,0.2688716935110812,0.25381639261533284,0.26758904916102444,강서구,강서구 내발산동 657-2,37.55545425,126.83751678,2021-08-02 00:00:00,10.0,QR,395,120.4,12.040000000000001,5,3,3,3,5,19,3.8,집중,1
1050,1050.  둔촌역 3번 출입구,60119,2025-06-01,2026-06-30,0.15424408256957034,0.2940834012541792,0.25264891298923803,0.23546632512184168,강동구,서울특별시 강동구 양재대로 1355,37.52678299,127.13557434,2018-02-26 12:03:41,15.0,LCD,395,152.2,10.146666666666667,5,3,3,3,5,19,3.8,집중,1
3664,3664. 맥도날드 서울둔촌DT점 앞,34342,2025-06-01,2026-06-30,0.15890163648011182,0.27482383087764256,0.2590122881602702,0.21911944557684468,강동구,양재대로 1382,37.52938843,127.13718414,2021-04-13 00:00:00,12.0,QR,395,86.94177215189873,7.245147679324894,5,3,3,3,5,19,3.8,집중,1
3756,3756. 마곡힐스테이트 정문,24352,2025-06-01,2026-06-30,0.3241622864651774,0.1996550591327201,0.2519300262812089,0.09067017082785808,강서구,마곡중앙3로74,37.56497574,126.8174057,2020-11-09 00:00:00,10.0,QR,395,61.65063291139241,6.165063291139241,5,5,1,3,5,19,3.8,집중,0
3671,3671. 둔촌동역교차로,24502,2025-06-01,2026-06-30,0.15880336299077627,0.27981389274344953,0.2536935760346094,0.21630887274508204,강동구,양재대로 1377,37.52926254,127.1364975,2021-04-13 00:00:00,10.0,QR,395,62.03037974683544,6.203037974683545,5,3,3,3,5,19,3.8,집중,1
1012,1012. 천호역효성해링턴타워 앞,34325,2025-06-01,2026-06-30,0.13427530954115077,0.3079096868171886,0.2523525127458121,0.25060451565914055,강동구,서울특별시 강동구 올림픽로 610,37.53600693,127.12272644,2017-04-19 14:50:15,15.0,LCD,395,86.89873417721519,5.793248945147679,5,2,4,3,5,19,3.8,집중,1
1414,1414. 사가정역 2번출구,23009,2025-07-09,2026-06-30,0.11152157851275588,0.3276109348515798,0.24998913468642706,0.2571167803902821,중랑구,서울특별시 중랑구 면목로 325,37.58098984,127.08824158,2017-06-22 10:31:25,10.0,QR,357,64.45098039215686,6.4450980392156865,5,2,4,3,5,19,3.8,집중,3
588,588. 뚝섬 유원지역,24470,2025-06-01,2026-06-30,0.08520637515324887,0.344993870044953,0.31405803024111156,0.2485083776052309,광진구,서울특별시 광진구 능동로 10 뚝섬유원지역,37.53268814,127.06749725,2016-12-09 09:54:51,20.0,QR,395,61.949367088607595,3.09746835443038,5,1,5,5,4,20,3.8,집중,3
1010,1010. 강동세무서,39256,2025-06-01,2026-06-30,0.15141634399836967,0.29473201548807826,0.2423323823109843,0.22404218463419603,강동구,서울특별시 강동구 천호대로 1139,37.53450775,127.13840485,2017-04-19 14:47:29,20.0,LCD,395,99.38227848101266,4.9691139240506335,5,3,3,3,5,19,3.8,집중,1
4272,4272. 홍남교 사거리,14601,2025-06-01,2026-06-30,0.2099171289637696,0.259297308403534,0.28196698856242725,0.1852612834737347,서대문구,서대문구 남가좌동 318-20,37.57601929,126.92683411,2022-07-28 00:00:00,7.0,QR,395,36.96455696202532,5.280650994575046,4,4,2,5,5,20,3.8,집중,0
4864,4864. 송파사거리,31967,2025-06-01,2026-06-30,0.11927925673350642,0.3140113241780586,0.26033096630900615,0.25088372384021024,송파구,송파구 송파동 97-2,37.50205612,127.11054993,2021-04-27 00:00:00,10.0,QR,395,80.92911392405064,8.092911392405064,5,2,4,3,5,19,3.8,집중,1
4108,4108. 답십리파크자이아파트 앞,38850,2025-06-01,2026-06-30,0.3054311454311454,0.21117117117117118,0.24177606177606178,0.15701415701415702,동대문구,서울특별시 동대문구 답십리로56길 124,37.5676918,127.05789185,2020-09-18 00:00:00,10.0,QR,395,98.35443037974683,9.835443037974683,5,5,1,3,5,19,3.8,집중,1
4096,4096.창동역2번출구 하나은행365 앞,30017,2025-06-01,2026-06-30,0.11003764533431055,0.33874137988473196,0.2508911616750508,0.23876470000333144,도봉구,창동 324-1,37.65283585,127.04550171,2025-05-08 00:00:00,8.0,QR,395,75.99240506329114,9.499050632911393,5,2,4,3,5,19,3.8,집중,1
956,956. 응암시장교차로,24670,2025-06-01,2026-06-30,0.252979327117957,0.22590190514795297,0.24929063640048643,0.18812322659100122,은평구,서울특별시 은평구 응암로 247 외환은행,37.59441376,126.91801453,2017-11-28 12:01:58,9.0,LCD,395,62.45569620253165,6.939521800281295,5,5,1,3,5,19,3.8,집중,1
1744,1744.도봉소방서 옆,23531,2025-06-01,2026-06-30,0.06723046194381879,0.3540860991883048,0.2823084441800178,0.22706217330330203,도봉구,서울특별시 도봉구 도봉로 678 홈플러스데스코㈜방학점,37.66480255,127.04302979,2020-03-21 00:00:00,15.0,QR,395,59.57215189873418,3.971476793248945,5,1,5,5,4,20,3.8,집중,3
3975,3975.현대시티아울렛 가산,19410,2025-06-01,2026-06-30,0.21854714064914993,0.3249871200412159,0.21406491499227204,0.187892838742916,금천구,디지털로10길 9,37.47739792,126.88877869,2022-01-12 00:00:00,10.0,QR,395,49.139240506329116,4.913924050632912,4,4,4,2,4,18,3.8,집중,0
3914,3914. 신도림쌍용플래티넘노블아파트 앞,26468,2025-06-01,2026-06-30,0.2952999848874112,0.21981260389904791,0.2541181804443101,0.13363306634426478,구로구,서울 구로구 구로동 50-7,37.50126266,126.89118195,2021-08-02 00:00:00,10.0,QR,395,67.00759493670886,6.700759493670885,5,5,1,3,5,19,3.8,집중,0
183,183. 하늘채코오롱아파트 건너편,32099,2025-06-01,2026-06-30,0.2429982242437459,0.2538085298607433,0.24782703511012805,0.14576778092775475,마포구,서울특별시 마포구 연남로 30,37.56516647,126.91939545,2016-07-06 12:00:00,15.0,LCD,395,81.26329113924051,5.417552742616034,5,4,2,3,5,19,3.8,집중,1
633,633. 청량리 기업은행 앞,21744,2025-06-01,2026-06-30,0.13231236203090507,0.31282192788815305,0.28481420161883736,0.2149558498896247,동대문구,서울특별시 동대문구 홍릉로 1 청량리 기업은행 앞,37.58040619,127.04482269,2016-07-06 12:00:00,8.0,QR,395,55.04810126582279,6.881012658227848,4,2,4,5,5,20,3.8,집중,3
4940,4940.한강버스 압구정 선착장,46092,2025-08-01,2026-06-30,0.04677601319100928,0.39317018137637766,0.4381888397118806,0.1983424455436952,강남구,강남구 올림픽대로 2395,37.52643204,127.01720428,2025-08-01 00:00:00,30.0,QR,334,138.0,4.6,5,1,5,5,4,20,3.8,집중,1
3882,3882. 자양2동 주민센터,23382,2025-06-01,2026-06-30,0.33008296980583357,0.2237618681036695,0.25254469249850314,0.11632879993157129,광진구,서울특별시 광진구 자양로3가길 28,37.52879333,127.08463287,2021-07-23 00:00:00,3.0,QR,395,59.19493670886076,19.73164556962025,5,5,1,3,5,19,3.8,집중,1
4952,4952.천호시장 버스정류소 옆,17031,2025-06-01,2026-06-30,0.21954083729669427,0.23997416475838176,0.28929598966590336,0.20462685690799132,강동구,강동구 천호동 397-465,37.54146576,127.13025665,2023-01-18 00:00:00,5.0,QR,395,43.11645569620253,8.623291139240505,4,4,2,5,5,20,3.8,집중,1
1075,1075.천동초교 삼거리,22446,2025-06-01,2026-06-30,0.29230152365677625,0.2144257328699991,0.2425376459057293,0.13793103448275862,강동구,천호동 114-2 (정자 쉼터),37.54136276,127.13718414,2020-01-10 00:00:00,10.0,QR,395,56.8253164556962,5.68253164556962,5,5,1,3,5,19,3.8,집중,0
825,825. 서빙고동 주민센터 앞,26519,2025-06-01,2026-06-30,0.09053885893133225,0.36079791847354725,0.38972057769900825,0.24333496738187715,용산구,서울특별시 용산구 서빙고로 279 서빙고동 주민센터 앞,37.52033615,126.9942627,2016-07-06 12:00:00,15.0,QR,395,67.1367088607595,4.4757805907173,5,1,5,5,4,20,3.8,집중,3
3651,3651. 개포동역 4번출구,14101,2025-06-01,2026-06-30,0.16005957024324516,0.2694844337281044,0.31586412311183604,0.20523367137082477,강남구,"강남구 개포동 182-4
(개포동역 4번출구)",37.48929596,127.06616974,2022-02-10 00:00:00,5.0,QR,395,35.69873417721519,7.139746835443037,4,3,3,5,5,20,3.8,집중,3
1103,1103. 방화역 4번출구앞,36427,2025-06-01,2026-06-30,0.16976418590605868,0.2771021495044884,0.2528618881598814,0.17613308809399622,강서구,서울특별시 강서구 금낭화로 135,37.57710648,126.81199646,2017-06-22 10:10:15,10.0,QR,395,92.22025316455696,9.222025316455696,5,3,3,3,5,19,3.8,집중,1
3627,3627. 압구정나들목,19632,2025-06-01,2026-06-30,0.06474123879380603,0.39084148329258356,0.40148736756316217,0.25769152404237977,강남구,압구정동 507,37.53075027,127.04160309,2021-02-24 00:00:00,10.0,QR,395,49.70126582278481,4.970126582278481,4,1,5,5,5,20,3.8,집중,3
267,267. 삼성화재 사옥 옆,25339,2025-06-01,2026-06-30,0.12944472946840838,0.32929476301353644,0.24144599234381783,0.20131023323730218,영등포구,서울특별시 영등포구 양평로 76,37.53596115,126.89830017,2016-07-06 12:00:00,10.0,QR,395,64.14936708860759,6.414936708860759,5,2,4,3,5,19,3.8,집중,1
1985,1985. 구로도서관,43317,2025-06-01,2026-06-30,0.19581226770090265,0.2617217258812937,0.24925548860724428,0.15252672161045316,구로구,서울특별시 구로구 공원로 15,37.49851608,126.89199066,2017-11-28 10:42:24,20.0,LCD,395,109.66329113924051,5.483164556962025,5,4,2,3,5,19,3.8,집중,1
268,268. 그랜드컨벤션센터 앞,31122,2025-06-01,2026-06-30,0.11342458710879763,0.31749244907139645,0.25053017158280316,0.24757406336353704,영등포구,서울특별시 영등포구 양평로 58,37.53471756,126.90000153,2016-07-06 12:00:00,6.0,LCD,395,78.78987341772152,13.131645569620254,5,2,4,3,5,19,3.8,집중,1
1262,1262. 송파여성문화회관 앞,28612,2025-06-01,2026-06-30,0.1858660701803439,0.2821193904655389,0.24734377184398154,0.19586187613588704,송파구,서울특별시 송파구 송파동 2-3 ,37.50580215,127.10971832,2017-11-01 16:00:00,10.0,LCD,395,72.43544303797468,7.243544303797468,5,3,3,3,5,19,3.8,집중,1
663,663. 외대앞역 3번출구,25599,2025-06-01,2026-06-30,0.12922379780460175,0.32356732684870504,0.24922848548771437,0.23469666783858745,동대문구,서울특별시 동대문구 휘경로14가길 31 외대앞역 4번출구,37.59489059,127.06302643,2018-12-14 00:00:00,10.0,LCD,395,64.80759493670887,6.480759493670886,5,2,4,3,5,19,3.8,집중,1
2641,2641.송파역 4번출구,35803,2025-06-01,2026-06-30,0.12876015976314834,0.30910817529257323,0.2578554869703656,0.1973019020752451,송파구,송파대로 345,37.50004959,127.11151123,2020-01-20 00:00:00,15.0,QR,395,90.64050632911392,6.0427004219409275,5,2,4,3,5,19,3.8,집중,1
1295,1295. 잠실역 8번출구,44519,2025-06-01,2026-06-30,0.08227947617871022,0.38558817583503674,0.28304768750421166,0.1442754778858465,송파구,송파구 신천동 8,37.51396179,127.10030365,2018-09-07 00:00:00,25.0,LCD,395,112.70632911392406,4.508253164556963,5,1,5,5,4,20,3.8,집중,1
2635,2635.잠실새내역 1번출구,30924,2025-06-01,2026-06-30,0.12094166343293235,0.3343357909714138,0.2834368128314578,0.17080584659164402,송파구,올림픽로 지하 140,37.51129532,127.08673859,2020-01-16 00:00:00,21.0,QR,395,78.2886075949367,3.728028933092224,5,2,4,5,4,20,3.8,집중,3
287,287. 영등포전화국사거리 (서강어린이공원),26074,2025-06-01,2026-06-30,0.22735291861624607,0.263174043108077,0.26068113829868833,0.15187543146429394,영등포구,영등포동8가 29-1,37.52576828,126.90573883,2018-09-28 00:00:00,10.0,LCD,395,66.01012658227847,6.601012658227847,5,4,2,3,5,19,3.8,집중,1
2613,2613. 잠실나들목,22950,2025-06-01,2026-06-30,0.12095860566448802,0.31098039215686274,0.39224400871459697,0.21058823529411766,송파구,서울 송파구 잠실동 1,37.51678085,127.09049225,2018-11-14 00:00:00,18.0,LCD,395,58.10126582278481,3.2278481012658227,5,2,4,5,4,20,3.8,집중,3
5865,5865.더리브오피스텔 앞,27238,2025-06-01,2026-06-30,0.33005360158601954,0.22123503928335414,0.25075262500917833,0.14395330053601585,영등포구,영등포동1가 94-4,37.51791763,126.91259766,2023-01-05 00:00:00,10.0,QR,395,68.95696202531646,6.895696202531646,5,5,1,3,5,19,3.8,집중,0
5765,5765. 삼전동주민센터 건너편,28216,2025-06-01,2026-06-30,0.23118089027502126,0.2513113127303658,0.2586121349588886,0.15239580379926282,송파구,송파구 삼전동 86,37.50301743,127.0921402,2022-10-19 00:00:00,12.0,QR,395,71.43291139240506,5.952742616033755,5,4,2,3,5,19,3.8,집중,1
2537,2537.양재역 8번출구 앞,15542,2025-06-01,2026-06-30,0.15294041950842877,0.3882383219662849,0.2222365203963454,0.14760005147342684,서초구,서초구 양재동,37.48257065,127.03643799,2020-02-20 00:00:00,10.0,QR,395,39.346835443037975,3.9346835443037973,4,3,5,2,4,18,3.8,집중,2
2525,2525.반포쇼핑타운 2동 앞,30447,2025-06-01,2026-06-30,0.06309324399776661,0.38000459815416954,0.36190757710119226,0.24396492265247807,서초구,서초구 신반포로 165 ,37.5056076,127.00215912,2020-02-21 00:00:00,20.0,QR,395,77.08101265822785,3.8540506329113926,5,1,5,5,4,20,3.8,집중,3
4547,4547. 목동역 2번 출구,39903,2025-06-01,2026-06-30,0.11339999498784553,0.31734456055935645,0.2496303536074982,0.2698293361401398,양천구,양천구 목동로 201,37.52649689,126.86406708,2024-05-29 00:00:00,15.0,QR,395,101.02025316455696,6.734683544303797,5,2,4,3,5,19,3.8,집중,1
1625,1625. 상계역 3번출구,55091,2025-06-01,2026-06-30,0.171443611479189,0.27804904612368625,0.25365304677715056,0.17854095950336715,노원구,서울특별시 노원구 상계로 182 노원구 상계동 173-19,37.65999985,127.07296753,2017-06-27 15:13:56,20.0,LCD,395,139.47088607594938,6.973544303797469,5,3,3,3,5,19,3.8,집중,1
2217,2217.아크로리버뷰 부지 앞,31263,2025-06-01,2026-06-30,0.12650737293285994,0.3364040559127403,0.37926622525029585,0.18376355436138567,서초구,서초구 잠원동 78,37.51304626,127.00595856,2017-06-01 10:20:39,20.0,LCD,395,79.14683544303797,3.9573417721518984,5,2,4,5,4,20,3.8,집중,3
4575,4575. 대림동 e편한세상영등포아델포레,24975,2025-06-01,2026-06-30,0.2070870870870871,0.23975975975975977,0.2432032032032032,0.18326326326326325,영등포구,영등포구 대림동 917-49,37.49582291,126.90835571,2021-05-18 00:00:00,10.0,QR,395,63.22784810126582,6.322784810126582,5,4,2,3,5,19,3.8,집중,1
781,781.신정보도육교 아래,55742,2025-06-01,2026-06-30,0.30680635786301175,0.2159951203760181,0.24294069104086685,0.11831294176742851,양천구,양천구 신목로 10,37.51759338,126.8765564,2020-03-11 00:00:00,15.0,QR,395,141.11898734177214,9.407932489451476,5,5,1,3,5,19,3.8,집중,1
4146,4146.이삭어린이공원,9952,2025-07-08,2026-06-30,0.20367765273311897,0.3135048231511254,0.2608520900321543,0.16448954983922828,동대문구,동대문구 전농동 687-2,37.57872772,127.04930115,2025-07-08 00:00:00,7.0,QR,358,27.798882681564248,3.971268954509178,3,4,4,4,4,19,3.8,집중,0
5155,5155.광진경찰서 앞,13690,2025-11-28,2026-06-30,0.28261504747991234,0.21826150474799125,0.24864864864864866,0.16888239590942294,광진구,광진구 자양로 167 광진경찰서,37.5430069,127.08427429,2025-11-28 00:00:00,5.0,QR,215,63.674418604651166,12.734883720930233,5,5,1,3,5,19,3.8,집중,1
771,771.목동아파트 703동 앞,31256,2025-06-01,2026-06-30,0.14742769388277452,0.3039736370616842,0.25483107243409264,0.1974660865113898,양천구,양천구 목동로 186 ,37.52820587,126.87016296,2020-03-13 00:00:00,8.0,QR,395,79.12911392405063,9.891139240506329,5,2,4,3,5,19,3.8,집중,1
3202,3202.당산롯데캐슬프레스티지,38309,2025-06-01,2026-06-30,0.241640345610692,0.26181837166201155,0.26074812707196743,0.14197708110365712,영등포구,영등포구 영신로 237,37.52869034,126.903862,2020-03-05 00:00:00,15.0,QR,395,96.98481012658227,6.465654008438818,5,4,2,3,5,19,3.8,집중,1
117,117. 홍은사거리,34067,2025-06-01,2026-06-30,0.14177943464349663,0.3162297824874512,0.28942965333020226,0.19373587342589602,서대문구,마포구 서강로1길 30 ,37.59115982,126.94132996,2015-09-07 01:32:20,23.0,QR,395,86.24556962025316,3.749807374793616,5,2,4,5,4,20,3.8,집중,3
3214,3214.영등포 푸르지오 아파트 A,24260,2025-06-01,2026-06-30,0.3421681780708986,0.19105523495465787,0.2503709810387469,0.1056883759274526,영등포구,도신로29길 28,37.51202393,126.90105438,2020-03-04 00:00:00,10.0,QR,395,61.41772151898734,6.141772151898734,5,5,1,3,5,19,3.8,집중,0
4182,4182.보라매병원역 2번출구,20792,2025-08-08,2026-06-30,0.10653135821469796,0.3693728357060408,0.24389188149288188,0.16309157368218546,동작구,동작구 보라매로5길 15 전문건설회관빌딩,37.49265671,126.92449951,2025-08-08 00:00:00,10.0,QR,327,63.584097859327215,6.3584097859327215,5,1,5,3,5,19,3.8,집중,1
5883,5883. 영문초사거리,34310,2025-06-01,2026-06-30,0.14468085106382977,0.31174584669192656,0.24561352375400758,0.1931215389099388,영등포구,선유로 58,37.51898193,126.8894043,2024-09-11 00:00:00,8.0,QR,395,86.86075949367088,10.85759493670886,5,2,4,3,5,19,3.8,집중,1
419,419. 홈플러스 마포점 앞,36010,2025-06-01,2026-06-30,0.06575951124687587,0.3629269647320189,0.3382393779505693,0.17000833101916135,마포구,서울특별시 마포구 월드컵로 240,37.56842041,126.89942932,2015-10-07 11:40:04,21.0,QR,395,91.16455696202532,4.341169379144063,5,1,5,5,4,20,3.8,집중,3
3549,3549.건영아파트 앞,23181,2025-06-01,2026-06-30,0.31620723868685563,0.22527069582848022,0.2434752599111341,0.1515033863940296,성동구,서울특별시 성동구 동일로 265 건영아파트상가,37.55514145,127.07110596,2020-05-11 00:00:00,9.0,QR,395,58.68607594936709,6.520675105485232,5,5,1,3,5,19,3.8,집중,0
4509,4509. 서울영상고교 입구,40395,2025-06-01,2026-06-30,0.19955440029706648,0.23381606634484467,0.24772867929199158,0.21698229978957792,양천구,신월로 347,37.52198029,126.85928345,2021-04-01 00:00:00,15.0,QR,395,102.26582278481013,6.817721518987342,5,4,2,3,5,19,3.8,집중,1
1655,1655. 공릉1단지아파트,32689,2025-06-01,2026-06-30,0.21793263789042186,0.234574321637248,0.25684481018079475,0.13821163082382454,노원구,서울특별시 동일로 1127 공릉1단지아파트,37.63111115,127.07015991,2017-11-01 16:00:00,15.0,LCD,395,82.75696202531645,5.517130801687764,5,4,2,3,5,19,3.8,집중,1
3559,3559.성동구민종합체육센터 앞,21828,2025-06-01,2026-06-30,0.09877221916804105,0.3811618105186,0.30795308777716696,0.1239234011361554,성동구,서울특별시 성동구 성수동1가 685-632,37.54590988,127.04460144,2020-04-13 00:00:00,10.0,QR,395,55.26075949367089,5.526075949367089,4,1,5,5,5,20,3.8,집중,3
1113,1113. 서남환경공원 버스정류장,35265,2025-06-01,2026-06-30,0.29422940592655605,0.21792145186445483,0.2523748759393166,0.11223592797391181,강서구,서울특별시 강서구 양천로 201,37.57312393,126.8223877,2017-04-24 09:38:30,15.0,QR,395,89.27848101265823,5.951898734177216,5,5,1,3,5,19,3.8,집중,1
1668,1668. 중계역 6번출구,36659,2025-06-01,2026-06-30,0.14032024877929022,0.32963255953517556,0.2592814861289179,0.15957882102621457,노원구,서울특별시 노원구 동일로 지하 1308-1 중계역 6번출구,37.64556503,127.06334686,2017-11-28 11:19:32,10.0,LCD,395,92.80759493670887,9.280759493670887,5,2,4,3,5,19,3.8,집중,1
643,643. 동대문구민체육센터 (육교아래),24254,2025-06-01,2026-06-30,0.27912921579945577,0.22548857920343035,0.2563288529727055,0.17646573761029108,동대문구,서울특별시 동대문구 장안동 473-6,37.56697083,127.07429504,2016-07-06 12:00:00,10.0,QR,395,61.40253164556962,6.140253164556961,5,5,1,3,5,19,3.8,집중,0
4332,4332. 이수교차로,22310,2025-06-01,2026-06-30,0.09197669206633796,0.336665172568355,0.3558493948901838,0.27185118780815776,서초구,서초구 방배동 752-37,37.49817276,126.98448181,2022-06-09 00:00:00,5.0,QR,395,56.48101265822785,11.29620253164557,5,1,4,5,5,20,3.75,집중,1
4213,4213. 마포구중앙도서관 정문 앞,31572,2025-06-01,2026-06-30,0.07189915114658559,0.325224882807551,0.2923476498162929,0.12932345115925503,마포구,마포구 성산동 275-26,37.56415558,126.90814972,2020-12-02 00:00:00,15.0,QR,395,79.92911392405064,5.3286075949367095,5,1,4,5,5,20,3.75,집중,1
1720,1720. 도봉구청 옆(중랑천변),22747,2025-06-01,2026-06-30,0.1285883852815756,0.3481338198443751,0.27414604123620695,0.17527586055303995,도봉구,서울특별시 도봉구 마들로 656 도봉구청 옆(중랑천변),37.66867065,127.04798126,2017-11-01 16:00:00,27.0,LCD,395,57.5873417721519,2.1328645100797,5,2,5,4,3,19,3.75,집중,3
4515,4515. 동문굿모닝탑,39680,2025-06-01,2026-06-30,0.12827620967741934,0.27515120967741935,0.2820816532258065,0.24717741935483872,양천구,목동동로 53,37.51481247,126.86117554,2021-04-05 00:00:00,10.0,QR,395,100.45569620253164,10.045569620253165,5,2,3,5,5,20,3.75,집중,1
746,746. 목동2단지 상가,46240,2025-06-01,2026-06-30,0.07484861591695502,0.3331747404844291,0.32076124567474046,0.2481401384083045,양천구,서울특별시  양천구 목동 902-5 ,37.53650284,126.87774658,2017-11-01 16:00:00,10.0,LCD,395,117.0632911392405,11.70632911392405,5,1,4,5,5,20,3.75,집중,1
4317,4317. 양재근린공원,15586,2025-06-01,2026-06-30,0.22128833568587195,0.2797382266136276,0.22404722186577697,0.15404850506865136,서초구,양재동 310-6,37.47039795,127.0424118,2021-02-19 00:00:00,5.0,QR,395,39.45822784810127,7.891645569620254,4,4,3,2,5,18,3.75,집중,1
793,793.목동5단지아파트 534동,38209,2025-06-01,2026-06-30,0.13015258185244313,0.27613912952445757,0.290952393415164,0.19498024025753094,양천구,서울특별시 양천구 목동동로 350 목동신시가지아파트5단지,37.53302002,126.87789917,2020-03-12 00:00:00,15.0,QR,395,96.73164556962026,6.448776371308017,5,2,3,5,5,20,3.75,집중,1
747,747. 목동3단지 상가,31970,2025-06-01,2026-06-30,0.13184235220519236,0.2903972474194557,0.3163278073193619,0.21620269002189552,양천구,서울특별시 양천구 목동 903-6,37.53458023,126.8756485,2017-11-01 16:00:00,10.0,LCD,395,80.9367088607595,8.09367088607595,5,2,3,5,5,20,3.75,집중,1
178,178. 증산3교 앞,16847,2025-06-01,2026-06-30,0.2706119783937793,0.23588769513860033,0.26538849646821394,0.19249718050691517,서대문구,서울특별시 서대문구 북가좌동 352-9,37.57987595,126.90634918,2016-07-06 12:00:00,10.0,LCD,395,42.65063291139241,4.26506329113924,4,5,2,4,4,19,3.75,집중,0
3793,3793. 더리브골드타워,13428,2025-06-01,2026-06-30,0.2166368781650283,0.36982424784033363,0.1550491510277033,0.11140899612749479,강서구,양천로400-12,37.56557083,126.84624481,2020-12-21 00:00:00,10.0,QR,395,33.99493670886076,3.399493670886076,3,4,5,1,4,17,3.75,집중,2
4179,4179. 보라매병원역 1번출구,32314,2025-06-01,2026-06-30,0.09376740731571455,0.329238101132636,0.29303088444637,0.2492108683542737,동작구,동작구 신대방동 395-61,37.49322128,126.9234314,2022-07-18 00:00:00,10.0,QR,395,81.80759493670887,8.180759493670887,5,1,4,5,5,20,3.75,집중,1
3508,3508. 화양사거리,12538,2025-06-01,2026-06-30,0.20138778114531825,0.34112298612218855,0.20051044823735842,0.1362258733450311,광진구,서울특별시 광진구 화양동 21-6 화양사거리,37.54822159,127.06787872,2017-11-01 16:00:00,7.0,QR,395,31.741772151898733,4.534538878842676,3,4,5,1,4,17,3.75,집중,2
103,103. 망원역 2번출구 앞,28606,2025-06-01,2026-06-30,0.07816541984199118,0.3216108508704468,0.3341956232958121,0.2343564287212473,마포구,서울특별시 마포구 월드컵로 79,37.55495071,126.91083527,2015-09-06 23:43:13,14.0,QR,395,72.42025316455697,5.172875226039784,5,1,4,5,5,20,3.75,집중,3
2202,2202.청계산입구역 1번출구,16748,2025-06-01,2026-06-30,0.22331024599952234,0.34923572963935995,0.18742536422259373,0.10514688320993551,서초구,서울특별시 서초구 청계산로 지하 179,37.44893646,127.05437469,2017-06-01 10:03:26,20.0,LCD,395,42.4,2.12,4,4,5,1,3,17,3.75,집중,2
2259,2259. 잠원역 3번-4번 출구사이 ,19036,2025-06-01,2026-06-30,0.1280205925614625,0.34497793654129016,0.2648665686068502,0.15654549275057786,서초구,서울특별시 서초구 잠원로4길 지하 46,37.51298904,127.01117706,2017-06-13 09:27:10,15.0,LCD,395,48.19240506329114,3.212827004219409,4,2,5,4,4,19,3.75,집중,3
2340,2340. 삼호물산버스정류장(23370) 옆,26889,2025-06-01,2026-06-30,0.17438357692736806,0.32176726542452305,0.22458998103313624,0.15143739075458365,강남구,서울특별시 강남구 논현로 82,37.47750854,127.04517365,2017-06-13 16:05:38,17.0,QR,395,68.073417721519,4.004318689501117,5,3,4,2,4,18,3.75,집중,2
458,458. 광화문역 5번출구,30185,2025-06-01,2026-06-30,0.11899950306443598,0.38936557892993207,0.22521119761470929,0.12314063276461819,종로구,서울특별시 종로구 세종대로 152 일민미술관,37.56989288,126.97756958,2018-08-31 00:00:00,21.0,LCD,395,76.41772151898734,3.638939119951778,5,2,5,2,4,18,3.75,집중,2
2102,2102. 봉림교 교통섬,65867,2025-06-01,2026-06-30,0.08257549303900284,0.3051603989858351,0.31392047611095086,0.32110161385822944,관악구,서울특별시 관악구 관천로 52,37.48408508,126.92688751,2017-05-12 11:50:36,13.0,LCD,395,166.75189873417722,12.827069133398247,5,1,4,5,5,20,3.75,집중,1
1994,1994. 삼성전자 물류센터 앞,19630,2025-06-01,2026-06-30,0.369332654100866,0.24635761589403973,0.24039735099337747,0.10122261844116148,구로구,서울시 구로구 구일로126,37.49699783,126.8717804,2018-09-19 00:00:00,10.0,LCD,395,49.69620253164557,4.969620253164557,4,5,2,2,5,18,3.75,집중,0
1278,1278. 송파구청 교차로,20702,2025-06-01,2026-06-30,0.13491450101439476,0.3633948410781567,0.2675103854700029,0.20920683991884842,송파구,서울특별시 송파구 올림픽로 336,37.51579666,127.10681915,2018-02-26 11:50:05,16.0,QR,395,52.41012658227848,3.275632911392405,4,2,5,4,4,19,3.75,집중,3
1449,1449. 상봉역 1번출구,29010,2025-06-01,2026-06-30,0.140641158221303,0.3770768700448121,0.2256118579800069,0.1941744226128921,중랑구,서울특별시 중랑구 망우로 297 상봉역 1번출구,37.59655762,127.08583832,2017-11-28 12:02:52,15.0,LCD,395,73.44303797468355,4.89620253164557,5,2,5,2,4,18,3.75,집중,1
2744,2744.강서세무서 앞,34944,2025-06-01,2026-06-30,0.27815934065934067,0.2318853021978022,0.2143143315018315,0.12362637362637363,강서구,마곡서1로 60,37.56209183,126.82096863,2020-05-27 00:00:00,25.0,QR,395,88.46582278481013,3.5386329113924053,5,5,2,2,4,18,3.75,집중,0
1224,1224. 아시아지하보도 2번 출구,20358,2025-06-01,2026-06-30,0.15065330582571962,0.3217899597209942,0.28018469397779744,0.2252185872875528,송파구,서울특별시 송파구 올림픽로 74,37.51216888,127.07893372,2017-04-24 13:35:22,15.0,LCD,395,51.539240506329115,3.435949367088608,4,3,4,4,4,19,3.75,집중,3
2919,2919.등나무 근린공원(시립북서울미술관 앞) ,38293,2025-06-01,2026-06-30,0.08006685294962526,0.327892826365132,0.2919593659415559,0.15256052019951427,노원구,서울특별시 노원구 동일로 1231-2 가로판매대173,37.64020538,127.06761932,2020-03-23 00:00:00,16.0,QR,395,96.94430379746835,6.059018987341772,5,1,4,5,5,20,3.75,집중,1
1172,1172. 가양3동 주민센터,21301,2025-06-01,2026-06-30,0.20956762593305478,0.2922398009483123,0.2259518332472654,0.13642551992864185,강서구,강서구 허준로 202,37.56124878,126.86058044,2018-10-04 00:00:00,8.0,LCD,395,53.926582278481014,6.740822784810127,4,4,3,2,5,18,3.75,집중,1
3504,3504. 원일교회,32489,2025-06-01,2026-06-30,0.17101172704607714,0.246729662347256,0.283665240542953,0.2575640986179938,광진구,서울특별시 광진구 아차산로 304 원일교회,37.53805161,127.07659912,2017-11-01 12:39:43,8.0,LCD,395,82.2506329113924,10.28132911392405,5,3,2,5,5,20,3.75,집중,1
3509,3509. 세종사이버대학교,37980,2025-06-01,2026-06-30,0.2574776197998947,0.23414955239599788,0.225724065297525,0.18127962085308058,광진구,서울특별시 광진구 군자동 111-2 세종사이버대학교,37.55341721,127.07319641,2017-11-01 16:00:00,20.0,QR,395,96.15189873417721,4.807594936708861,5,5,2,2,4,18,3.75,집중,1
906,906. 연신내역 5번출구,27990,2025-06-01,2026-06-30,0.07591997141836371,0.31311182565201856,0.28735262593783495,0.32433011789924976,은평구,서울특별시 은평구 대조동 207-8 연신내역 5번출구,37.61721039,126.91957855,2016-09-02 11:00:00,10.0,LCD,395,70.86075949367088,7.086075949367088,5,1,4,5,5,20,3.75,집중,3
3533,3533. 건대입구역 사거리(롯데백화점),68937,2025-06-01,2026-06-30,0.10112131366319974,0.3393243106024341,0.29895411752759765,0.19333594441301477,광진구,서울특별시 광진구 능동로 92 건대입구역 사거리(롯데백화점),37.53913879,127.07061768,2018-10-29 00:00:00,10.0,LCD,395,174.52405063291138,17.45240506329114,5,1,4,5,5,20,3.75,집중,1
3570,3570.구의역 리버비스타 오피스텔,33180,2025-06-01,2026-06-30,0.10961422543701024,0.29358047016274863,0.28393610608800485,0.27284508740204944,광진구,서울특별시 광진구 아차산로 417,37.53809738,127.08901978,2020-04-14 00:00:00,10.0,QR,395,84.0,8.4,5,2,3,5,5,20,3.75,집중,1
3579,3579.광진 캠퍼스시티,28963,2025-06-01,2026-06-30,0.22856748265027793,0.29568760142250455,0.23205469046714775,0.18098953837654938,광진구,서울특별시 광진구 화양동 21-62,37.54788971,127.06745148,2020-04-13 00:00:00,20.0,QR,395,73.3240506329114,3.6662025316455695,5,4,3,2,4,18,3.75,집중,0
1029,1029. 성내어울터,38449,2025-06-01,2026-06-30,0.07318785924211293,0.3341569351608624,0.2976150224973341,0.27295898462898904,강동구,서울특별시 성내동  44-1,37.53655624,127.12553406,2017-11-01 16:00:00,7.0,LCD,395,97.33924050632912,13.905605786618446,5,1,4,5,5,20,3.75,집중,1
2173,2173. 당곡사거리,27808,2025-06-01,2026-06-30,0.10734321058688147,0.30937140391254314,0.28189729574223243,0.28214902186421176,관악구,서울특별시 관악구 보라매로 3,37.48974991,126.92746735,2017-11-28 10:25:53,10.0,LCD,395,70.4,7.040000000000001,5,1,4,5,5,20,3.75,집중,1
224,224. 롯데캐슬 앞,25168,2025-06-01,2026-06-30,0.11860298792116974,0.3456373172282263,0.2300540368722187,0.1465750158931977,영등포구,서울특별시 영등포구 국제금융로 86,37.520088200000004,126.93236542,2015-09-17 15:22:58,20.0,QR,395,63.71645569620253,3.1858227848101266,5,2,5,2,4,18,3.75,집중,2
1462,1462.동부시장 북문 앞,22493,2025-06-01,2026-06-30,0.0849597652603032,0.321522251367092,0.2890232516782999,0.2590583737162673,중랑구,서울특별시 중랑구 망우로 214 우도빌딩,37.59386826,127.07652283,2020-05-05 00:00:00,9.0,QR,395,56.94430379746836,6.327144866385373,5,1,4,5,5,20,3.75,집중,3
3819,3819. 서울대벤처타운역,28768,2025-06-01,2026-06-30,0.10866240266963292,0.30276696329254726,0.2916087319243604,0.24555061179087875,관악구,신림동 110-10,37.4722023,126.93390656,2022-09-28 00:00:00,13.0,QR,395,72.83037974683545,5.602336903602727,5,1,4,5,5,20,3.75,집중,3
1002,1002. 해공공원(천호동),23082,2025-06-01,2026-06-10,0.2219045143401785,0.22814314184212806,0.2884498743609739,0.2020622129798111,강동구,서울특별시 강동구 올림픽로 702,37.5452652,127.12593842,2017-04-19 14:00:02,10.0,LCD,375,61.552,6.1552,5,4,1,5,5,20,3.75,집중,1
1956,1956. 동아1차APT105동 버스정류장(신도림중학교 방면),22959,2025-06-01,2026-06-30,0.29992595496319524,0.24735397883183066,0.21930397665403545,0.10157236813450063,구로구,서울특별시 구로구 신도림로 67,37.51000977,126.88204956,2017-11-13 09:33:13,15.0,LCD,395,58.12405063291139,3.8749367088607594,5,5,2,2,4,18,3.75,집중,0
1830,1830. 빅마켓 금천점 앞,18014,2025-06-01,2026-06-30,0.271622071721994,0.33818141445542355,0.1884090152103919,0.13661596536027534,금천구,서울특별시 금천구 두산로 71,37.4702301,126.89507294,2017-05-08 16:06:45,19.0,LCD,395,45.60506329113924,2.400266489007328,4,5,4,1,3,17,3.75,집중,0
1805,1805. 서울디지털운동장 앞,12908,2025-06-01,2026-06-30,0.22203284784629687,0.35381158971180665,0.146343352959405,0.11365044933374652,금천구,서울특별시 금천구 가산디지털2로 151,37.48228836,126.87776947,2017-05-08 15:43:23,10.0,LCD,395,32.678481012658224,3.2678481012658223,3,4,5,1,4,17,3.75,집중,2
4027,4027. 한내 행복발전소 옆,28489,2025-06-01,2026-06-30,0.04233212818982765,0.33272491136930044,0.3196321387202078,0.2207869704096318,노원구,서울특별시 노원구 서울 노원구 마들로3길 15 (월계동),37.62741089,127.06214142,2021-04-27 00:00:00,10.0,QR,395,72.12405063291139,7.212405063291139,5,1,4,5,5,20,3.75,집중,1
912,912. 응암오거리,23391,2025-06-01,2026-06-30,0.2012312427856868,0.26809456628617845,0.26450344149459193,0.19913641999059467,은평구,서울특별시 은평구 응암동 604-5 응암오거리,37.58966064,126.91694641,2016-09-02 11:00:00,20.0,LCD,395,59.21772151898734,2.960886075949367,5,4,3,4,3,19,3.75,집중,3
3657,3657. 서울천호동우체국,30123,2025-06-01,2026-06-30,0.11545994754838496,0.2934302692294924,0.28499817415264084,0.2692626896391462,강동구,강동구 구천면로 192,37.54074097,127.12576294,2021-04-13 00:00:00,12.0,QR,395,76.26075949367089,6.355063291139241,5,2,3,5,5,20,3.75,집중,1
1619,1619. 중계동 하나프라자빌딩 앞(중1-1),22546,2025-06-01,2026-06-30,0.07801827375144149,0.31899228244477956,0.3030249268162867,0.23134924155060765,노원구,서울특별시 노원구 한글비석로 235 노원구 중계동 391,37.64902115,127.07640839,2017-05-26 10:11:16,10.0,LCD,395,57.07848101265823,5.707848101265823,5,1,4,5,5,20,3.75,집중,3
516,516. 광진메디칼 앞,21142,2025-06-01,2026-06-30,0.256267145965377,0.2597672878630215,0.23644877495033584,0.17945322107653014,광진구,서울특별시 광진구 광나루로 355 광진메디컬앞,37.54840469,127.06936646,2015-10-07 11:59:59,10.0,QR,395,53.52405063291139,5.352405063291139,4,5,2,2,5,18,3.75,집중,0
4794,4794. 서울역 서부교차로(3),16040,2025-06-01,2026-06-30,0.3045511221945137,0.25928927680798003,0.21546134663341646,0.19950124688279303,중구,서울특별시 중구 중구 한강대로 405,37.55540848,126.96942139,2021-04-13 00:00:00,8.0,QR,395,40.607594936708864,5.075949367088608,4,5,2,2,5,18,3.75,집중,0
4820,4820. 망우역 2번 출구,19605,2025-06-01,2026-06-30,0.2674317776077531,0.2498342259627646,0.2175465442489161,0.17317010966590154,중랑구,서울특별시 중랑구 중랑구 망우로55길 11-10(상봉동),37.60025406,127.09171295,2021-07-02 00:00:00,8.0,QR,395,49.63291139240506,6.204113924050633,4,5,2,2,5,18,3.75,집중,0
530,530. 청계벽산아파트 앞,18882,2025-06-01,2026-06-30,0.28010803940260565,0.2447304310984006,0.23043109840059317,0.14527062811142888,성동구,서울특별시 성동구 하왕십리동 286-24 청계벽산아파트 텐즈힐아파트 정류소,37.56874847,127.03040314,2016-06-29 12:00:00,9.0,LCD,395,47.80253164556962,5.311392405063291,4,5,2,2,5,18,3.75,집중,0
5503,5503. 마포아트센터 앞,17067,2025-06-01,2026-06-30,0.24978027772895062,0.23290560731235718,0.21403878830491593,0.15509462705806526,마포구,대흥로20길8,37.55034256,126.94580078,2022-08-31 00:00:00,5.0,QR,395,43.20759493670886,8.641518987341772,4,5,2,2,5,18,3.75,집중,1
5885,5885. 신정교하부(도림천역 방면),16563,2025-06-01,2026-06-30,0.20557869951095817,0.2661353619513373,0.2795991064420697,0.15914991245547305,영등포구,선유서로3,37.51594543,126.88288879,2024-10-08 00:00:00,10.0,QR,395,41.93164556962025,4.193164556962025,4,4,3,4,4,19,3.75,집중,0
582,582. 경일중학교 앞,21732,2025-06-01,2026-06-30,0.1792748021351003,0.3142830848518314,0.21360206147616417,0.12322841892140622,성동구,서울특별시 성동구 성수일로 27 경일중학교 앞,37.54317856,127.0490799,2016-07-06 12:00:00,10.0,QR,395,55.017721518987344,5.501772151898734,4,3,4,2,5,18,3.75,집중,2
4917,4917. 일원에코파크 주차장,14017,2025-06-01,2026-06-30,0.2930013554968966,0.23607048583862453,0.22287222658200756,0.12763073410858244,강남구,강남구 일원동 701-2,37.49404526,127.08678436,2022-12-02 00:00:00,5.0,QR,395,35.48607594936709,7.097215189873419,4,5,2,2,5,18,3.75,집중,0
2109,2109. 은천로입구 가로공원,29384,2025-06-01,2026-06-30,0.29393547508848356,0.2161720664307106,0.2699428260277702,0.17176014157364553,관악구,서울특별시관악구 봉천동 962,37.48620224,126.9358139,2017-06-22 13:59:06,22.0,LCD,395,74.38987341772152,3.381357882623705,5,5,1,4,4,19,3.7,집중,0
1904,1904. 도림천역 1번 출구 앞,26783,2025-06-01,2026-06-30,0.2556099018033827,0.22749505283202032,0.219243550013068,0.16178172721502446,구로구,서울특별시 구로구 경인로67길 160,37.51424026,126.88287354,2017-05-11 11:15:30,10.0,LCD,395,67.80506329113923,6.780506329113924,5,5,1,2,5,18,3.7,집중,1
2611,2611. 송파지역자활센터 뒤,32011,2025-06-01,2026-06-30,0.35097310299584517,0.20293024272906188,0.2398550498266221,0.09949704788978789,송파구,송파구 풍성로 5길 16,37.53641891,127.11616516,2018-11-14 00:00:00,7.0,LCD,395,81.04050632911392,11.577215189873417,5,5,1,2,5,18,3.7,집중,1
3569,3569.건대병원후문,51584,2025-06-01,2026-06-30,0.1545052729528536,0.2786910669975186,0.21650124069478907,0.24751861042183623,광진구,서울특별시 광진구 화양동 4-1,37.53956604,127.0724411,2020-05-07 00:00:00,12.0,QR,395,130.59240506329115,10.88270042194093,5,3,3,2,5,18,3.7,집중,1
5070,5070. 마곡13단지힐스테이트마스터 후문(1320동 앞),40631,2025-06-01,2026-06-30,0.35300632521965986,0.18700007383524894,0.22699416701533312,0.08648568826757894,강서구,서울시 강서구 마곡중앙1로 71 마곡13단지힐스테이트마스터 후문 인근,37.5567627,126.81869507,2021-11-11 00:00:00,15.0,QR,395,102.8632911392405,6.857552742616034,5,5,1,2,5,18,3.7,집중,1
2921,2921.중계역 2번출구,28909,2025-06-01,2026-06-30,0.17060431007644677,0.28845688193988034,0.2268497699678301,0.16828669272544883,노원구,노원구 중계동 514-6,37.64587021,127.06562042,2020-03-26 00:00:00,10.0,QR,395,73.1873417721519,7.318734177215189,5,3,3,2,5,18,3.7,집중,1
209,209. 유진투자증권빌딩 앞,47705,2025-06-01,2026-06-30,0.057771722041714706,0.5003878000209622,0.24007965622052196,0.061440100618383814,영등포구,서울특별시 영등포구 국제금융로 24,37.52461243,126.92783356,2015-09-17 15:10:43,12.0,QR,395,120.77215189873418,10.064345991561181,5,1,5,2,5,18,3.7,집중,1
913,913. 이마트 버스정류장(서부경찰서 방면),22761,2025-06-01,2026-06-30,0.07956592416853389,0.34989675321822417,0.26971574183911073,0.1698080049206977,은평구,서울특별시 은평구 응암동 90-15 이마트 은평점,37.60070038,126.92012787,2016-09-02 11:00:00,15.0,LCD,395,57.62278481012658,3.841518987341772,5,1,5,4,4,19,3.7,집중,3
4141,4141. 우리은행장안지점 앞,22420,2025-06-01,2026-06-30,0.15744870651204282,0.2771186440677966,0.23688670829616415,0.2675735950044603,동대문구,동대문구 한천로14길87,37.56630707,127.06768799,2024-09-24 00:00:00,6.0,QR,395,56.75949367088607,9.459915611814345,5,3,3,2,5,18,3.7,집중,1
4013,4013. 중계 롯데마트,25086,2025-06-01,2026-06-30,0.15371123335725106,0.27688750697600256,0.26576576576576577,0.1852029020170613,노원구,서울특별시 노원구 서울 노원구 노원로 330,37.64584351,127.070755,2021-03-03 00:00:00,20.0,QR,395,63.50886075949367,3.1754430379746834,5,3,3,4,4,19,3.7,집중,3
1924,1924. 삼부르네상스파크빌,16945,2025-06-01,2026-06-30,0.2864561817645323,0.28262024195928004,0.1888462673354972,0.18518737090587195,구로구,서울특별시 구로구 남부순환로 1299,37.47874069,126.89509583,2017-05-11 11:25:33,10.0,LCD,395,42.89873417721519,4.289873417721519,4,5,3,1,4,17,3.7,집중,0
1931,1931. 개봉역2번출구 A,16824,2025-06-01,2026-06-30,0.22099381835473134,0.3175225867807894,0.20084403233475986,0.18194246314788398,구로구,서울특별시 구로구 경인로40길 47,37.49499512,126.85825348,2017-06-27 15:20:00,10.0,LCD,395,42.59240506329114,4.259240506329114,4,4,4,1,4,17,3.7,집중,0
1442,1442. 중랑구청 중화동 별관 앞,23884,2025-06-01,2026-06-30,0.1492212359738737,0.2749120750293083,0.2335454697705577,0.27093451683135156,중랑구,서울특별시 중화동 50-8 (구)신한은행 중랑교지점,37.59859085,127.07981873,2017-11-01 16:00:00,8.0,LCD,395,60.46582278481013,7.558227848101266,5,3,3,2,5,18,3.7,집중,1
4142,4142. 현대썬앤빌 앞,28776,2025-06-01,2026-06-30,0.2757506255212677,0.2122602168473728,0.23331943286071727,0.21570058381984988,동대문구,동대문구 장한로 99-1,37.56906891,127.06946564,2024-11-13 00:00:00,6.0,QR,395,72.85063291139241,12.141772151898735,5,5,1,2,5,18,3.7,집중,1
204,204. 국회의사당역 5번출구 옆,18832,2025-06-01,2026-06-30,0.16063084112149534,0.3697960917587086,0.1558517417162277,0.08326253186066271,영등포구,서울특별시 영등포구 의사당대로 8,37.52816391,126.91702271,2015-09-17 15:06:33,13.0,QR,395,47.675949367088606,3.6673807205452773,4,3,5,1,4,17,3.7,집중,2
4411,4411. 동산어린이공원 앞,12632,2025-06-01,2026-06-30,0.26393286890436984,0.2690785307156428,0.17740658644711843,0.08518049398353388,성북구,서울특별시 성북구 성북구 하월곡동 96-78,37.60623932,127.03466034,2021-07-15 00:00:00,5.0,QR,395,31.979746835443038,6.395949367088607,3,5,3,1,5,17,3.7,집중,0
259,259. 대방역6번출구,36877,2025-06-01,2026-06-30,0.37307807034194757,0.21018521029367898,0.21105295983946634,0.13254874311901726,영등포구,서울특별시 영등포구 신길동1368,37.51359177,126.92593384,2016-06-29 12:00:00,17.0,QR,395,93.35949367088608,5.491734921816828,5,5,1,2,5,18,3.7,집중,0
398,398. 을지로3가역 3번출구,22720,2025-06-01,2026-06-30,0.10651408450704225,0.36756161971830986,0.21941021126760563,0.20453345070422535,중구,서울특별시 중구 을지로 지하 129 을지로3가역 3번출구,37.56655884,126.99243927,2018-10-26 00:00:00,8.0,LCD,395,57.51898734177215,7.189873417721519,5,1,5,2,5,18,3.7,집중,1
1077,1077.강동역 1번출구 앞,31858,2025-06-01,2026-06-30,0.2187519618306234,0.2639525393935589,0.22750957373344216,0.1955238872496704,강동구,천호동 571-2 ,37.53627014,127.13246918,2020-01-09 00:00:00,15.0,QR,395,80.65316455696203,5.376877637130802,5,4,2,2,5,18,3.7,집중,1
917,917. 녹번역 3번출구,16534,2025-06-01,2026-06-30,0.2519051651143099,0.2760977379944357,0.20739083101487843,0.15834038950042337,은평구,서울특별시 은평구 은평로 234-2 구두수선대,37.60078049,126.93521118,2016-09-02 11:00:00,10.0,QR,395,41.858227848101265,4.185822784810126,4,5,3,1,4,17,3.7,집중,0
795,795.양천 해누리타운,44085,2025-06-01,2026-06-30,0.13755245548372463,0.31548145627764546,0.22145854599069978,0.21351933764318928,양천구,양천구 신정동 327-4,37.51584244,126.86411285,2020-04-20 00:00:00,22.0,QR,395,111.60759493670886,5.07307249712313,5,2,4,2,5,18,3.7,집중,1
5084,5084. 강서우체국,19165,2025-06-01,2026-06-30,0.21429689538220714,0.3007044090790503,0.20026089225150012,0.16232715888338117,강서구,등촌동 709,37.56418228,126.84027863,2022-07-11 00:00:00,10.0,QR,395,48.51898734177215,4.851898734177215,4,4,4,1,4,17,3.7,집중,0
4491,4491. 장지역 1번출구,17770,2025-06-01,2026-06-30,0.174732695554305,0.36195835678109173,0.20889138998311763,0.16893640967923468,송파구,충민로2길 8,37.47953415,127.12678528000001,2021-01-05 00:00:00,10.0,QR,395,44.9873417721519,4.49873417721519,4,3,5,1,4,17,3.7,집중,2
3571,3571.화양 APT(횡단보도 옆),45986,2025-06-01,2026-06-30,0.2154351324316096,0.26181881442178057,0.2241986691601792,0.22800417518375157,광진구,서울특별시 광진구 화양동 24-33,37.54434967,127.0654068,2020-04-13 00:00:00,15.0,QR,395,116.42025316455697,7.761350210970464,5,4,2,2,5,18,3.7,집중,1
1964,1964. 원메디타운 앞,28359,2025-06-01,2026-06-30,0.16157128248527805,0.27677280581120633,0.23459924538947072,0.20677738989386085,구로구,서울특별시 구로구 경인로 403,37.49789047,126.86450195,2017-11-13 09:39:51,10.0,LCD,395,71.79493670886076,7.179493670886076,5,3,3,2,5,18,3.7,집중,1
787,787.양천아파트 입구,46086,2025-06-01,2026-06-30,0.3225491472464523,0.21455539643275615,0.23221802716660156,0.10050774638718916,양천구,양천구 목동로3길 41,37.50790405,126.86264801,2020-03-09 00:00:00,14.0,QR,395,116.67341772151899,8.33381555153707,5,5,1,2,5,18,3.7,집중,1
4480,4480. 가락시장 남1문 사거리,16460,2025-06-01,2026-06-30,0.23748481166464155,0.2967800729040097,0.18554070473876064,0.18760631834750913,송파구,중대로70-2,37.49201584,127.11745453,2021-01-04 00:00:00,10.0,QR,395,41.67088607594937,4.167088607594937,4,4,4,1,4,17,3.7,집중,0
785,"785.양천구청, 보건소 사잇길",67616,2025-06-01,2026-06-30,0.08146000946521534,0.372530170373876,0.23734027449124467,0.18640558447704686,양천구,양천구 신정동 321-8,37.51747513,126.86632538,2020-03-15 00:00:00,24.0,QR,395,171.17974683544304,7.132489451476793,5,1,5,2,5,18,3.7,집중,1
4486,4486. 홈플러스 잠실점,29185,2025-06-01,2026-06-30,0.09624807264005482,0.40219290731540175,0.23416138427274286,0.13301353434983723,송파구,올림픽로35가길 16,37.51613998,127.103508,2021-01-04 00:00:00,10.0,QR,395,73.88607594936708,7.388607594936708,5,1,5,2,5,18,3.7,집중,1
4341,4341. 영동1교 북단,8906,2025-06-01,2026-06-30,0.1506849315068493,0.3507747585897148,0.30911744891084664,0.12441050976869526,서초구,서초구 양재동 105-20,37.47555923,127.03826141,2023-03-23 00:00:00,5.0,QR,395,22.546835443037974,4.509367088607595,2,3,5,5,4,19,3.7,집중,3
179,179. 가좌역 4번출구 앞,20929,2025-06-01,2026-06-30,0.28013760810358834,0.2941851020115629,0.1996750919776387,0.11142433943332218,서대문구,서울특별시 서대문구 남가좌동 293-3 ,37.56877518,126.91529846,2016-06-29 12:00:00,14.0,QR,395,52.98481012658228,3.7846292947558773,4,5,3,1,4,17,3.7,집중,0
4399,4399. 더리브 세종타워 앞,23217,2025-06-01,2026-06-30,0.10763664556144205,0.4088383512081664,0.2347417840375587,0.10462161347288625,성동구,성동구 아차산로 126,37.54378128,127.0580368,2024-09-02 00:00:00,7.0,QR,395,58.77721518987342,8.396745027124775,5,1,5,2,5,18,3.7,집중,1
2739,2739.수명산파크1단지교차로,53373,2025-06-01,2026-06-30,0.3134731043786184,0.2142281678001986,0.2234463118055946,0.13892792235774643,강서구,강서로47길 142,37.55363083,126.82861328,2020-03-17 00:00:00,20.0,QR,395,135.12151898734177,6.756075949367089,5,5,1,2,5,18,3.7,집중,1
2741,2741.마곡수명산파크5-6단지,24452,2025-06-01,2026-06-30,0.3026746278423033,0.1857107803042696,0.21998200556191722,0.10645345983968592,강서구,강서구 내발산동 751-1,37.55061722,126.82688141,2020-03-17 00:00:00,8.0,QR,395,61.90379746835443,7.737974683544304,5,5,1,2,5,18,3.7,집중,0
543,543. 구의공원(테크노마트 앞),29895,2025-06-01,2026-06-30,0.09780899816022746,0.38106706807158386,0.2720187322294698,0.17354072587389197,광진구,서울특별시 광진구 구의동 546-3 구의공원(테크노마트 앞),37.53596878,127.09467316,2016-06-29 12:00:00,20.0,QR,395,75.68354430379746,3.784177215189873,5,1,5,4,4,19,3.7,집중,3
2733,2733.마곡13단지 정문 앞,63937,2025-06-01,2026-06-30,0.3431659289613213,0.18124090901981638,0.22772416597588252,0.07438572344651767,강서구,강서구 마곡동 730-417 ,37.5586319,126.81991577,2020-03-20 00:00:00,15.0,QR,395,161.86582278481012,10.791054852320675,5,5,1,2,5,18,3.7,집중,1
2732,2732.마곡수명산 1-2단지 ,29865,2025-06-01,2026-06-30,0.35730788548468106,0.1783023606228026,0.22765779340364975,0.09700318098108153,강서구,강서구 마곡동 728-350,37.5553093,126.82985687,2020-03-17 00:00:00,14.0,QR,395,75.60759493670886,5.400542495479205,5,5,1,2,5,18,3.7,집중,0
3764,3764. 관문주유소(GS칼택스) 앞,31500,2025-06-01,2026-06-30,0.22720634920634922,0.2645396825396825,0.23965079365079364,0.20815873015873015,강서구,강서구 공항대로 308,37.55802917,126.84183502,2021-01-26 00:00:00,10.0,QR,395,79.74683544303798,7.974683544303798,5,4,2,2,5,18,3.7,집중,1
1669,1669. 중계역 3번출구,29939,2025-06-01,2026-06-30,0.12578910451250877,0.302047496576372,0.2398877718026654,0.229666989545409,노원구,서울특별시 노원구 동일로 지하 1308-1 중계역 3번출구,37.64352798,127.06522369,2017-11-28 11:20:04,9.0,LCD,395,75.79493670886076,8.421659634317862,5,2,4,2,5,18,3.7,집중,1
1153,"1153. 발산역 1번, 9번 인근 대여소",96067,2025-06-01,2026-06-30,0.13016956915486066,0.31266720101595763,0.22876742273621534,0.2757970999406664,강서구,서울특별시 강서구 공항대로 281,37.55894852,126.83717346,2017-11-01 16:00:00,32.0,"LCD,QR",395,243.20759493670886,7.600237341772152,5,2,4,2,5,18,3.7,집중,1
1155,1155. 기쁜우리복지관,29225,2025-06-01,2026-06-30,0.2658340461933276,0.226142001710864,0.2190590248075278,0.13211291702309666,강서구,서울특별시 강서구 가양동 1458-15 ,37.56925964,126.84841919,2017-11-01 16:00:00,10.0,LCD,395,73.9873417721519,7.398734177215189,5,5,1,2,5,18,3.7,집중,1
2601,2601. 석촌호수 아뜰리에,28707,2025-06-01,2026-06-30,0.18887379384819034,0.27902602152785033,0.28101159995819835,0.21228271850071412,송파구,송파구 삼학사로 136,37.5067482,127.09883118,2018-09-12 00:00:00,16.0,LCD,395,72.6759493670886,4.542246835443038,5,3,3,4,4,19,3.7,집중,3
2241,2241.양재전화국 사거리,9826,2025-06-01,2026-06-30,0.16059434154284552,0.3669855485446774,0.24384286586606962,0.15336861388153877,서초구,서울특별시 강남구 논현로 201,37.48537827,127.04170227,2017-06-01 10:40:53,6.0,LCD,395,24.87594936708861,4.145991561181435,3,3,5,3,4,18,3.7,집중,2
1650,1650. 중계근린공원내,39150,2025-06-01,2026-06-30,0.15887611749680716,0.2741507024265645,0.27719029374201787,0.18697318007662836,노원구,서울특별시 노원구 중계동 506-3 중계근린공원내,37.63957977,127.06510162,2017-11-01 16:00:00,25.0,QR,395,99.11392405063292,3.9645569620253167,5,3,3,4,4,19,3.7,집중,1
283,283. 아크로타워 스퀘어(영등포시장),34651,2025-06-01,2026-06-30,0.27548988485180803,0.22524602464575336,0.23777091570228853,0.13777380162188682,영등포구,영등포구 영등포동7가 3-2,37.52251816,126.90721893,2018-09-28 00:00:00,15.0,LCD,395,87.72405063291139,5.848270042194092,5,5,1,2,5,18,3.7,집중,1
1132,1132. 등촌역 7번출구,24986,2025-06-01,2026-06-30,0.22832786360361804,0.24921956295525494,0.22532618266229087,0.17289682222044345,강서구,서울특별시 강서구 공항대로 지하 529,37.55110931,126.8637085,2017-04-24 09:57:19,10.0,LCD,395,63.255696202531645,6.325569620253164,5,4,2,2,5,18,3.7,집중,1
704,704. 남부법원검찰청 교차로,30572,2025-06-01,2026-06-30,0.14817480047101925,0.31087269396833705,0.21604736360068036,0.1884404029831218,양천구,서울특별시 양천구 신정동 1095,37.52325439,126.86490631,2016-06-29 12:00:00,14.0,LCD,395,77.39746835443037,5.528390596745027,5,2,4,2,5,18,3.7,집중,1
2746,2746.수명산파크 4단지 411동 앞,24711,2025-06-01,2026-06-30,0.35830197078224274,0.1737282991380357,0.22783375824531585,0.08878637044231313,강서구,내발산동 751-6,37.55134964,126.82493591,2020-06-18 00:00:00,10.0,QR,395,62.55949367088608,6.255949367088608,5,5,1,2,5,18,3.7,집중,0
1019,1019. 다성이즈빌아파트(호원대 대각선 맞은편),51646,2025-06-01,2026-06-30,0.243407040235449,0.25126824923517793,0.2367656740115401,0.1529256864035937,강동구,서울특별시 강동구 성내로 91,37.52679443,127.13005829,2017-04-19 15:03:35,10.0,LCD,395,130.74936708860758,13.074936708860758,5,4,2,2,5,18,3.7,집중,1
1149,1149. 신방화역환승주차장,44051,2025-06-01,2026-06-30,0.14188100156636627,0.33806270005221223,0.2399037479285374,0.17450228144650518,강서구,서울특별시 강서구 마곡서1로 111-12,37.56728363,126.81827545,2017-08-31 11:19:16,13.0,LCD,395,111.52151898734178,8.578578383641675,5,2,4,2,5,18,3.7,집중,1
1227,1227. 거여역 8번출구 뒤,14850,2025-06-01,2026-06-30,0.25212121212121213,0.296026936026936,0.19932659932659932,0.1773063973063973,송파구,서울특별시 송파구 오금로 지하 499,37.49312592,127.14382172,2017-06-27 13:41:47,10.0,LCD,395,37.59493670886076,3.7594936708860756,4,5,3,1,4,17,3.7,집중,0
280,280. 양평동6차현대아파트 앞,39736,2025-06-01,2026-06-30,0.31492852828669216,0.20399637608214213,0.23522750150996577,0.14588785987517616,영등포구,양평동 3가 80-9,37.53210068,126.8944397,2018-09-28 00:00:00,10.0,LCD,395,100.59746835443038,10.059746835443038,5,5,1,2,5,18,3.7,집중,1
1608,1608. 공릉역 1번 출구 앞,46131,2025-06-01,2026-06-30,0.14168346664932474,0.32453231016019596,0.22063254644382302,0.22971537577767662,노원구,서울특별시 노원구 동일로 지하 1074 노원구 공릉동 385-4,37.62661362,127.07275391,2017-05-26 10:09:36,10.0,LCD,395,116.7873417721519,11.67873417721519,5,2,4,2,5,18,3.7,집중,1
1447,1447. 면목역 3번출구,28022,2025-06-01,2026-06-30,0.13885518521161944,0.31846406394975374,0.2634715580615231,0.25508529012918424,중랑구,서울특별시 면목동 120-2 면목역 3번출구,37.58890152,127.08728027,2017-11-01 16:00:00,15.0,LCD,395,70.94177215189873,4.7294514767932485,5,2,4,4,4,19,3.7,집중,3
1381,1381.석계역 4번출구 뒤,25257,2025-06-01,2026-06-30,0.11972918398859722,0.32600863127053886,0.27612147127529,0.2627390426416439,성북구,서울특별시 성북구 석관동 375-97,37.61478424,127.06700134,2020-03-25 00:00:00,18.0,QR,395,63.94177215189873,3.552320675105485,5,2,4,4,4,19,3.7,집중,3
744,744. 신목동역 2번 출구,40741,2025-06-01,2026-06-30,0.20954321199774184,0.3289315431629071,0.1970987457352544,0.1278073684985641,양천구,서울특별시 양천구 목동중앙로 212 앞,37.54384232,126.88254547,2017-11-01 16:00:00,40.0,QR,395,103.14177215189873,2.5785443037974685,5,4,4,1,3,17,3.7,집중,1
2707,2707.한강아파트,34342,2025-06-01,2026-06-30,0.2896162133830295,0.2150136858657038,0.23760992370857842,0.11388387397356008,강서구,강서구 허준로 23,37.57036972,126.84441376,2020-03-20 00:00:00,13.0,QR,395,86.94177215189873,6.687828627069133,5,5,1,2,5,18,3.7,집중,1
5086,5086. 가양테크노타운,21677,2025-06-01,2026-06-30,0.0830373206624533,0.39604188771508975,0.28094293490796696,0.2250772708400609,강서구,가양동1484-5,37.56035995,126.86276245,2022-08-05 00:00:00,8.0,QR,395,54.87848101265823,6.859810126582278,4,1,5,4,5,19,3.6999999999999997,집중,3
1260,1260. 방이동 한양3차아파트 옆,16971,2025-06-01,2026-06-30,0.18236992516646044,0.2852513110600436,0.26085675564197747,0.19963467090919804,송파구,서울특별시 송파구 방이동 225-1,37.50630188,127.12139893,2017-11-01 16:00:00,8.0,LCD,395,42.96455696202532,5.370569620253165,4,3,3,4,5,19,3.6999999999999997,집중,3
4693,4693. 수색감리교회,20285,2025-06-01,2026-06-30,0.2321912743406458,0.2319940842987429,0.275967463643086,0.18530934187823514,은평구,은평구 수색로18길 5 앞,37.58369446,126.89412689,2023-12-08 00:00:00,6.0,QR,395,51.35443037974684,8.559071729957806,4,4,2,4,5,19,3.6999999999999997,집중,1
4824,4824. 상봉신협 앞,19109,2025-06-01,2026-06-30,0.3134648594902925,0.22366424198021875,0.26369773405201735,0.17897325867392327,중랑구,서울특별시 중랑구 봉우재로41길 6 청운명가프라임,37.59354401,127.08979034,2021-08-26 00:00:00,7.0,QR,395,48.37721518987342,6.911030741410488,4,5,1,4,5,19,3.6999999999999997,집중,0
4721,4721. 통인시장 정자,16407,2025-06-01,2026-06-30,0.30401657828975437,0.20491253733162673,0.27500457121960137,0.11397574206131529,종로구,종로구 자하문로 7길 76 앞,37.58055878,126.96878815,2024-11-22 00:00:00,8.0,QR,395,41.5367088607595,5.192088607594937,4,5,1,4,5,19,3.6999999999999997,집중,0
641,641. 용두역 4번출구,21628,2025-06-01,2026-06-30,0.12285000924727206,0.32245237654891806,0.2738579619012391,0.1959496948400222,동대문구,서울특별시 동대문구 청계천로 563 용두역 4번출구,37.57375336,127.03853607,2016-07-06 12:00:00,10.0,QR,395,54.754430379746836,5.475443037974683,4,2,4,4,5,19,3.6999999999999997,집중,3
4019,4019. 상계주공10단지 버스정류소,15921,2025-06-01,2026-06-30,0.17574272972803215,0.27655298034043085,0.2608504490923937,0.2210288298473714,노원구,서울특별시 노원구 서울 노원구 상계동 694-1,37.66214371,127.05819702,2021-03-03 00:00:00,7.0,QR,395,40.30632911392405,5.7580470162748645,4,3,3,4,5,19,3.6999999999999997,집중,3
4496,4496. 잠실 파크리오 120동 앞,19812,2025-06-01,2026-06-30,0.21673733091055924,0.26534423581667677,0.26413284877851806,0.1629820310922673,송파구,올림픽로 435,37.51921082,127.10794067,2020-12-24 00:00:00,10.0,QR,395,50.15696202531645,5.015696202531645,4,4,2,4,5,19,3.6999999999999997,집중,0
1108,1108. 공항시장역 2번출구 뒤,16891,2025-06-01,2026-06-30,0.2210644722041324,0.23326031614469245,0.2709727073589486,0.19957373749333965,강서구,서울특별시 강서구 방화동로 지하 30,37.56387329,126.81060791,2017-04-24 09:34:00,8.0,LCD,395,42.7620253164557,5.345253164556962,4,4,2,4,5,19,3.6999999999999997,집중,0
1552,1552. 강북구청사거리,16256,2025-06-01,2026-06-30,0.06354576771653543,0.37044783464566927,0.2626722440944882,0.23708169291338582,강북구,서울특별시 강북구 도봉로 358 코스타타워,37.63920212,127.02723694,2020-03-25 00:00:00,8.0,QR,395,41.154430379746834,5.144303797468354,4,1,5,4,5,19,3.6999999999999997,집중,3
130,130. 신촌역(2호선) 7번출구 앞,21474,2025-06-01,2026-06-30,0.07450870820527149,0.3544751792865791,0.27549594858899135,0.22580795380460092,마포구,서울특별시 마포구 신촌로 94,37.55485916,126.93615723,2015-09-07 10:37:50,10.0,QR,395,54.36455696202532,5.436455696202532,4,1,5,4,5,19,3.6999999999999997,집중,3
3886,3886.광진구 민방위교육센터,21242,2025-06-01,2026-06-30,0.2922041239054703,0.22102438565106863,0.2778928537802467,0.14979757085020243,광진구,서울특별시 광진구 구의동 623-1,37.5391922,127.09801483,2021-09-24 00:00:00,5.0,QR,395,53.77721518987342,10.755443037974683,4,5,1,4,5,19,3.6999999999999997,집중,1
4136,4136. 롯데캐슬SKY-L65 D동 앞,21816,2025-06-01,2026-06-30,0.22863953061972864,0.2596718005133847,0.2617345067840117,0.14943160982764944,동대문구,동대문구 전농동 623-19,37.57791901,127.04456329,2024-03-18 00:00:00,7.0,QR,395,55.230379746835446,7.890054249547921,4,4,2,4,5,19,3.6999999999999997,집중,1
4557,4557. 리버뷰신안인스빌2차 후문,20936,2025-06-01,2026-06-30,0.2008502101643103,0.2500477646159725,0.27435995414596864,0.23762896446312573,영등포구,영등포구 도림로143길 27,37.51288223,126.89026642,2020-12-22 00:00:00,10.0,QR,395,53.00253164556962,5.3002531645569615,4,4,2,4,5,19,3.6999999999999997,집중,3
2901,2901.공릉동풍림아파트 101동,18304,2025-06-01,2026-06-30,0.353201486013986,0.17542613636363635,0.2608719405594406,0.06971153846153846,노원구,서울특별시 노원구 섬밭로 139 공릉풍림아파트,37.62981415,127.06650543,2020-03-24 00:00:00,8.0,QR,395,46.33924050632911,5.792405063291139,4,5,1,4,5,19,3.6999999999999997,집중,0
1080,1080.천호지하주차장 5번 출입구,20552,2025-06-01,2026-06-30,0.15687037757882444,0.2743771895679253,0.26245620864149477,0.2562281043207474,강동구,천호대로 1052,37.5368309,127.12841797,2020-01-09 00:00:00,10.0,QR,395,52.03037974683544,5.203037974683545,4,3,3,4,5,19,3.6999999999999997,집중,3
949,949. 연신내역 1번 출구 ,14092,2025-06-01,2026-06-30,0.1124751632131706,0.323516889015044,0.2667470905478286,0.246309963099631,은평구,서울특별시 불광동 487-2 연신내역 1번 출구,37.61978149,126.92080688,2017-11-01 16:00:00,6.0,LCD,395,35.675949367088606,5.945991561181434,4,2,4,4,5,19,3.6999999999999997,집중,3
630,630. 동대문구 보건소,28621,2025-06-01,2026-06-30,0.2348974529191852,0.27088501449984276,0.1791691415394291,0.11984207400160721,동대문구,서울특별시 동대문구 천호대로 145 동대문구 보건소,37.57485199,127.04030609,2016-07-06 12:00:00,15.0,QR,395,72.45822784810126,4.83054852320675,5,4,3,1,4,17,3.6500000000000004,집중,0
4350,4350.누리숲어린이공원 앞,10485,2025-06-12,2026-06-30,0.15784453981878874,0.31835956127801623,0.26018121125417265,0.16709585121602288,서초구,서초구 서운로 221,37.50208664,127.0216217,2025-06-12 00:00:00,5.0,QR,384,27.3046875,5.4609375,3,3,4,3,5,18,3.6500000000000004,집중,3
4860,4860. 가락쌍용2차아파트 103동,10107,2025-06-01,2026-06-30,0.18521816562778273,0.29791233798357575,0.2838626694370238,0.14188186405461561,송파구,가락동22-7,37.50226974,127.12195587,2021-04-13 00:00:00,7.0,QR,395,25.5873417721519,3.6553345388788427,3,3,4,5,4,19,3.6500000000000004,집중,0
837,837. 한남나들목 입구,12118,2025-06-01,2026-06-30,0.11140452219838257,0.34188810034659184,0.33776200693183694,0.24723551741211422,용산구,서울특별시 용산구 서빙고로 417 한남나들목 입구,37.52906036,127.00672913,2017-12-22 14:22:33,10.0,LCD,395,30.678481012658228,3.067848101265823,3,2,5,5,4,19,3.6500000000000004,집중,3
264,264. 교보생명보험 앞,22451,2025-06-01,2026-06-30,0.18039285555209122,0.3268005879470848,0.20742951316199723,0.17611687675381943,영등포구,서울특별시 영등포구 영등포로 96,37.52193069,126.89161682,2016-07-06 12:00:00,15.0,QR,395,56.8379746835443,3.789198312236287,5,3,4,1,4,17,3.6500000000000004,집중,2
807,807. 서울역 12번 출구 앞,11821,2025-06-01,2026-06-30,0.19465358260722443,0.3438795364182387,0.217578885035107,0.16352254462397428,용산구,서울특별시 용산구 동자동 14-229 서울역 12번 출구 앞,37.55227661,126.97268677,2016-06-29 12:00:00,10.0,QR,395,29.926582278481014,2.9926582278481013,3,4,5,2,3,17,3.6500000000000004,집중,2
2720,2720.힐스테이트에코,38052,2025-06-01,2026-06-30,0.15883527804057607,0.33845789971617785,0.20721644066014927,0.19478608220330074,강서구,강서구 마곡동 727-1120,37.55965805,126.8296051,2020-03-16 00:00:00,30.0,QR,395,96.33417721518987,3.211139240506329,5,3,4,1,4,17,3.6500000000000004,집중,1
2103,2103. 신림동 우방아파트,12134,2025-06-01,2026-06-30,0.247651227954508,0.2475688149002802,0.2843250370858744,0.15534860721938354,관악구,서울특별시 관악구 관천로27길 2,37.4891777,126.91927338,2017-05-12 11:51:13,10.0,LCD,395,30.718987341772152,3.071898734177215,3,5,2,5,4,19,3.6500000000000004,집중,0
2372,2372. 대치역 사거리,12182,2025-06-01,2026-06-30,0.15481858479724184,0.3224429486127073,0.28706287965851257,0.16540797898538828,강남구,서울특별시 강남구 삼성로 156 ,37.49449921,127.063797,2017-11-01 16:00:00,10.0,LCD,395,30.840506329113925,3.0840506329113926,3,3,4,5,4,19,3.6500000000000004,집중,3
222,222. 시범아파트버스정류장 옆,22529,2025-06-01,2026-06-30,0.19028807315016202,0.3134182609081628,0.18833503484397887,0.10692884726352701,영등포구,서울특별시 영등포구 63로 45,37.51902008,126.93688965,2015-09-17 15:21:19,12.0,QR,395,57.03544303797468,4.75295358649789,5,3,4,1,4,17,3.6500000000000004,집중,2
723,723. SBS방송국,23146,2025-06-01,2026-06-30,0.11902704570984188,0.4124254730839022,0.18845588870647195,0.1755810939255163,양천구,서울특별시 양천구 목동서로161,37.52916336,126.87274933,2017-11-01 16:00:00,15.0,LCD,395,58.59746835443038,3.9064978902953587,5,2,5,1,4,17,3.6500000000000004,집중,2
353,353. 재동초교 앞 삼거리,10076,2025-06-01,2026-06-30,0.1091703056768559,0.35132989281460897,0.2929734021437078,0.13735609368797141,종로구,서울특별시 종로구 재동 19 재동초교 앞 삼거리,37.57938766,126.9849472,2016-06-01 14:30:00,8.0,LCD,395,25.508860759493672,3.188607594936709,3,2,5,5,4,19,3.6500000000000004,집중,3
236,236. 문래동자이아파트 앞,38995,2025-06-01,2026-06-30,0.17022695217335557,0.2611360430824465,0.26685472496473905,0.29675599435825106,영등포구,서울특별시 영등포구 문래동3가 68-1,37.51615524,126.89461517,2016-06-29 12:00:00,10.0,LCD,395,98.72151898734177,9.872151898734177,5,3,2,4,5,19,3.65,집중,1
1044,1044. 굽은다리역,46104,2025-06-01,2026-06-30,0.1452151657123026,0.28928075655040775,0.2695644629533229,0.24692000694082944,강동구,서울특별시  양재대로 1572,37.54540634,127.14267731,2017-11-01 16:00:00,15.0,LCD,395,116.71898734177215,7.7812658227848095,5,2,3,4,5,19,3.65,집중,1
602,602. 장안동 사거리,35880,2025-06-01,2026-06-30,0.11000557413600892,0.2887402452619844,0.2615663322185061,0.2745261984392419,동대문구,서울특별시 동대문구 장한로 25길 2 장안동 사거리,37.57217407,127.07138824,2016-06-29 12:00:00,10.0,QR,395,90.83544303797468,9.083544303797469,5,2,3,4,5,19,3.65,집중,1
380,380. CJ제일제당 앞,15989,2025-06-01,2026-06-30,0.16405028457064233,0.30714866470698604,0.16348739758584027,0.1279629745449997,중구,서울특별시 중구 동호로 330 CJ제일제당 앞,37.56386566,127.00274658,2016-06-15 09:30:00,8.0,LCD,395,40.47848101265823,5.059810126582279,4,3,4,1,5,17,3.65,집중,2
1531,1531. 미아사거리 1번 출구,24478,2025-06-01,2026-06-30,0.07978593022305744,0.31129994280578477,0.2719176403300923,0.3390391371844105,강북구,서울특별시 강북구 미아동 66-1 미아사거리 1번 출구,37.61395645,127.03025055,2017-11-01 16:00:00,10.0,LCD,395,61.96962025316456,6.196962025316456,5,1,4,4,5,19,3.65,집중,3
2332,2332. 선릉역3번출구,17683,2025-06-01,2026-06-30,0.15008765480970424,0.3372165356557145,0.17841995136571848,0.173726177684782,강남구,서울특별시 강남구 선릉로 435,37.50400925,127.0490799,2017-06-13 15:24:47,8.0,LCD,395,44.767088607594935,5.595886075949367,4,3,4,1,5,17,3.65,집중,2
3600,3600.사근빗물펌프장 건너편,35283,2025-06-01,2026-06-30,0.13057279709775246,0.29127341779327154,0.28019159368534424,0.25323810333588415,성동구,서울특별시 성동구 사근동 241-1,37.56119156,127.04968262,2020-07-03 00:00:00,7.0,QR,395,89.3240506329114,12.760578661844486,5,2,3,4,5,19,3.65,집중,1
342,342. 대학로 마로니에공원,24850,2025-06-01,2026-06-30,0.14901408450704226,0.3237022132796781,0.25613682092555334,0.21356136820925553,종로구,서울특별시 종로구 대학로 104 대학로 마로니에공원,37.57978439,127.00253296,2015-10-07 12:33:32,22.0,QR,395,62.91139240506329,2.859608745684695,5,3,4,3,3,18,3.65,집중,3
1684,1684. 태릉입구역 5번출구,41679,2025-06-01,2026-06-30,0.08167182513975862,0.32308836584371026,0.26123467453633725,0.2915856906355719,노원구,서울특별시 노원구 동일로 986 태릉입구역 5번출구와 6번출구 사이,37.61832047,127.07563019,2018-10-27 00:00:00,20.0,LCD,395,105.51645569620253,5.275822784810126,5,1,4,4,5,19,3.65,집중,1
996,996.응암역2번출구 국민은행 앞,41248,2025-06-01,2026-06-30,0.10832040341349884,0.33875581846392555,0.2776134600465477,0.2337810318076028,은평구,서울특별시 은평구 연서로 9 센타폴리스,37.59996796,126.91572571,2020-04-10 00:00:00,10.0,QR,395,104.4253164556962,10.44253164556962,5,1,4,4,5,19,3.65,집중,1
5301,5301. 상계주공1단지 버스정류장 옆(대원빌딩 앞),26378,2025-06-01,2026-06-30,0.13329289559481386,0.292668132534688,0.268443399802866,0.18223519599666388,노원구,서울특별시 노원구 동일로 1331-2 구두수선대,37.64805984,127.06239319,2021-12-15 00:00:00,4.0,QR,395,66.77974683544304,16.69493670886076,5,2,3,4,5,19,3.65,집중,1
4238,4238. 상암한샘빌딩앞,14883,2025-06-01,2026-06-30,0.2923469730565074,0.25075589598871195,0.1658267822347645,0.11926358933010818,마포구,서울시 마포구 성암로 179,37.57649231,126.89867401,2021-10-28 00:00:00,7.0,QR,395,37.678481012658224,5.38264014466546,4,5,2,1,5,17,3.65,집중,0
3931,3931. 천왕역 3번 출구 뒤,13955,2025-06-01,2026-06-30,0.17112146184163382,0.33099247581512004,0.1845216768183447,0.21461841633823003,구로구,구로구 천왕동 14-41,37.48690414,126.83894348,2023-03-24 00:00:00,7.0,QR,395,35.32911392405063,5.047016274864376,4,3,4,1,5,17,3.65,집중,2
546,546. 잠실대교북단 교차로,22226,2025-06-01,2026-06-30,0.17241069018266894,0.25015747322955095,0.2704490236659768,0.26388014037613605,광진구,서울특별시 광진구 자양동 722 잠실대교북단 교차로,37.53247833,127.08509064,2016-06-29 12:00:00,8.0,LCD,395,56.268354430379745,7.033544303797468,5,3,2,4,5,19,3.65,집중,3
3936,3936. 힐스테이트 신도림역,27273,2025-06-01,2026-06-30,0.13819528471381953,0.29512704872951273,0.2667473325266747,0.24595754042459575,구로구,구로구 신도림동 431-30,37.50683594,126.88478851,2024-05-29 00:00:00,10.0,QR,395,69.04556962025316,6.904556962025316,5,2,3,4,5,19,3.65,집중,1
4796,4796. 서울시청,21857,2025-06-01,2026-06-30,0.14796175138399598,0.3485839776730567,0.16745207485016242,0.09026856384682252,중구,서울특별시 중구 무교로 6,37.5664711,126.97925568,2021-03-09 00:00:00,10.0,QR,395,55.334177215189875,5.533417721518988,4,2,5,1,5,17,3.65,집중,2
5311,5311. 주공601동 상가 노원지하보도 앞,30225,2025-06-01,2026-06-30,0.08036393713813068,0.32224979321753516,0.26196856906534327,0.15430934656741108,노원구,서울특별시 노원구 동일로 1386-2 가로판매대,37.65229416,127.06134796,2022-07-29 00:00:00,5.0,QR,395,76.51898734177215,15.303797468354428,5,1,4,4,5,19,3.65,집중,1
3575,3575. 자양사거리(서원빌딩),41602,2025-06-01,2026-06-30,0.13328686120859573,0.28005865102639294,0.2610211047545791,0.22388346714100282,광진구,서울특별시 광진구 아차산로 360 서원빌딩,37.53657532,127.08258057,2020-04-14 00:00:00,6.0,QR,395,105.32151898734178,17.553586497890297,5,2,3,4,5,19,3.65,집중,1
4041,4041. 공릉역3번출구,25108,2025-06-01,2026-06-30,0.09518878445117095,0.31519834315755935,0.2611916520630875,0.281981838457862,노원구,서울특별시 노원구 공릉동 405-6,37.62500381,127.07301331,2021-07-23 00:00:00,8.0,QR,395,63.564556962025314,7.945569620253164,5,1,4,4,5,19,3.65,집중,1
1102,1102. 방화사거리 마을버스 버스정류장,28997,2025-06-01,2026-06-30,0.1317377659757906,0.2803738317757009,0.26288926440666277,0.21233231023899024,강서구,서울특별시 강서구 양천로17길 6,37.57364273,126.81180573,2017-04-24 09:26:16,10.0,LCD,395,73.41012658227848,7.341012658227848,5,2,3,4,5,19,3.65,집중,1
343,343. 힐스테이트창경궁 아파트 앞,14130,2025-06-01,2026-06-30,0.20332625619249822,0.29363057324840763,0.2024062278839349,0.13828733191790515,종로구,서울특별시 종로구 충신동 60,37.57561111,127.00469971,2015-10-07 12:34:08,6.0,QR,395,35.77215189873418,5.962025316455697,4,4,3,1,5,17,3.65,집중,0
3201,3201.당산skv1센터,21058,2025-06-01,2026-06-30,0.1735207522081869,0.3187387216259854,0.18202108462342104,0.1693418178364517,영등포구,영등포구 당산로41길 11,37.53073502,126.89916992,2020-03-05 00:00:00,9.0,QR,395,53.311392405063295,5.923488045007033,4,3,4,1,5,17,3.65,집중,2
791,791.현대하이페리온,38084,2025-06-01,2026-06-30,0.09996323915555089,0.3147778594685432,0.2779644995273606,0.26423169835101357,양천구,오목로300(205동앞 서쪽방향),37.52490616,126.86978912,2020-03-13 00:00:00,15.0,QR,395,96.41518987341772,6.427679324894514,5,1,4,4,5,19,3.65,집중,1
4385,4385. 용답동 우체국 주변,19870,2025-06-01,2026-06-30,0.271112229491696,0.24353296426774032,0.1995973829894313,0.17569199798691496,성동구,서울특별시 성동구 천호대로 384,37.56168747,127.06151581,2022-07-11 00:00:00,5.0,QR,395,50.30379746835443,10.060759493670886,4,5,2,1,5,17,3.65,집중,1
3681,3681. 길동 마루빌딩,48138,2025-06-01,2026-06-30,0.14078274959491463,0.2908097552868835,0.27784702314180065,0.24616726910133366,강동구,양재대로 1465,37.53685379,127.13948822,2021-04-14 00:00:00,10.0,QR,395,121.86835443037975,12.186835443037975,5,2,3,4,5,19,3.65,집중,1
766,766. 신목동역 3번출구,16691,2025-06-01,2026-06-28,0.12246120663830808,0.396980408603439,0.297106224911629,0.20280390629680667,양천구,양천구 목동 136-1,37.54394913,126.883461,2019-03-12 00:00:00,15.0,LCD,393,42.470737913486005,2.831382527565734,4,2,5,5,3,19,3.65,집중,3
1126,1126. 우장산역 1번출구옆(우장산아이파크105동앞),23199,2025-06-01,2026-06-30,0.09151256519677572,0.30285788180525025,0.2722100090521143,0.22147506358032673,강서구,서울특별시 강서구 강서로 지하 262,37.54890823,126.83656311,2017-04-24 09:48:04,7.0,LCD,395,58.731645569620255,8.390235081374323,5,1,4,4,5,19,3.65,집중,1
1018,1018. 둔촌 주공 GS 맞은편,30598,2025-06-01,2026-06-30,0.18962023661677233,0.24374142100790902,0.2722726975619322,0.17729916988038433,강동구,서울특별시 강동구 양재대로 1330,37.52458954,127.13542175,2017-06-22 10:08:54,15.0,QR,395,77.46329113924051,5.1642194092827,5,3,2,4,5,19,3.65,집중,1
157,157. 애오개역 4번출구 앞,18244,2025-06-01,2026-06-30,0.2716509537382153,0.23552948914711686,0.24177811883358913,0.16663012497259372,마포구,서울특별시 마포구 아현동 607-1,37.5530014,126.95668793,2016-06-29 12:00:00,12.0,LCD,395,46.187341772151896,3.848945147679325,4,5,2,3,4,18,3.6499999999999995,집중,0
5075,5075. 등촌역 1번출구,15228,2025-06-01,2026-06-30,0.16213553979511428,0.29623062779091147,0.2530207512477016,0.2368006304176517,강서구,강서구 등촌동 649-14,37.5518837,126.86357117,2021-11-19 00:00:00,10.0,QR,395,38.551898734177215,3.8551898734177215,4,3,4,3,4,18,3.6499999999999995,집중,3
3783,3783. 마곡금호어울림아파트,17894,2025-06-01,2026-06-30,0.30356544092992066,0.25041913490555495,0.25544875377221415,0.08231809545098916,강서구,강서구 양천로47길 90,37.57410049,126.83711243,2020-11-10 00:00:00,10.0,QR,395,45.30126582278481,4.5301265822784815,4,5,2,3,4,18,3.6499999999999995,집중,0
2059,2059. 보라매공원 정문,16690,2025-06-01,2026-06-30,0.11575793888556021,0.35320551228280406,0.24673457159976034,0.25518274415817854,동작구,서울특별시 동작구 신대방동 395 ,37.49707794,126.91779327,2017-11-01 16:00:00,10.0,LCD,395,42.25316455696203,4.225316455696203,4,2,5,3,4,18,3.6499999999999995,집중,3
605,605. 신설동역8번출구,15643,2025-06-01,2026-06-30,0.15636386882311576,0.3003899507767052,0.24758678002940612,0.1685098766221313,동대문구,서울특별시 동대문구 천호대로 26 신설동역9번출구,37.57419968,127.02649689,2016-06-29 12:00:00,8.0,LCD,395,39.60253164556962,4.9503164556962025,4,3,4,3,4,18,3.6499999999999995,집중,3
5514,5514.공덕역 1번출구,16522,2025-06-18,2026-06-30,0.11384820239680427,0.3424524875923012,0.2546301900496308,0.21310979300326838,마포구,공덕동 478-1,37.54408264,126.94959259,2025-06-18 00:00:00,10.0,QR,378,43.70899470899471,4.370899470899471,4,2,5,3,4,18,3.6499999999999995,집중,3
2265,2265. 이수고가차도 남단,16746,2025-06-01,2026-06-30,0.1520363071778335,0.32981010390541027,0.25815120028663563,0.1799832795891556,서초구,서울특별시 서초구 동작대로 204 청남빌딩,37.49474335,126.98306274,2017-08-09 11:16:28,10.0,LCD,395,42.39493670886076,4.239493670886076,4,3,4,3,4,18,3.6499999999999995,집중,3
1933,1933. 개봉푸르지오아파트 상가,21481,2025-06-01,2026-06-30,0.2666076998277548,0.23662771751780642,0.24565895442484056,0.17722638610865415,구로구,서울특별시 구로구 남부순환로 775,37.50170517,126.84728241,2017-05-11 11:29:24,16.0,LCD,395,54.382278481012655,3.398892405063291,4,5,2,3,4,18,3.6499999999999995,집중,0
1473,1473.중랑역 1번 출구(중화문화복지센터),12706,2025-06-01,2026-06-30,0.20399811112860067,0.3063906815677633,0.23547930111758225,0.14158665197544468,중랑구,서울특별시 중랑구 중화동 321-129,37.59489059,127.07495117,2020-04-21 00:00:00,10.0,QR,395,32.167088607594934,3.2167088607594936,3,4,4,2,4,17,3.6000000000000005,집중,0
143,143. 공덕역 2번출구,13057,2025-06-01,2026-06-30,0.18365627632687448,0.35865819100865437,0.2179673738224707,0.15976104771386995,마포구,서울특별시 마포구 공덕동 257-88,37.54457855,126.9502182,2016-06-29 12:00:00,9.0,LCD,395,33.05569620253164,3.672855133614627,3,3,5,2,4,17,3.6000000000000005,집중,2
4887,4887. 호돌이상가,11260,2025-06-01,2026-06-30,0.22344582593250445,0.2991119005328597,0.23658969804618118,0.14289520426287744,송파구,송파구 문정동 150,37.48633575,127.11374664,2021-11-10 00:00:00,6.0,QR,395,28.50632911392405,4.751054852320675,3,4,4,2,4,17,3.6000000000000005,집중,0
379,379. 서울역9번출구,10565,2025-06-01,2026-06-30,0.1567439659252248,0.34036914339801233,0.22385234264079507,0.16696639848556555,중구,서울특별시 중구 세종대로 지하2 서울역9번출구,37.55599976,126.97335815,2016-06-15 09:30:00,7.0,LCD,395,26.746835443037973,3.8209764918625675,3,3,5,2,4,17,3.6000000000000005,집중,2
2503,2503. 반포1동 서초빌딩 앞,12111,2025-06-01,2026-06-30,0.191726529601189,0.3148377508050533,0.22021302947733465,0.21682767731814054,서초구,반포동 749-35,37.50381088,127.0213623,2018-10-02 00:00:00,10.0,LCD,395,30.660759493670888,3.0660759493670886,3,4,4,2,4,17,3.6000000000000005,집중,3
276,276. 영등포로터리2,13230,2025-06-01,2026-06-30,0.3000755857898715,0.2797430083144369,0.23960695389266817,0.18095238095238095,영등포구,서울특별시 영등포구 경인로112길 1,37.51828384,126.9126358,2017-11-28 11:53:53,10.0,LCD,395,33.49367088607595,3.3493670886075946,3,5,3,2,4,17,3.6000000000000005,집중,0
1206,1206. 9호선종합운동장역 9번출구,16023,2025-06-01,2026-06-30,0.17156587405604443,0.34812457092928917,0.23347687698932784,0.1741246957498596,송파구,서울특별시 송파구 올림픽로 지하 23,37.51128006,127.07823944,2017-04-24 13:24:43,20.0,LCD,395,40.564556962025314,2.028227848101266,4,3,5,2,3,17,3.6,집중,3
207,207. 여의나루역 1번출구 앞,47872,2025-06-01,2026-06-30,0.10862299465240642,0.39367479946524064,0.3172835895721925,0.24509107620320855,영등포구,서울특별시 영등포구 여의동로 지하343,37.52715683,126.93190002,2015-09-17 15:33:18,46.0,QR,395,121.19493670886077,2.634672537149147,5,1,5,5,3,19,3.6,집중,1
1291,1291. 서울체육고등학교 앞,25600,2025-06-01,2026-06-30,0.0627734375,0.349140625,0.1444921875,0.112109375,송파구,송파구 강동대로 232,37.52193832,127.13186646,2018-09-07 00:00:00,10.0,LCD,395,64.81012658227849,6.481012658227849,5,1,5,1,5,17,3.6,집중,2
291,291. 문래동 하이테크 시티,29495,2025-06-01,2026-06-30,0.06713002203763349,0.4505509408374301,0.15134768604848278,0.1304288862519071,영등포구,영등포구 문래동3가 55-21,37.51412964,126.89939117,2018-11-21 00:00:00,14.0,LCD,395,74.67088607594937,5.333634719710669,5,1,5,1,5,17,3.6,집중,2
4452,4452. 삼성SDS,42597,2025-06-01,2026-06-30,0.07570955701105711,0.4950818132732352,0.1440711787215062,0.08690752869920416,송파구,올림픽로35길 125,37.51633835,127.09985352,2021-01-04 00:00:00,10.0,QR,395,107.84050632911392,10.784050632911391,5,1,5,1,5,17,3.6,집중,1
3758,3758. 서울남부출입국관리소,26195,2025-06-01,2026-06-30,0.25619393013933955,0.20603168543615194,0.1955334987593052,0.14983775529681237,강서구,마곡동730-280,37.56059265,126.82084656,2021-06-24 00:00:00,10.0,QR,395,66.31645569620254,6.631645569620254,5,5,1,1,5,17,3.6,집중,0
1986,1986. 태평양물산,31892,2025-06-01,2026-06-30,0.04408629123291107,0.5407939295121034,0.13341903925749404,0.12934278188887496,구로구,구로구 구로동 197-21,37.48485947,126.89518738,2018-09-28 00:00:00,15.0,LCD,395,80.73924050632911,5.382616033755274,5,1,5,1,5,17,3.6,집중,2
3410,3410.종로3가역 8번출구,32846,2025-06-01,2026-06-30,0.14985081897339098,0.28931985629909274,0.164586250989466,0.1472934299458077,종로구,서울특별시 종로구 돈화문로10길 2,37.5724678,126.99188995,2020-02-11 00:00:00,10.0,QR,395,83.15443037974684,8.315443037974685,5,3,3,1,5,17,3.6,집중,1
1610,1610. 화랑대역 2번출구 앞,24088,2025-06-01,2026-06-30,0.15065592826303553,0.2921371637329791,0.2818000664231152,0.19652939222849553,노원구,서울특별시 노원구 화랑로 지하 510 노원구 공릉동 280-12,37.62036896,127.08364105,2017-05-08 14:06:53,20.0,LCD,395,60.982278481012656,3.0491139240506326,5,3,3,5,3,19,3.6,집중,3
4377,4377. 우영테크노센터 앞,23913,2025-06-01,2026-06-30,0.03433278969598127,0.47526450048090996,0.2075440137163886,0.09099652908459833,성동구,서울특별시 성동구 성동구 아차산로 144,37.54332352,127.05971527,2021-10-28 00:00:00,8.0,QR,395,60.539240506329115,7.567405063291139,5,1,5,1,5,17,3.6,집중,2
2745,2745.수명초등학교,32843,2025-06-01,2026-06-30,0.36762780501172243,0.1655756173309381,0.1852754011509302,0.09088694699022623,강서구,수명로1길 84,37.5525589,126.82311249,2020-05-28 00:00:00,9.0,QR,395,83.14683544303797,9.238537271448664,5,5,1,1,5,17,3.6,집중,1
1239,1239. 문정 법조단지3,9309,2025-06-01,2026-06-30,0.25974863035771834,0.3792029219035342,0.20077344505317435,0.06037168331721989,송파구,서울특별시 송파구 정의로 30,37.48084259,127.11801147,2017-06-27 13:52:05,13.0,LCD,395,23.567088607594936,1.812852969814995,3,5,5,1,2,16,3.6,집중,2
1072,1072.고덕역 5번출구,22238,2025-06-01,2026-06-30,0.09582696285637197,0.34117276733519203,0.2856821656623797,0.17924273765626406,강동구,강동구 명일동 46-5,37.55486298,127.15372467,2020-01-13 00:00:00,22.0,QR,395,56.29873417721519,2.5590333716915996,5,1,5,5,3,19,3.6,집중,3
3602,3602. 한국지역난방공사강남지사,5333,2025-06-01,2026-06-30,0.24564035252203262,0.3605850365647853,0.10763172698293644,0.07519219951246953,강남구,양재대로 781,37.49229431,127.09433746,2020-11-09 00:00:00,5.0,QR,395,13.50126582278481,2.700253164556962,2,5,5,1,3,16,3.6,집중,2
497,497.합정동주민센터 앞,27548,2025-06-01,2026-06-30,0.0572818353419486,0.3528023812980979,0.31759111369246407,0.21783795556846233,마포구,마포구 합정동 473-2,37.551754,126.91230011,2020-04-06 00:00:00,25.0,QR,395,69.74177215189873,2.789670886075949,5,1,5,5,3,19,3.6,집중,3
1452,1452. 겸재교 진입부,25767,2025-06-01,2026-06-30,0.15640159894438624,0.27900027166530833,0.30585632786121786,0.23549501300112546,중랑구,서울특별시 중랑구 겸재로 68 겸재교진입부,37.58565521,127.07505035,2017-11-29 12:04:30.995000,25.0,"LCD,QR",395,65.23291139240506,2.6093164556962023,5,3,3,5,3,19,3.6,집중,3
1020,1020. 강동경찰서,48978,2025-06-01,2026-06-30,0.2293070358119972,0.26003511780799543,0.20070235615990853,0.12944587365756055,강동구,서울특별시 강동구 성내로 57,37.52825165,127.12680054,2017-04-19 15:04:46,15.0,LCD,395,123.99493670886076,8.266329113924051,5,4,2,1,5,17,3.6,집중,1
3763,3763. 등촌태영아파트,14743,2025-06-01,2026-06-30,0.23767211558027537,0.3235433765176694,0.22512378756019805,0.11381672658210676,강서구,양천로590,37.55603027,126.86429596,2020-11-11 00:00:00,18.0,QR,395,37.324050632911394,2.0735583684950774,4,4,4,2,3,17,3.6,집중,0
756,756. 목동주차장,19075,2025-06-01,2026-06-30,0.0636959370904325,0.3690170380078637,0.32859764089121885,0.2672608125819135,양천구,양천구 목동동로 298,37.52667999,126.8761673,2018-09-27 00:00:00,15.0,LCD,395,48.29113924050633,3.2194092827004224,4,1,5,5,4,19,3.5999999999999996,집중,3
3754,3754. 신방화역 8번출구,19980,2025-06-01,2026-06-30,0.19174174174174174,0.26176176176176175,0.2508008008008008,0.23113113113113112,강서구,초원로16길3-9,37.5674057,126.81621552,2021-01-27 00:00:00,10.0,QR,395,50.58227848101266,5.058227848101266,4,4,2,3,5,18,3.5999999999999996,집중,3
1416,1416. 상봉역 3번출구,21180,2025-06-01,2026-06-30,0.14036827195467422,0.3135505193578848,0.254957507082153,0.2796506137865911,중랑구,서울특별시 중랑구 면목로 480 중랑구 상봉동 160-22,37.59521866,127.08599854,2017-06-22 10:32:31,8.0,LCD,395,53.620253164556964,6.7025316455696204,4,2,4,3,5,18,3.5999999999999996,집중,3
1048,1048. 둔촌어린이공원,25500,2025-06-01,2026-06-30,0.2268235294117647,0.23223529411764707,0.2604313725490196,0.1639607843137255,강동구,서울특별시 강동구 진황도로 172,37.53099442,127.14237213,2018-01-16 14:04:23,13.0,LCD,395,64.55696202531645,4.965920155793573,5,4,2,3,4,18,3.5999999999999996,집중,0
1215,1215. 올림픽공원역 1번출구 앞,24511,2025-06-01,2026-06-30,0.13308310554444944,0.3132471135408592,0.25755783117783854,0.18216311044021052,송파구,서울특별시 송파구 양재대로 지하 1233,37.51657104,127.13153839,2017-04-24 13:27:40,15.0,LCD,395,62.053164556962024,4.136877637130802,5,2,4,3,4,18,3.5999999999999996,집중,3
3513,3513. 상왕십리역 1번출구,26825,2025-06-01,2026-06-30,0.12499534016775396,0.3313699906803355,0.24581547064305684,0.18825722273998136,성동구,서울특별시 성동구 하왕십리동 860-1 상왕십리역 1번출구,37.56460953,127.02919769,2017-11-01 16:00:00,15.0,LCD,395,67.9113924050633,4.527426160337553,5,2,4,3,4,18,3.5999999999999996,집중,3
133,133. 해담는다리,21843,2025-06-01,2026-06-30,0.1839490912420455,0.28613285720825893,0.28379801309343955,0.1911825298722703,서대문구,서울특별시 서대문구 불광천길 150,37.58203125,126.90899658,2015-09-07 10:42:20,15.0,QR,395,55.29873417721519,3.6865822784810125,4,3,3,5,4,19,3.5999999999999996,집중,3
5898,5898.당산역 1번출구,1236,2026-05-29,2026-06-30,0.063915857605178,0.42475728155339804,0.2524271844660194,0.2588996763754045,영등포구,영등포구 양평로 46-2,37.53442764,126.90203094,2026-05-29 00:00:00,7.0,QR,33,37.45454545454545,5.35064935064935,4,1,5,3,5,18,3.5999999999999996,집중,3
2645,2645.잠실나들목2(엘스아파트136동),14794,2025-06-01,2026-06-30,0.18196566175476545,0.29113153981343787,0.332364472083277,0.21245099364607273,송파구,송파구 잠실동 18-1,37.51621246,127.08434296,2020-01-16 00:00:00,10.0,QR,395,37.45316455696202,3.7453164556962024,4,3,3,5,4,19,3.5999999999999996,집중,3
3767,3767. 대원빌딩,20673,2025-06-01,2026-06-30,0.296763894935423,0.22657572679340202,0.25221303149034974,0.19300536932230444,강서구,화곡로228,37.54536819,126.84470367,2020-11-11 00:00:00,10.0,QR,395,52.336708860759494,5.2336708860759495,4,5,1,3,5,18,3.5999999999999996,집중,0
3899,3899. 아차산역 2번출구,15288,2025-06-01,2026-06-30,0.1683673469387755,0.2696232339089482,0.30756148613291473,0.22553636839351124,광진구,광진구 천호대로 673,37.55105209,127.09043884,2024-09-30 00:00:00,10.0,QR,395,38.70379746835443,3.870379746835443,4,3,3,5,4,19,3.5999999999999996,집중,3
4938,4938.LH수서2단지 201동 앞,20632,2025-06-05,2026-06-30,0.35275300504071344,0.2136002326483133,0.2546044978673905,0.08176618844513377,강남구,자곡동 328-9,37.47955322,127.10666656,2025-06-05 00:00:00,10.0,QR,391,52.767263427109974,5.276726342710997,4,5,1,3,5,18,3.5999999999999996,집중,0
989,989. 신응교(가좌로) 앞,15728,2025-06-01,2026-06-30,0.15551881993896235,0.2772761953204476,0.30703204476093593,0.21420396744659206,은평구,서울특별시 은평구 가좌로 255,37.59181213,126.91483307,2020-04-10 00:00:00,10.0,QR,395,39.81772151898734,3.981772151898734,4,3,3,5,4,19,3.5999999999999996,집중,3
5508,5508. 성산유수지공원,14654,2025-06-01,2026-06-30,0.17899549611027707,0.2695509758427733,0.29179746144397434,0.17558345844138118,마포구,마포구 성산동 445,37.57402039,126.90102386,2023-10-23 00:00:00,8.0,QR,395,37.09873417721519,4.637341772151899,4,3,3,5,4,19,3.5999999999999996,집중,3
1617,1617. 하계동 중평어린이공원 앞,31500,2025-06-01,2026-06-30,0.3226984126984127,0.2160952380952381,0.25942857142857145,0.09917460317460318,노원구,서울특별시 노원구 섬밭로 241 하계동 271-1,37.63714981,127.06327057,2017-05-08 14:09:34,20.0,LCD,395,79.74683544303798,3.987341772151899,5,5,1,3,4,18,3.5999999999999996,집중,0
1662,1662. 노원역7번출구,33003,2025-06-01,2026-06-30,0.056055510105141954,0.39772141926491533,0.26076417295397386,0.16222767627185408,노원구,서울특별시 노원구 노해로 459 메가빌딩,37.65421677,127.05921173,2017-11-28 10:46:34,20.0,LCD,395,83.55189873417721,4.177594936708861,5,1,5,3,4,18,3.5999999999999996,집중,2
1004,1004. 삼성광나루아파트 버스정류장,17732,2025-06-01,2026-06-30,0.1546356868937514,0.2926347845702684,0.3063952176855403,0.1789984209339048,강동구,서울특별시 강동구 상암로3길 77,37.55332947,127.1288681,2017-04-19 14:39:27,10.0,LCD,395,44.89113924050633,4.489113924050633,4,3,3,5,4,19,3.5999999999999996,집중,3
2222,2222.사당역 12번출구 뒤,20410,2025-06-01,2026-06-30,0.14987751102400784,0.291327780499755,0.24683978441940224,0.3008329250367467,서초구,서울특별시 동작구 동작대로 지하 3,37.47806931,126.98203278,2017-06-01 10:23:07,10.0,LCD,395,51.67088607594937,5.167088607594937,4,3,3,3,5,18,3.5999999999999996,집중,3
4619,4619. 한강트럼프월드3차 앞,16108,2025-06-01,2026-06-30,0.1452073503849019,0.307673205860442,0.30332753911100074,0.20846784206605412,용산구,서울특별시 용산구 한강대로 26,37.52301788,126.96240997,2020-10-30 00:00:00,10.0,QR,395,40.779746835443035,4.077974683544303,4,2,4,5,4,19,3.5999999999999996,집중,3
4633,4633. 센트럴파크타워 앞,19806,2025-06-01,2026-06-30,0.06311218822579016,0.38442896092093304,0.2819347672422498,0.24351206705038878,용산구,서울특별시 용산구 한강로2가 220-4,37.52703476,126.96617889,2021-08-18 00:00:00,16.0,QR,395,50.141772151898735,3.133860759493671,4,1,5,5,4,19,3.5999999999999996,집중,3
4549,4549.목동4단지아파트,11606,2025-11-03,2026-06-30,0.19860417025676375,0.25099086679303806,0.2936412200585904,0.1594864725142168,양천구,양천구 목동서로 130 목동신시가지아파트4단지,37.53205872,126.87450409,2025-11-03 00:00:00,10.0,QR,240,48.358333333333334,4.835833333333333,4,4,2,5,4,19,3.5999999999999996,집중,0
4859,4859. 잠실나루 나들목,19362,2025-06-01,2026-06-30,0.14383844644148333,0.3283235202974899,0.3657679991736391,0.2010122921185828,송파구,신천동 6,37.52148438,127.10028076,2021-01-05 00:00:00,15.0,QR,395,49.017721518987344,3.2678481012658227,4,2,4,5,4,19,3.5999999999999996,집중,3
4483,4483. 잠실나들목4,15943,2025-06-01,2026-06-30,0.1834660979740325,0.2683309289343285,0.3493696293043969,0.19180831712977484,송파구,잠실동24,37.5161171,127.08466339,2020-12-24 00:00:00,10.0,QR,395,40.36202531645569,4.03620253164557,4,3,3,5,4,19,3.5999999999999996,집중,3
4080,4080. 창동주공19단지앞 ,17684,2025-06-01,2026-06-30,0.14453743496946392,0.3012327527708663,0.24852974440171907,0.2180502148835105,도봉구,서울특별시 도봉구 도봉시 노해로 70길 19 1905동 앞,37.65250778,127.05227661,2021-10-27 00:00:00,4.0,QR,395,44.769620253164554,11.192405063291138,4,2,4,3,5,18,3.5999999999999996,집중,1
3517,3517. 용마사거리,20390,2025-06-01,2026-06-30,0.18960274644433545,0.2714075527219225,0.25340853359489945,0.2062775870524767,광진구,서울특별시 광진구 능동로 373 용마사거리,37.5625267,127.08227539,2017-11-28 10:24:44,10.0,LCD,395,51.620253164556964,5.162025316455696,4,3,3,3,5,18,3.5999999999999996,집중,3
3501,3501. K&S빌딩 앞,21941,2025-06-01,2026-06-30,0.19137687434483389,0.24784649742491227,0.2550476277289093,0.24160247937650972,광진구,서울특별시 광진구 자양로 131 광진구청 앞,37.53950119,127.08300018,2017-11-01 12:11:05,10.0,LCD,395,55.54683544303798,5.554683544303797,4,4,2,3,5,18,3.5999999999999996,집중,3
1988,1988. 고척LIGA아파트 앞,24321,2025-06-01,2026-06-30,0.31113029891863,0.2194811068623823,0.2431232268410016,0.14288063813165577,구로구,구로구 고척동 185-10,37.50605011,126.86078644,2018-09-19 00:00:00,20.0,LCD,395,61.57215189873418,3.0786075949367087,5,5,1,3,4,18,3.5999999999999996,집중,0
114,114. 홍대입구역 8번출구 앞,18954,2025-06-01,2026-06-30,0.038672575709612744,0.3599240265906933,0.29492455418381347,0.30009496676163344,마포구,서울특별시 마포구 양화로18길 3,37.55706024,126.92442322,2015-09-07 01:33:52,15.0,QR,395,47.98481012658228,3.198987341772152,4,1,5,5,4,19,3.5999999999999996,집중,3
5151,5151.진넥스베르디엠 앞,18837,2025-06-01,2026-06-30,0.16308329351807613,0.2859266337527207,0.25842756277538886,0.22200987418378723,광진구,광나루로 604,37.54163742,127.09508514,2025-04-15 00:00:00,5.0,QR,395,47.688607594936705,9.537721518987341,4,3,3,3,5,18,3.5999999999999996,집중,1
3566,3566.우성4차아파트,21500,2025-06-01,2026-06-30,0.30967441860465117,0.2136279069767442,0.2596279069767442,0.1395813953488372,광진구,서울특별시 광진구 자양동 712,37.53507233,127.07611084,2020-04-14 00:00:00,10.0,QR,395,54.43037974683544,5.443037974683544,4,5,1,3,5,18,3.5999999999999996,집중,0
911,911. 은평평화공원(역촌역4번출구),21498,2025-06-01,2026-06-30,0.1741557354172481,0.2850962880267932,0.25388408224020836,0.22397432319285515,은평구,서울특별시 은평구 녹번동 153-31 은평평화공원(역촌역4번출구),37.60558319,126.92293549,2016-09-02 11:00:00,10.0,LCD,395,54.425316455696205,5.442531645569621,4,3,3,3,5,18,3.5999999999999996,집중,3
2032,2032. 이수역 11번출구쪽,20173,2025-06-01,2026-06-30,0.12536558766668318,0.3156198879690676,0.25658057800029743,0.2834977445099886,동작구,서울특별시 동작구 사당로 지하 310,37.48550797,126.98162079,2017-06-27 15:22:53,10.0,LCD,395,51.07088607594937,5.107088607594937,4,2,4,3,5,18,3.5999999999999996,집중,3
293,293. 충북 미래관,29033,2025-06-01,2026-06-30,0.31843075121413567,0.2258120070264871,0.25281576137498707,0.11387042331140426,영등포구,영등포구 당산동 121-258,37.52917099,126.90757751,2018-12-04 00:00:00,15.0,LCD,395,73.50126582278482,4.900084388185655,5,5,1,3,4,18,3.5999999999999996,집중,0
819,819. 선린인터넷 고등학교,15300,2025-06-01,2026-06-30,0.20098039215686275,0.2539869281045752,0.28549019607843135,0.2015032679738562,용산구,서울특별시 용산구 원효로97길 33-4 선린인터넷 고등학교,37.54165268,126.97050476,2016-07-06 12:00:00,12.0,LCD,395,38.734177215189874,3.2278481012658227,4,4,2,5,4,19,3.5999999999999996,집중,3
119,119. 서강나루 공원,19457,2025-06-01,2026-06-30,0.18055198643161843,0.28385670966747184,0.292696715834918,0.2180706172585702,마포구,서울특별시 마포구 창전로 30,37.54528427,126.93105316,2015-09-07 01:34:34,10.0,QR,395,49.258227848101264,4.925822784810126,4,3,3,5,4,19,3.5999999999999996,집중,3
2431,2431.대치역 7번출구,15567,2025-06-01,2026-06-30,0.1663133551744074,0.28695317016766236,0.2952399306224706,0.2218796171388193,강남구,남부순환로155,37.49411774,127.06290436,2020-02-18 00:00:00,10.0,QR,395,39.41012658227848,3.941012658227848,4,3,3,5,4,19,3.5999999999999996,집중,3
108,108. 서교동 사거리,14995,2025-06-01,2026-06-30,0.03081027009003001,0.36338779593197734,0.31983994664888293,0.2634211403801267,마포구,서울특별시 마포구 양화로 93,37.55274582,126.91861725,2015-09-06 23:51:25,10.0,QR,395,37.962025316455694,3.7962025316455694,4,1,5,5,4,19,3.5999999999999996,집중,3
2618,2618. 삼전역 1번출구,24351,2025-06-01,2026-06-30,0.1831136298303971,0.2943205617839103,0.2583056137324956,0.1798694098804977,송파구,송파구 잠실동 289,37.50471115,127.08756256,2018-12-03 00:00:00,14.0,LCD,395,61.64810126582279,4.403435804701628,5,3,3,3,4,18,3.5999999999999996,집중,3
4418,4418. 종암동 동덕여대 제2생활관 앞,18449,2025-06-01,2026-06-30,0.1490053661445065,0.2724266897934847,0.2510705187273023,0.28305057184671256,성북구,서울특별시 성북구 성북구 종암로 123,37.60108948,127.03331757,2022-02-11 00:00:00,8.0,QR,395,46.70632911392405,5.838291139240506,4,3,3,3,5,18,3.5999999999999996,집중,3
296,296.KT플라자 영등포점,33379,2025-06-01,2026-06-30,0.22466221276850715,0.2654663111537194,0.24482459031127354,0.17286317744689775,영등포구,영등포구 영중로 119,37.52630234,126.90538025,2020-03-05 00:00:00,20.0,QR,395,84.50379746835443,4.225189873417722,5,4,2,3,4,18,3.5999999999999996,집중,1
2630,2630.서울방이동 고분군,23355,2025-06-01,2026-06-30,0.15773924213230572,0.28533504602868764,0.2599443374009848,0.22569043031470779,송파구,방이동 17,37.50786591,127.11698914,2020-01-21 00:00:00,12.0,QR,395,59.12658227848101,4.927215189873418,5,3,3,3,4,18,3.5999999999999996,집중,3
526,526. 용답토속공원 앞,10309,2025-06-01,2026-06-30,0.19730332718983412,0.4216703851003977,0.11135900669318072,0.05412746144145892,성동구,서울특별시 성동구 용답동 224-1 용답토속공원 앞,37.56351089,127.05672455,2016-06-29 12:00:00,10.0,QR,395,26.09873417721519,2.609873417721519,3,4,5,1,3,16,3.5500000000000003,집중,2
1185,1185. 등촌9단지,22847,2025-06-01,2026-06-30,0.2599028318816475,0.25338118790213154,0.21350724383945377,0.13270888956974658,강서구,강서구 화곡로 63가길 92 (등촌동 704),37.56290054,126.84947205,2018-10-10 00:00:00,20.0,QR,395,57.84050632911392,2.892025316455696,5,5,2,2,3,17,3.5500000000000003,집중,0
1196,1196. 서울식물원(문화센터) 건너편,10682,2025-06-01,2026-06-30,0.1962179367159708,0.4442988204456094,0.11701928477813144,0.05982025837858079,강서구,강서구 마곡동 727-286,37.56824112,126.83583069,2018-11-20 00:00:00,11.0,QR,395,27.043037974683543,2.458457997698504,3,4,5,1,3,16,3.5500000000000003,집중,2
3008,3008.DMC역7번출구,9268,2025-06-01,2026-06-30,0.32315494173500214,0.30157531290461803,0.1273198100992663,0.13120414328873545,마포구,마포구 상암동 1133,37.57711411,126.89836121,2020-04-06 00:00:00,10.0,QR,395,23.463291139240507,2.3463291139240505,3,5,4,1,3,16,3.5500000000000003,집중,0
3514,3514. 왕십리교회옆,30422,2025-06-01,2026-06-30,0.1693511274735389,0.2630333311419368,0.2606994937873907,0.26260600880941426,성동구,서울특별시 성동구 상왕십리동 350-1 왕십리교회옆,37.56626129,127.0236969,2017-11-01 16:00:00,10.0,LCD,395,77.01772151898734,7.7017721518987345,5,3,2,3,5,18,3.55,집중,1
2547,2547. 반포래미안 리오센트,10468,2025-06-01,2026-06-30,0.20280855941918227,0.2944210928544134,0.27407336645013375,0.11874283530760413,서초구,서초구 잠원로 104-2 구두수선대,37.51832199,127.01480865,2020-05-28 00:00:00,7.0,QR,395,26.50126582278481,3.785895117540687,3,4,3,4,4,18,3.55,집중,0
539,539. 군자교교차로,21546,2025-06-01,2026-06-30,0.13431727466815185,0.29230483616448527,0.2865032952752251,0.2726260094681147,광진구,서울특별시 광진구 중곡동 263-1 군자교교차로,37.55979538,127.07420349,2016-06-29 12:00:00,10.0,QR,395,54.54683544303798,5.454683544303798,4,2,3,5,5,19,3.55,집중,3
5342,5342. 상계공원 입구,10017,2025-06-01,2026-06-30,0.2616551861834881,0.23829489867225717,0.265947888589398,0.13187581112109414,노원구,노원구 상계동 620,37.6709938,127.05046082,2024-09-26 00:00:00,8.0,QR,395,25.359493670886074,3.1699367088607593,3,5,2,4,4,18,3.55,집중,0
145,145. 공덕역 5번출구,16559,2025-06-01,2026-06-30,0.18612235038347727,0.3134247237152002,0.23835980433601062,0.18847756507035449,마포구,서울특별시 마포구 공덕동 237-9,37.54425049,126.95163727,2016-06-29 12:00:00,9.0,LCD,395,41.92151898734177,4.657946554149086,4,3,4,2,4,17,3.55,집중,3
577,577. 광진청소년수련관,20060,2025-06-01,2026-06-30,0.12008973080757727,0.29551345962113656,0.2994017946161516,0.22781655034895315,광진구,서울특별시 광진구 구천면로 2 광진청소년수련관,37.54654694,127.10613251,2016-07-06 12:00:00,10.0,QR,395,50.78481012658228,5.078481012658228,4,2,3,5,5,19,3.55,집중,3
258,258. 신길역3번출구,21326,2025-06-01,2026-06-30,0.35599737409734594,0.263809434493107,0.2188877426615399,0.11915033292694363,영등포구,서울특별시 영등포구 영등포동1가35,37.51769257,126.91429901,2016-06-29 12:00:00,14.0,QR,395,53.98987341772152,3.8564195298372512,4,5,2,2,4,17,3.55,집중,0
1212,1212. 송파역 2번 출구앞,18188,2025-06-01,2026-06-30,0.18880580602595118,0.3178469320431053,0.2143171321750605,0.14680008797009017,송파구,서울특별시 송파구 송파대로 지하 354,37.49941254,127.11286926,2017-06-22 10:19:53,10.0,LCD,395,46.04556962025316,4.604556962025316,4,3,4,2,4,17,3.55,집중,2
5154,5154.광진구청 앞,16894,2025-09-08,2026-06-30,0.0973126553806085,0.33408310642831773,0.2561264354208595,0.14875103587072333,광진구,광진구 자양동 868,37.53676605,127.08700562,2025-09-08 00:00:00,10.0,QR,296,57.07432432432432,5.707432432432432,5,1,4,3,5,18,3.55,집중,3
288,288. 쌍용예가(구청별관),18171,2025-06-01,2026-06-30,0.2303120356612184,0.27609927907104725,0.21704914424082328,0.13923284354190743,영등포구,당산로31길 32 서측(구청별관 주변),37.52809906,126.89338684,2018-12-06 00:00:00,10.0,LCD,395,46.00253164556962,4.600253164556962,4,4,3,2,4,17,3.55,집중,0
1028,1028. 포레스 주상복합 빌딩,23016,2025-06-01,2026-06-30,0.184436913451512,0.26533715676051445,0.25199860966284326,0.2429614181438999,강동구,서울특별시 성내동 119-2,37.53310776,127.12277222,2017-11-01 16:00:00,10.0,LCD,395,58.268354430379745,5.826835443037974,5,3,2,3,5,18,3.55,집중,3
500,500. 어린이대공원역 3번출구 앞,25711,2025-06-01,2026-06-30,0.13188907471510247,0.2837695927812998,0.24763719808642215,0.2780910894169811,광진구,서울특별시 광진구 능동로 지하210 어린이대공원역 3번출구 앞,37.54706955,127.07427216,2015-10-07 11:45:00,7.0,QR,395,65.09113924050632,9.29873417721519,5,2,3,3,5,18,3.55,집중,1
1030,1030. 미호 플랜트 앞,18118,2025-06-01,2026-06-30,0.21580748426978696,0.29539684291864443,0.2687934650623689,0.1481399712992604,강동구,서울특별시 성내동 478,37.52703094,127.12206268,2017-11-01 16:00:00,15.0,LCD,395,45.868354430379746,3.0578902953586495,4,4,3,4,3,18,3.55,집중,0
557,557. 도선동 주민센터 앞,15573,2025-06-01,2026-06-30,0.210813587619598,0.2917870673601747,0.2140242727798112,0.151415912155654,성동구,서울특별시 성동구 무학로10길 6 도선동 주민센터 앞,37.56764221,127.0256958,2016-07-06 12:00:00,10.0,QR,395,39.425316455696205,3.9425316455696207,4,4,3,2,4,17,3.55,집중,0
3128,3128.동신병원 맞은편,15903,2025-06-01,2026-06-30,0.12488209771741181,0.28460038986354774,0.31189083820662766,0.1775765578821606,서대문구,서대문구 홍은동274-18,37.5813179,126.93599701,2020-04-10 00:00:00,7.0,QR,395,40.26075949367089,5.751537070524413,4,2,3,5,5,19,3.55,집중,3
3778,3778. 김포공항입구 교차로,20331,2025-06-01,2026-06-30,0.11298017805321922,0.2951650189365993,0.2974275736559933,0.25999704884167035,강서구,방화동621-6,37.56179428,126.80792999,2020-11-09 00:00:00,10.0,QR,395,51.470886075949366,5.147088607594936,4,2,3,5,5,19,3.55,집중,3
5759,5759. 풍납근린공원,9784,2025-06-01,2026-06-30,0.11968520032706459,0.3428045789043336,0.2656377759607523,0.24499182338511857,송파구,송파구 풍납동 70-18,37.53913879,127.12162018,2022-09-22 00:00:00,6.0,QR,395,24.769620253164558,4.128270042194093,3,2,5,4,4,18,3.55,집중,3
2821,2821.청구아파트 앞,15370,2025-06-01,2026-06-30,0.2620039037085231,0.24573845152895252,0.22394274560832791,0.18100195185426154,구로구,구로구 고척동 50-65,37.50119019,126.86353302,2020-03-09 00:00:00,10.0,QR,395,38.91139240506329,3.891139240506329,4,5,2,2,4,17,3.55,집중,0
2911,2911.상계역중앙시장,15019,2025-06-01,2026-06-30,0.09994007590385512,0.310273653372395,0.28736933217923966,0.24715360543311804,노원구,서울특별시 노원구 한글비석로 389-2 가로판매대,37.6588707,127.07191467,2020-03-23 00:00:00,7.0,QR,395,38.02278481012658,5.431826401446655,4,1,4,5,5,19,3.55,집중,3
361,361. 동묘앞역 1번출구 뒤,35677,2025-06-01,2026-06-30,0.15219889564705552,0.2588222103876447,0.25478599658043,0.2403509263671273,종로구,서울특별시 종로구 숭인동 81-39 동묘앞역 1번출구 뒤,37.57324219,127.01590729,2016-06-01 14:30:00,10.0,LCD,395,90.32151898734178,9.032151898734178,5,3,2,3,5,18,3.55,집중,1
1088,1088.풍납사거리(강동),19793,2025-06-01,2026-06-30,0.17132319506896376,0.31965846511392915,0.2381144849189107,0.16258273126863032,강동구,성내동451-3,37.52812195,127.11952209,2020-01-14 00:00:00,12.0,QR,395,50.10886075949367,4.175738396624473,4,3,4,2,4,17,3.55,집중,3
1308,1308. 안암로터리 버스정류장 앞,33562,2025-06-01,2026-06-30,0.05103986651570228,0.3353792980156129,0.24769084083189322,0.24018234908527503,성북구,서울특별시 성북구 안암로 69 안암로터리 버스정류장,37.58259201,127.02897644,2017-06-20 10:15:23,16.0,LCD,395,84.96708860759493,5.310443037974683,5,1,4,3,5,18,3.55,집중,1
1205,1205. 종합운동장역 4번출구,17176,2025-06-01,2026-06-30,0.11801350721937587,0.4187820214252445,0.26962040055891945,0.1623195156031672,송파구,서울특별시 송파구 올림픽로 8,37.51042938,127.07137299,2017-04-24 13:23:55,15.0,LCD,395,43.483544303797466,2.898902953586498,4,2,5,4,3,18,3.55,집중,2
2384,2384. 자곡사거리,19400,2025-06-01,2026-06-30,0.28845360824742267,0.24092783505154639,0.23680412371134021,0.13407216494845361,강남구,서울특별시 강남구 밤고개로 206,37.47602844,127.10594177,2017-12-22 14:46:03,15.0,LCD,395,49.11392405063291,3.2742616033755274,4,5,2,2,4,17,3.55,집중,0
4244,4244. 당인리발전소 공원 앞,20121,2025-06-01,2026-06-30,0.09547239202822921,0.33388002584364596,0.31916902738432484,0.21778241638089557,마포구,서울 마포구 합정동 50-15,37.54529572,126.91764832,2021-12-09 00:00:00,10.0,QR,395,50.939240506329114,5.0939240506329115,4,1,4,5,5,19,3.55,집중,3
4951,4951. 강동농협 버스정류소 앞(광채빌라),9065,2025-06-01,2026-06-30,0.244015444015444,0.2518477661334804,0.2719249862107005,0.2164368450082736,강동구,강동구 암사동 488-21,37.547966,127.13516235,2022-09-29 00:00:00,5.0,QR,395,22.949367088607595,4.589873417721519,3,5,2,4,4,18,3.55,집중,0
4397,4397. 마장축산물시장 북문 건너편,14107,2025-06-01,2026-06-30,0.12171262493797405,0.351456723612391,0.2761749486070745,0.17969802225845324,성동구,성동구 살곶이길 7,37.57179642,127.03865814,2024-08-25 00:00:00,14.0,QR,395,35.71392405063291,2.550994575045208,4,2,5,4,3,18,3.55,집중,3
816,816. 신용산역 6번출구 앞,21603,2025-06-01,2026-06-30,0.14215618201175761,0.3490255982965329,0.26375966300976716,0.2345044669721798,용산구,서울특별시 용산구 한강대로 115 신용산역 6번출구 앞,37.53014755,126.96848297,2016-07-06 12:00:00,25.0,LCD,395,54.69113924050633,2.187645569620253,4,2,5,4,3,18,3.55,집중,3
1958,1958. 강서수도사업소민원센터,20189,2025-06-01,2026-06-30,0.2112041210560206,0.2830254098766655,0.22824310267967704,0.1757392639556194,구로구,서울특별시 구로구 가마산로 272,37.49578094,126.89012146,2017-11-13 09:34:47,15.0,LCD,395,51.11139240506329,3.4074261603375526,4,4,3,2,4,17,3.55,집중,0
4381,4381. 더스페이스타워 앞,15486,2025-06-01,2026-06-30,0.1114555082009557,0.3694304533126695,0.23175771664729433,0.18629730078780835,성동구,서울특별시 성동구 광나루로 144 더 스페이스 타워,37.55140305,127.04636383,2022-02-10 00:00:00,8.0,QR,395,39.20506329113924,4.900632911392405,4,2,5,2,4,17,3.55,집중,2
4854,4854. 가락시장역 2번 출구,17842,2025-06-01,2026-06-30,0.16220154691178118,0.31678062997421813,0.23467100100885552,0.24285394014123976,송파구,가락동 184-23,37.492733,127.11798859,2021-01-04 00:00:00,10.0,QR,395,45.16962025316456,4.516962025316456,4,3,4,2,4,17,3.55,집중,3
1955,1955. 디지털입구 교차로,26631,2025-06-01,2026-06-30,0.07904322030716082,0.3366002027712065,0.24524050918102963,0.30674777514926216,구로구,서울특별시 구로구 시흥대로 551,37.48288345,126.90103912,2017-07-27 17:00:29,10.0,LCD,395,67.42025316455697,6.742025316455697,5,1,4,3,5,18,3.55,집중,3
1977,1977. 천왕역 1번 출입구 앞,21428,2025-06-01,2026-06-30,0.1773380623483293,0.3311554974799328,0.2199458652230726,0.1869516520440545,구로구,서울특별시 구로구 오리로 지하 1154,37.48620987,126.83882141,2017-11-13 09:56:02,15.0,LCD,395,54.24810126582278,3.6165400843881854,4,3,4,2,4,17,3.55,집중,3
4508,4508. 유원목동아파트 103동 앞,44528,2025-06-01,2026-06-30,0.16308839381961912,0.26419331656485806,0.24530632411067194,0.23524523895077254,양천구,신목로 77,37.52109528,126.87320709,2021-04-05 00:00:00,10.0,QR,395,112.72911392405064,11.272911392405064,5,3,2,3,5,18,3.55,집중,1
1448,1448. 코스트코 상봉점,25103,2025-06-01,2026-06-30,0.08098633629446679,0.3066964107875553,0.2954228578257579,0.2886905947496315,중랑구,서울특별시 상봉동 160-3 코스트코 상봉점,37.59732056,127.08979797,2017-11-01 16:00:00,15.0,LCD,395,63.551898734177215,4.236793248945148,5,1,4,5,4,19,3.55,집중,3
844,844. 이촌2동 동원베네스트 아파트 앞,14322,2025-06-01,2026-06-30,0.24430945398687334,0.23481357352325094,0.2618349392542941,0.13922636503281666,용산구,서울특별시 용산구 이촌로14길 7 이촌2동 동원베네스트 아파트 앞,37.5271492,126.95516205,2018-10-19 00:00:00,15.0,LCD,395,36.258227848101264,2.4172151898734175,4,5,2,4,3,18,3.55,집중,0
3890,3890. 웰츠타워 오피스텔,27942,2025-06-01,2026-06-30,0.12397108295755493,0.2794001860997781,0.24575907236418296,0.2434328251377854,광진구,광진구 자양동 252-133,37.53803253,127.08355713,2023-01-12 00:00:00,7.0,QR,395,70.73924050632911,10.105605786618444,5,2,3,3,5,18,3.55,집중,1
610,610. 동대문중 교차로,14388,2025-06-01,2026-06-30,0.2656380316930776,0.24318876841812623,0.23915763135946622,0.15867389491242703,동대문구,서울특별시 동대문구 답십리동 524-1 동대문중 교차로,37.57308578,127.05216217,2016-06-29 12:00:00,10.0,QR,395,36.425316455696205,3.6425316455696204,4,5,2,2,4,17,3.55,집중,0
4102,4102. 휘경1동주민센터 앞,13175,2025-06-01,2026-06-30,0.20910815939278937,0.269449715370019,0.27248576850094874,0.1557495256166983,동대문구,서울특별시 동대문구 외대역동로6길 3,37.59286499,127.06555939,2020-09-18 00:00:00,7.0,QR,395,33.35443037974684,4.76491862567812,3,4,3,4,4,18,3.55,집중,0
4657,4657. 본 서부병원 교차로 사거리,15719,2025-06-01,2026-06-30,0.17043068897512564,0.30275462815700743,0.2611489280488581,0.19466887206565303,은평구,서울특별시 은평구 은평로127,37.60049438,126.92215729,2021-03-19 00:00:00,17.0,QR,395,39.79493670886076,2.340878629932986,4,3,4,4,3,18,3.55,집중,3
2228,2228.뒷벌공원 옆,19876,2025-06-01,2026-06-30,0.23530891527470316,0.28818675789897363,0.2349064198027772,0.14494868182732945,서초구,서울특별시 서초구 방배중앙로 131,37.48976898,126.986763,2017-06-01 10:28:26,15.0,QR,395,50.31898734177215,3.354599156118143,4,4,3,2,4,17,3.55,집중,0
5877,5877. 문래동 꽃밭정원,12558,2025-06-01,2026-06-30,0.1616499442586399,0.30745341614906835,0.2683548335722249,0.1936614110527154,영등포구,문래동3가 55-6,37.51837158,126.89844513,2024-07-29 00:00:00,10.0,QR,395,31.792405063291138,3.179240506329114,3,3,4,4,4,18,3.55,집중,3
3863,3863. 동일로58길 입구,13968,2025-06-01,2026-06-30,0.2948167239404353,0.2580183276059565,0.23424971363115693,0.15642898052691867,광진구,서울특별시 광진구 광진구 동일로 296,37.55775452,127.07297516,2020-12-10 00:00:00,10.0,QR,395,35.36202531645569,3.536202531645569,4,5,2,2,4,17,3.55,집중,0
1438,1438. 홈플러스 신내점 앞,21298,2025-06-01,2026-06-30,0.15780824490562495,0.3244905624941309,0.23983472626537702,0.1929758662785238,중랑구,서울특별시 중랑구 신내로 지하 232 홈플러스 신내점 앞,37.61616898,127.09348297,2017-04-26 15:16:45,15.0,LCD,395,53.91898734177215,3.5945991561181434,4,3,4,2,4,17,3.55,집중,3
3959,3959. 시흥사거리(시흥동 994-3 앞),11404,2025-06-01,2026-06-30,0.24728165555945283,0.2775341985268327,0.24263416345142055,0.14626446860750614,금천구,시흥동 1000-48 알레르망 가게 앞,37.45415115,126.90045166,2021-02-16 00:00:00,10.0,QR,395,28.870886075949368,2.887088607594937,3,5,3,3,3,17,3.5000000000000004,집중,0
1129,1129. 화곡역 1번 출구 앞,16581,2025-06-01,2026-06-30,0.1312948555575659,0.31132018575477954,0.2394909836559918,0.2598154514203003,강서구,서울특별시 강서구 화곡로 지하 168,37.542099,126.84021759,2017-04-24 09:52:19,7.0,LCD,395,41.97721518987342,5.996745027124774,4,2,4,2,5,17,3.5,검토,3
3221,3221.서울특별시 남부교육지원청,12732,2025-06-01,2026-06-30,0.1921143575243481,0.3268143261074458,0.19549167452089225,0.17349984291548853,영등포구,영등포구 문래로121,37.51933289,126.89530182,2020-03-04 00:00:00,10.0,QR,395,32.232911392405065,3.2232911392405064,3,4,4,1,4,16,3.5,검토,2
4121,4121. 서울문화재단 앞,17102,2025-06-01,2026-06-30,0.22289790667758158,0.33253420652555254,0.18418898374459128,0.11437258800140335,동대문구,서울특별시 동대문구 청계천로 517,37.57130051,127.03362274,2020-09-21 00:00:00,15.0,QR,395,43.29620253164557,2.8864135021097046,4,4,4,1,3,16,3.5,검토,2
389,389. 을지로4가역 1번출구,12895,2025-06-01,2026-06-30,0.2120977122915859,0.30577743311360994,0.172004652966266,0.12400155098875533,중구,서울특별시 중구 을지로 지하 178 을지로4가역 1번출구,37.5667305,126.99660492,2017-08-03 10:49:42,10.0,LCD,395,32.64556962025316,3.264556962025316,3,4,4,1,4,16,3.5,검토,2
1168,1168. 마곡엠밸리10단지 앞,23417,2025-06-01,2026-06-30,0.27373275825255156,0.2148866208310202,0.21646666951360122,0.1398556604176453,강서구,서울특별시 강서구 마곡중앙1로 72,37.56029129,126.8187561,2018-02-26 11:41:29,14.0,QR,395,59.28354430379747,4.2345388788426765,5,5,1,2,4,17,3.5,검토,0
1440,1440. 면목2동 사거리,15430,2025-06-01,2026-06-30,0.16655865197666883,0.28327932598833444,0.2701879455605962,0.22987686325340245,중랑구,서울특별시 중랑구 동일로 628 하나은행,37.58637238,127.0800705,2017-08-01 16:42:26,10.0,LCD,395,39.063291139240505,3.9063291139240506,4,3,3,4,4,18,3.5,검토,3
1140,1140. 목동사거리 버스정류장,28378,2025-06-01,2026-06-30,0.2340897878638382,0.24230037352878991,0.23260976813024173,0.20579322010007753,강서구,서울특별시 강서구 등촌로 19,37.53139877,126.86360931,2017-04-24 10:04:31,17.0,LCD,395,71.84303797468354,4.226061057334326,5,4,2,2,4,17,3.5,검토,0
4303,4303. 매헌역 2번출구앞광역버스 정류장앞(22-297),12014,2025-06-01,2026-06-30,0.21008823039786914,0.31013817213251205,0.17454636257699352,0.1788746462460463,서초구,강남대로18길25(삼덕빌딩) 앞,37.47171783,127.03888702,2021-02-19 00:00:00,8.0,QR,395,30.41518987341772,3.801898734177215,3,4,4,1,4,16,3.5,검토,0
254,254. 도림신협 앞,19752,2025-06-01,2026-06-30,0.20610571081409476,0.23364722559740786,0.23263466990684487,0.1626670716889429,영등포구,서울특별시 영등포구 신길동263-76,37.50380325,126.90341949,2016-06-29 12:00:00,10.0,LCD,395,50.00506329113924,5.000506329113923,4,4,2,2,5,17,3.5,검토,0
1446,1446. 중랑전화국 교차로,20905,2025-06-01,2026-06-30,0.2157856972016264,0.24491748385553697,0.2322410906481703,0.21272422865343218,중랑구,서울특별시 중랑구 면목동 282-8 중랑전화국 교차로,37.59130096,127.0803299,2017-11-01 16:00:00,10.0,LCD,395,52.924050632911396,5.29240506329114,4,4,2,2,5,17,3.5,검토,0
4270,4270. 우국한마음 아파트 맞은편,15839,2025-06-01,2026-06-30,0.17229623082265294,0.28915966917103353,0.22930740577056632,0.08965212450280952,서대문구,서대문구 연희동 735,37.57913971,126.93450928,2022-09-16 00:00:00,5.0,QR,395,40.09873417721519,8.019746835443039,4,3,3,2,5,17,3.5,검토,1
4267,4267. 서대문역 2번 출구,14367,2025-06-01,2026-06-30,0.17588919050602075,0.28704670425280154,0.23839354075311478,0.18800027841581401,서대문구,서대문구 충정로2가 8-3 ,37.56599045,126.96607208,2022-02-08 00:00:00,6.0,QR,395,36.372151898734174,6.062025316455696,4,3,3,2,5,17,3.5,검토,3
4387,4387. 성수역 1번출구 주변,19286,2025-06-01,2026-06-30,0.0698434097272633,0.44669708596909674,0.21020429326972934,0.16400497770403402,성동구,서울특별시 성동구 아차산로 83 에프투텔레콤,37.54555893,127.05336761,2022-08-23 00:00:00,8.0,QR,395,48.8253164556962,6.103164556962025,4,1,5,2,5,17,3.5,검토,2
1135,1135. 강서구의회,25868,2025-06-01,2026-06-30,0.2797665068810886,0.21938302149373742,0.23360909231482913,0.14709293335395082,강서구,서울특별시 강서구 등촌로 185,37.54653168,126.86254883,2017-04-24 09:59:11,16.0,LCD,395,65.48860759493671,4.093037974683544,5,5,1,2,4,17,3.5,검토,0
624,624. 전농동 동아아파트 앞,20736,2025-06-01,2026-06-30,0.3332368827160494,0.19073109567901234,0.23273533950617284,0.10165895061728394,동대문구,서울특별시 동대문구 서울시립대로 31 전농동 동아아파트 앞(T-World 앞 보도),37.57418823,127.04589081,2016-07-06 12:00:00,10.0,QR,395,52.49620253164557,5.249620253164557,4,5,1,2,5,17,3.5,검토,0
3811,3811.신사로입구,19170,2025-06-01,2026-06-30,0.2993218570683359,0.2116849243609807,0.2680229525299948,0.1616588419405321,관악구,관천로91,37.48675156,126.92272186,2021-06-04 00:00:00,10.0,QR,395,48.53164556962025,4.853164556962025,4,5,1,4,4,18,3.5,검토,0
412,412. DMC산학협력연구센터 앞,17479,2025-06-01,2026-06-30,0.15309800331826764,0.3738200125865324,0.16219463356027233,0.09897591395388752,마포구,서울특별시 마포구 매봉산로 37,37.57580185,126.89073944,2015-10-07 11:41:36,21.0,QR,395,44.25063291139241,2.1071729957805907,4,3,5,1,3,16,3.5,검토,2
1184,1184. 마곡13단지,47319,2025-06-01,2026-06-30,0.36980916756482596,0.19220609057672394,0.23195756461463682,0.08903400325450665,강서구,강서구 공항동 1343,37.55644989,126.815979,2018-10-10 00:00:00,26.0,LCD,395,119.79493670886076,4.607497565725414,5,5,1,2,4,17,3.5,검토,0
1708,1708. 도봉보건소사거리,19190,2025-06-01,2026-06-30,0.15591453882230327,0.2746743095362168,0.23824908806670142,0.23053673788431475,도봉구,서울특별시 도봉구 해등로 150 창동 723-10,37.65682983,127.03984833,2017-05-11 11:05:47,7.0,LCD,395,48.58227848101266,6.940325497287523,4,3,3,2,5,17,3.5,검토,3
2713,2713.우장초등학교 앞,22432,2025-06-01,2026-06-30,0.3933666191155492,0.1853601997146933,0.2290923680456491,0.1498305991440799,강서구,강서구 화곡로 263,37.54853439,126.84667206,2020-03-17 00:00:00,13.0,QR,395,56.789873417721516,4.368451801363194,5,5,1,2,4,17,3.5,검토,0
2718,2718.마곡수명산파크1단지,33237,2025-06-01,2026-06-30,0.3367933327315943,0.17958901224538917,0.21506152781538646,0.08869633240063785,강서구,강서구 마곡동 728-148 ,37.55519104,126.83146667,2020-03-17 00:00:00,20.0,QR,395,84.14430379746835,4.207215189873418,5,5,1,2,4,17,3.5,검토,0
702,702. 목4동주민센터 옆,23750,2025-06-01,2026-06-30,0.2648421052631579,0.2150736842105263,0.23073684210526316,0.11983157894736843,양천구,서울특별시 양천구 목동 904-3,37.53254318,126.86872864,2016-06-29 12:00:00,19.0,LCD,395,60.12658227848101,3.1645569620253164,5,5,1,2,4,17,3.5,검토,0
1248,1248. 방이초등학교,28818,2025-06-01,2026-06-30,0.16153098757720868,0.2945728364216809,0.27649385800541326,0.19643972517176764,송파구,서울특별시 송파구 위례성대로 114,37.51396179,127.12167358,2017-06-27 14:01:18,25.0,LCD,395,72.95696202531646,2.918278481012658,5,3,3,4,3,18,3.5,검토,3
2702,2702. 마곡 엠밸리2단지,25177,2025-06-01,2026-06-30,0.32203995710370575,0.20224808356833618,0.21587162886761727,0.1323430114787306,강서구,강서구 마곡동 735-1,37.56917953,126.81944275,2018-11-14 00:00:00,20.0,LCD,395,63.73924050632911,3.1869620253164554,5,5,1,2,4,17,3.5,검토,0
281,281. 대림신동아아파트 앞,13941,2025-06-01,2026-06-30,0.1509217416254214,0.2870669248977835,0.2765942184922172,0.22143318269851517,영등포구,가마산로 311 앞 복개천 보도,37.49824142,126.89398193,2018-09-28 00:00:00,8.0,LCD,395,35.29367088607595,4.411708860759494,4,3,3,4,4,18,3.5,검토,3
1282,1282. 송파소방서 맞은편(성내4교),16968,2025-06-01,2026-06-30,0.27045025931164546,0.2284889203206035,0.26084394153701085,0.1504007543611504,송파구,서울특별시 송파구 오금로51길 56,37.49987411,127.14147949,2018-02-26 11:56:17,10.0,LCD,395,42.95696202531646,4.295696202531646,4,5,1,4,4,18,3.5,검토,0
1661,1661. 당현천근린공원,21453,2025-06-01,2026-06-30,0.19661585792196895,0.25166643359903046,0.23483895026336643,0.19987880482916143,노원구,서울특별시 노원구 동일로 1342 당현천근린공원,37.64963913,127.06560516,2017-11-28 10:45:22,10.0,LCD,395,54.311392405063295,5.4311392405063295,4,4,2,2,5,17,3.5,검토,0
722,722. 경서농협 버스정류장(우리은행신정동지점방향),13991,2025-06-01,2026-06-30,0.22250017868629834,0.2560217282538775,0.2763919662640269,0.1595311271531699,양천구,서울특별시 양천구 신월로 328,37.52151108,126.85738373,2017-11-01 16:00:00,10.0,LCD,395,35.42025316455696,3.542025316455696,4,4,2,4,4,18,3.5,검토,0
1685,1685. 불암고등학교 앞 횡단보도,15028,2025-06-01,2026-06-30,0.20069204152249134,0.24840298110194303,0.2610460473782273,0.2191243013042321,노원구,서울특별시 노원구 중계로 155 불암고등학교 앞 횡단보도,37.64818954,127.08048248,2018-10-27 00:00:00,8.0,LCD,395,38.04556962025316,4.755696202531645,4,4,2,4,4,18,3.5,검토,3
6054,6054.청구e편한세상아파트 113동 앞,14956,2025-06-01,2026-06-30,0.2217838994383525,0.2580235357047339,0.23836587322813588,0.20647231880181866,중구,신당동 44-40,37.56104279,127.01821136,2023-01-19 00:00:00,5.0,QR,395,37.86329113924051,7.572658227848102,4,4,2,2,5,17,3.5,검토,0
1957,1957. 구일고등학교 정문 ,25828,2025-06-01,2026-06-30,0.3468716122038098,0.168266997057457,0.21135976459656186,0.09412265758091994,구로구,서울특별시 구로구 구일로 90-51,37.49340057,126.87432861,2017-11-13 09:34:08,15.0,LCD,395,65.3873417721519,4.35915611814346,5,5,1,2,4,17,3.5,검토,0
107,107. 수협 연남동지점,16013,2025-06-01,2026-06-30,0.11078498719790171,0.33048148379441705,0.2380565790295385,0.2053331668019734,마포구,서울특별시 마포구 월드컵북로 35,37.55751038,126.91850281,2015-09-06 23:47:57,5.0,QR,395,40.539240506329115,8.107848101265823,4,2,4,2,5,17,3.5,검토,1
329,329. 청계2가 사거리 옆,16448,2025-06-01,2026-06-30,0.08529912451361868,0.4116609922178988,0.23121352140077822,0.19595087548638132,종로구,서울특별시 종로구 청계천로 93 파고다타워,37.56848526,126.98788452,2015-10-07 12:24:36,8.0,QR,395,41.640506329113926,5.205063291139241,4,1,5,2,5,17,3.5,검토,2
4522,4522. 신곡시장,18011,2025-06-01,2026-06-30,0.12209205485536616,0.2972072622286381,0.2719449225473322,0.2779412581200378,양천구,신월로 160,37.51779556,126.84161377,2021-04-09 00:00:00,10.0,QR,395,45.59746835443038,4.559746835443038,4,2,4,4,4,18,3.5,검토,3
763,763. 목동11단지 아파트,16773,2025-06-01,2026-06-30,0.2253621892326954,0.23335121922136767,0.2675132653669588,0.1113694628271627,양천구,목동동로 10,37.51065826,126.85916138,2018-11-05 00:00:00,10.0,LCD,395,42.4632911392405,4.24632911392405,4,4,2,4,4,18,3.5,검토,0
345,345. 서울보증보험본사 앞,15988,2025-06-01,2026-06-30,0.22004003002251687,0.3251813860395297,0.12384288216162122,0.0796847635726795,종로구,서울특별시 종로구 김상옥로 29 서울보증보험본사 앞,37.57330704,127.00070953,2015-10-07 12:35:48,18.0,QR,395,40.47594936708861,2.248663853727145,4,4,4,1,3,16,3.5,검토,2
4510,4510. 신정네거리역 교차로,18376,2025-06-01,2026-06-30,0.18589464518937746,0.27209403569873747,0.26910100130605136,0.2629516760992599,양천구,중앙로 280,37.52175903,126.85228729,2021-05-27 00:00:00,13.0,QR,395,46.52151898734177,3.5785783836416747,4,3,3,4,4,18,3.5,검토,3
4819,4819. 면목동 새싹어린이공원 앞,14193,2025-06-01,2026-06-30,0.2457549496230536,0.21623335447051364,0.2637215528781794,0.17917283167758755,중랑구,서울특별시 중랑구 동일로92길 57,37.58333206,127.0835495,2021-06-01 00:00:00,10.0,QR,395,35.93164556962025,3.593164556962025,4,5,1,4,4,18,3.5,검토,0
3009,3009. 홍대입구역 사거리,17659,2025-06-01,2026-06-30,0.041678464239198146,0.3757290899824452,0.27260886799932044,0.24854182003510958,마포구,마포구 서교동 418,37.55583954,126.92043304,2020-04-12 00:00:00,10.0,QR,395,44.70632911392405,4.470632911392405,4,1,5,4,4,18,3.5,검토,3
1192,1192. 마곡수명산파크 209동 건너편,36331,2025-06-01,2026-06-30,0.32883763177451764,0.20302221243566101,0.22633563623351957,0.09977704990228731,강서구,강서구 내발산동 741-8,37.55545044,126.82689667,2018-11-26 00:00:00,20.0,QR,395,91.97721518987342,4.598860759493671,5,5,1,2,4,17,3.5,검토,0
1351,1351. 안암2교 옆,18652,2025-06-09,2026-06-30,0.1740832082350418,0.278576024018872,0.23547072699978555,0.2304846665236972,성북구,서울특별시 성북구 안암로 17 SK제삼주유소 앞,37.5794487,127.02419281,2017-11-13 09:30:03,8.0,LCD,387,48.19638242894057,6.024547803617571,4,3,3,2,5,17,3.5,검토,3
915,915. 증산역 4번출구,15088,2025-06-01,2026-06-30,0.16132025450689289,0.2863202545068929,0.264050901378579,0.16072375397667021,은평구,서울특별시 은평구 증산동 199-8 증산역 4번출구,37.5843811,126.90989685,2016-09-02 11:00:00,10.0,LCD,395,38.19746835443038,3.8197468354430377,4,3,3,4,4,18,3.5,검토,3
225,225. 앙카라공원 앞,21527,2025-06-01,2026-06-30,0.228921819110884,0.3227574673665629,0.2035118688159056,0.15236679518743904,영등포구,서울특별시 영등포구 의사당대로 지하166,37.51758575,126.92961884,2015-09-17 15:23:58,26.0,QR,395,54.49873417721519,2.096105160662123,4,4,4,1,3,16,3.5,검토,0
614,614. 용두동 사거리,28744,2025-06-01,2026-06-30,0.15039660450876705,0.2721959365432786,0.2333704425271361,0.22282911216253826,동대문구,서울특별시 동대문구 용두동 237-10 용두동 사거리,37.57768631,127.03101349,2016-06-29 12:00:00,23.0,QR,395,72.76962025316456,3.163896532746285,5,3,3,2,4,17,3.5,검토,3
202,202. 국민일보 앞,44756,2025-06-01,2026-06-30,0.09958441326302618,0.45169362767003307,0.21344624184466887,0.09006613638394852,영등포구,서울특별시 영등포구 여의공원로 101,37.52881622,126.92453003,2015-09-11 21:20:08,30.0,QR,395,113.30632911392405,3.7768776371308017,5,1,5,2,4,17,3.5,검토,2
4902,4902. 구역삼세무서 교차로,9528,2025-06-01,2026-06-30,0.16005457598656592,0.35128043660789254,0.15533165407220823,0.14955919395465994,강남구,강남구 논현로 337,37.49524307,127.03937531,2022-03-15 00:00:00,6.0,QR,395,24.121518987341773,4.020253164556962,3,3,5,1,4,16,3.5,검토,2
2136,2136. 신림역 8번출구,41976,2025-06-01,2026-06-30,0.09629311987802554,0.2797074518772632,0.28868877453783115,0.36046788641128263,관악구,서울특별시 관악구 신림로 340,37.48450851,126.93006897,2017-09-01 14:04:24,8.0,LCD,395,106.26835443037974,13.283544303797468,5,1,3,5,5,19,3.5,검토,1
612,612. 시립동부병원 앞 사거리,29252,2025-06-01,2026-06-30,0.22873649664980172,0.26066593737180366,0.22716395460139477,0.17137289757965268,동대문구,서울특별시 동대문구 용두동 237-10 시립동부병원 앞 사거리,37.57366562,127.03081512,2016-06-29 12:00:00,20.0,QR,395,74.05569620253165,3.7027848101265826,5,4,2,2,4,17,3.5,검토,0
3940,3940.삼각어린이공원 앞,1473,2026-05-29,2026-06-30,0.31907671418873046,0.1826205023761032,0.22742701968771215,0.13374066530889342,구로구,구로구 새말로 18길 17,37.50207901,126.89234924,2026-05-29 00:00:00,5.0,QR,33,44.63636363636363,8.927272727272726,4,5,1,2,5,17,3.5,검토,0
3983,3983. 금천구청역 1번 출구,13649,2025-06-01,2026-06-30,0.18052604586416587,0.4165872957725841,0.18272400908491465,0.14748333211224265,금천구,금천구 시흥동 113-82,37.45703506,126.89432526,2021-09-28 00:00:00,10.0,QR,395,34.55443037974683,3.455443037974683,3,3,5,1,4,16,3.5,검토,2
933,933. 역촌종합시장 버스정류장(예일여고 방면),20045,2025-06-01,2026-06-30,0.16842105263157894,0.28490895485158396,0.2640059865303068,0.18318782738837616,은평구,서울특별시 은평구 서오릉로 163 LG서비스 역촌점,37.61248398,126.91487885,2016-09-02 11:00:00,15.0,LCD,395,50.74683544303797,3.3831223628691984,4,3,3,4,4,18,3.5,검토,3
4032,4032. 불암주유소 앞,16964,2025-06-01,2026-06-30,0.1163640650789908,0.3286371138882339,0.27688045272341427,0.1759608582881396,노원구,서울특별시 노원구 서울 노원구 한글비석로 268,37.65149689,127.07704163,2021-03-02 00:00:00,10.0,QR,395,42.946835443037976,4.294683544303798,4,2,4,4,4,18,3.5,검토,3
2060,2060. 남성역3번출구 뒤,17220,2025-06-01,2026-06-30,0.2811265969802555,0.19959349593495934,0.2708478513356562,0.14303135888501742,동작구,서울특별시 동작구 사당동 1131 ,37.48463058,126.97154999,2017-11-01 16:00:00,10.0,LCD,395,43.59493670886076,4.359493670886076,4,5,1,4,4,18,3.5,검토,0
3641,3641. 대청역,12978,2025-06-01,2026-06-30,0.18639235629526893,0.3649252581291416,0.20188010479272614,0.12490368315611033,강남구,강남구 일원로 7,37.49370575,127.0799942,2021-07-13 00:00:00,10.0,QR,395,32.85569620253165,3.2855696202531646,3,3,5,1,4,16,3.5,검토,2
559,559. 왕십리역 4번 출구 건너편,22022,2025-06-01,2026-06-30,0.07923894287530651,0.3548724003269458,0.2699119062755426,0.24380165289256198,성동구,서울특별시 성동구 왕십리광장로 10-1 왕십리역 4번 출구 건너편,37.56109619,127.03679657,2016-07-06 12:00:00,13.0,QR,395,55.75189873417722,4.288607594936709,4,1,5,4,4,18,3.5,검토,3
2067,2067. 보라매역?동작세무서 버스정류장(강남중학교방면),18277,2025-06-01,2026-06-30,0.13021830716200689,0.31520490233626963,0.2757564151666028,0.21814302128358046,동작구,서울특별시 동작구 여의대방로122,37.49766922,126.91986847,2018-10-11 00:00:00,10.0,LCD,395,46.27088607594937,4.627088607594937,4,2,4,4,4,18,3.5,검토,3
1059,1059. 래미안 강동팰리스(102동),19758,2025-06-01,2026-06-30,0.20639740864459966,0.25857880352262375,0.2733070148800486,0.22947666767891486,강동구,강동구 천호동 166-56,37.53822708,127.13174438,2018-10-25 00:00:00,15.0,LCD,395,50.02025316455696,3.3346835443037977,4,4,2,4,4,18,3.5,검토,3
2375,2375. 수서역 1번출구 앞,14610,2025-06-01,2026-06-30,0.18329911019849418,0.3519507186858316,0.19691991786447638,0.20143737166324435,강남구,서울특별시 강남구 수서동 728,37.48735046,127.10099792,2017-11-01 16:00:00,14.0,LCD,395,36.9873417721519,2.641952983725136,4,3,5,1,3,16,3.5,검토,2
1363,1363. 보문4교 인근,28064,2025-06-01,2026-06-30,0.1904218928164196,0.2650370581527936,0.27137970353477764,0.18450684150513114,성북구,서울특별시 성북구 보문로22길 28 보문4교 인근,37.58375168,127.02194977,2018-11-04 00:00:00,25.0,LCD,395,71.04810126582278,2.8419240506329113,5,4,2,4,3,18,3.5,검토,3
3774,3774. 마곡9단지 910동 상가앞,20158,2025-06-01,2026-06-30,0.306230776862784,0.21723385256473857,0.23439825379501936,0.1427721004067864,강서구,강서구 마곡동 730-854,37.56108475,126.81679535,2021-04-28 00:00:00,10.0,QR,395,51.03291139240506,5.103291139240506,4,5,1,2,5,17,3.5,검토,0
244,244. 영등포삼환아파트 앞,23949,2025-06-01,2026-06-30,0.1811349116873356,0.27095077038707255,0.2628919787882584,0.19721073948807882,영등포구,서울특별시 영등포구 영등포동8가 82-4 ,37.53007889,126.90570831,2016-06-29 12:00:00,20.0,LCD,395,60.630379746835445,3.031518987341772,5,3,3,4,3,18,3.5,검토,3
613,613. 신설동역 10번출구 앞,20827,2025-06-01,2026-06-30,0.18264752484755364,0.29231286311038557,0.22197147932971623,0.19066596245258557,동대문구,서울특별시 동대문구 신설동 92-34 신설동역 10번출구 앞,37.57527161,127.02346802,2016-06-29 12:00:00,8.0,LCD,395,52.72658227848101,6.590822784810126,4,3,3,2,5,17,3.5,검토,1
1390,1390.석관래미안아트리치,16813,2025-06-01,2026-06-30,0.19841789091774223,0.2491524415630762,0.2794266341521442,0.20525783619817997,성북구,서울특별시 성북구 석관동 323-2,37.60646057,127.06162262,2020-05-05 00:00:00,10.0,QR,395,42.564556962025314,4.256455696202531,4,4,2,4,4,18,3.5,검토,3
4957,4957. 신명초교 교차로,14407,2025-06-01,2026-06-30,0.24980912056639135,0.22079544665787465,0.270771152911779,0.18102311376414243,강동구,강동구 길동 158-8,37.54043579,127.14839935,2024-09-08 00:00:00,10.0,QR,395,36.473417721518985,3.6473417721518984,4,5,1,4,4,18,3.5,검토,0
3775,3775. 가양오토갤러리,13689,2025-06-01,2026-06-30,0.21265249470377676,0.3213529110965008,0.1879611366790854,0.11220688143765067,강서구,강서로74길58,37.56644058,126.84430695,2020-11-10 00:00:00,10.0,QR,395,34.655696202531644,3.4655696202531643,3,4,4,1,4,16,3.5,검토,2
300,300. 정동사거리,11090,2025-06-01,2026-06-30,0.25770964833183047,0.27421100090171324,0.17294860234445447,0.07799819657348964,중구,서울특별시 중구 정동길 2-1 정동사거리,37.56805038,126.96923065,2015-10-07 00:00:00,6.0,QR,395,28.075949367088608,4.679324894514768,3,5,3,1,4,16,3.5,검토,0
2054,2054. 삼익아파트,15481,2025-06-01,2026-06-30,0.26316129449002,0.20024546217944578,0.2714294942187197,0.23047606743750404,동작구,서울특별시 동작구 만양로 84,37.51054764,126.94484711,2017-05-12 11:23:35,10.0,LCD,395,39.19240506329114,3.919240506329114,4,5,1,4,4,18,3.5,검토,0
2404,2404. 대모산입구역 4번 출구 앞,18785,2025-06-01,2026-06-30,0.23172744210806495,0.25531008783603937,0.2718658504125632,0.15485759914825659,강남구,강남구 일원동 700-1,37.49180984,127.07315826,2018-10-08 00:00:00,10.0,LCD,395,47.55696202531646,4.755696202531646,4,4,2,4,4,18,3.5,검토,0
2294,2294. 두상빌딩 앞,16049,2025-06-01,2026-06-30,0.25976696367374913,0.2740357654682535,0.1906037759361954,0.16929403701165183,서초구,서울특별시 서초구 언남길 87,37.47590637,127.04624176,2017-12-22 14:43:25,15.0,LCD,395,40.630379746835445,2.708691983122363,4,5,3,1,3,16,3.5,검토,0
1601,1601. 석계역 문화광장 내 자전거 보관소,48192,2025-06-01,2026-06-30,0.10846198539176627,0.32304116865869853,0.2378195551128818,0.25709661354581675,노원구,서울특별시 노원구 화랑로 331,37.61518097,127.06464386,2021-06-17 00:00:00,10.0,QR,395,122.00506329113924,12.200506329113924,5,1,4,2,5,17,3.45,검토,1
950,950. 구산역 2번 출구 예일여고 버스정류장,9349,2025-06-01,2026-06-30,0.16237030698470425,0.29799978607337685,0.2856990052412023,0.21414054979142155,은평구,서울특별시 은평구 연서로 124,37.60980225,126.91679382,2017-11-01 16:00:00,10.0,LCD,395,23.668354430379747,2.3668354430379748,3,3,4,5,3,18,3.45,검토,3
2050,2050. 노량진역 5번출구,23492,2025-06-01,2026-06-30,0.11263408820023837,0.28107440830921165,0.26651626085475905,0.3151285544014984,동작구,서울특별시 동작구 노량진로 지하 130,37.51324844,126.93997192,2017-05-12 11:13:27,15.0,LCD,395,59.473417721518985,3.9648945147679324,5,2,3,4,4,18,3.45,검토,3
1686,1686. 상계주공10단지 종합상가 앞,23543,2025-06-01,2026-06-30,0.13583655438983988,0.26780784097183874,0.27876651233912414,0.2582933355986918,노원구,서울특별시 노원구 동일로227길 85 온수골사거리(스타벅스앞),37.66114044,127.05805206,2018-11-02 00:00:00,15.0,LCD,395,59.60253164556962,3.9735021097046412,5,2,3,4,4,18,3.45,검토,3
1636,1636. 상계주공2단지 버스정류장 옆,24558,2025-06-01,2026-06-30,0.14170535059858294,0.29456796156038767,0.23658278361430085,0.17688736867823113,노원구,서울특별시 노원구 동일로 1351 노원구 상계동 747,37.64921188,127.06176758,2017-05-08 14:14:09,10.0,LCD,395,62.17215189873418,6.217215189873418,5,2,3,2,5,17,3.45,검토,1
2727,2727.서울식물원 잔디마당 앞,28994,2025-06-01,2026-06-30,0.12002483272401186,0.516555149341243,0.08584534731323722,0.0512519831689315,강서구,강서구 마곡동 727-558,37.5639267,126.8306427,2020-03-15 00:00:00,25.0,QR,395,73.40253164556962,2.936101265822785,5,2,5,1,3,16,3.45,검토,2
5322,5322.노원성당 앞,8216,2025-06-01,2026-06-30,0.27531645569620256,0.23283836416747808,0.2821324245374878,0.10114410905550146,노원구,노원구 한글비석로 585,37.66450882,127.05270386,2023-03-09 00:00:00,5.0,QR,395,20.8,4.16,2,5,2,5,4,18,3.45,검토,0
4394,4394.서울시립24시간게스트하우스,9128,2025-06-01,2026-06-30,0.13847502191060473,0.41925942156003504,0.18054338299737072,0.08490359333917616,성동구,성동구 송정동 73-1113,37.55433273,127.05822754,2023-12-08 00:00:00,2.0,QR,395,23.10886075949367,11.554430379746835,3,2,5,1,5,16,3.45,검토,2
5895,5895.생각공장당산,14326,2025-09-22,2026-06-30,0.13513890827865419,0.3524361301130811,0.17171576155242216,0.13632556191539857,영등포구,영등포구 영등포로 150 생각공장 당산,37.52080154,126.8983078,2025-09-22 00:00:00,15.0,QR,282,50.801418439716315,3.386761229314421,4,2,5,1,4,16,3.45,검토,2
1201,1201. 가락시장역 3번 출구,20652,2025-06-01,2026-06-30,0.16976564013170636,0.29817935308928917,0.18884369552585706,0.2303893085415456,송파구,서울특별시 송파구 송파대로 지하 257,37.49317932,127.11854553,2017-06-22 10:19:02,15.0,LCD,395,52.28354430379747,3.4855696202531647,4,3,4,1,4,16,3.45,검토,3
4018,4018. 상계주공15단지 버스정류소,11559,2025-06-01,2026-06-30,0.21074487412405918,0.28004152608357125,0.25330910978458343,0.17345791158404705,노원구,서울특별시 노원구 서울 노원구 상계동 650,37.66782761,127.05683899,2021-03-02 00:00:00,8.0,QR,395,29.263291139240508,3.6579113924050635,3,4,3,3,4,17,3.45,검토,0
336,336. 충무로역 6번출구 앞,14806,2025-06-01,2026-06-30,0.19856814804808862,0.2724571119816291,0.17513170336350128,0.12873159529920303,중구,서울특별시 중구 퇴계로 214 충무로역 3.4호선,37.56144714,126.99311066,2015-10-07 00:00:00,8.0,QR,395,37.483544303797466,4.685443037974683,4,4,3,1,4,16,3.45,검토,0
5602,5602.래미안신반포리오센트 후문,4175,2025-11-21,2026-06-30,0.14538922155688622,0.34347305389221555,0.37365269461077844,0.12047904191616766,서초구,서초구 잠원로14길 32 래미안 신반포 리오센트,37.51939392,127.01360321,2025-11-21 00:00:00,5.0,QR,222,18.806306306306308,3.7612612612612617,2,2,5,5,4,18,3.45,검토,3
1373,1373. 성북구보건소 건너편,12315,2025-06-01,2026-06-30,0.22728380024360537,0.288022736500203,0.25123832724319933,0.15071051563134388,성북구,서울특별시 성북구 화랑로 63 성북구보건소 건너편,37.60235596,127.03907776,2018-10-26 00:00:00,8.0,QR,395,31.17721518987342,3.8971518987341773,3,4,3,3,4,17,3.45,검토,0
1503,1503. 강북구청사거리(수유역 8번출구),24948,2025-06-01,2026-06-30,0.07194965528298862,0.32375340708674044,0.2644700978034311,0.3398669232002565,강북구,서울특별시 강북구 도봉로 355,37.63926315,127.02672577,2017-05-11 09:22:20,14.0,LCD,395,63.15949367088608,4.511392405063291,5,1,4,4,4,18,3.45,검토,3
1674,1674. 서울북부고용센터앞,37530,2025-06-01,2026-06-30,0.08790301092459366,0.3199040767386091,0.2182254196642686,0.1488142819078071,노원구,서울특별시 노원구 노해로 450 서울북부고용센터앞,37.65354919,127.05808258,2017-11-28 11:29:42,15.0,LCD,395,95.0126582278481,6.334177215189873,5,1,4,2,5,17,3.45,검토,1
4514,4514. 목동성당 앞,38862,2025-06-01,2026-06-30,0.1850651021563481,0.2340589779218774,0.2759250681900057,0.2008131336524111,양천구,목동서로 271,37.52319717,126.86930084,2021-04-05 00:00:00,20.0,QR,395,98.38481012658228,4.919240506329114,5,3,2,4,4,18,3.45,검토,1
2656,2656.풍납동 아이파크 107동 앞,18420,2025-06-01,2026-06-30,0.18507057546145494,0.3082519001085776,0.1996199782844734,0.13393051031487513,송파구,올림픽로43길 34,37.52480316,127.11463928,2020-06-08 00:00:00,10.0,QR,395,46.63291139240506,4.663291139240506,4,3,4,1,4,16,3.45,검토,2
4393,4393. 상원삼거리 장안철교 아래,15911,2025-06-01,2026-06-30,0.1177801520960342,0.4236691597008359,0.17667022814405128,0.13971466281189115,성동구,성동구 성수동1가 2-20,37.55105209,127.05222321,2023-09-11 00:00:00,10.0,QR,395,40.28101265822785,4.0281012658227855,4,2,5,1,4,16,3.45,검토,2
736,736. 오솔길공원,12607,2025-06-01,2026-06-30,0.2662013167288015,0.24470532243991433,0.24319822320932816,0.19631950503688428,양천구,서울특별시 양천구 남부순환로70길11-9,37.52219009,126.83670044,2017-11-01 16:00:00,10.0,LCD,395,31.916455696202533,3.1916455696202535,3,5,2,3,4,17,3.45,검토,0
426,426. 서울신용보증재단,14777,2025-06-01,2026-06-30,0.1780469648778507,0.31982134398051026,0.20917642281924612,0.13642823306489815,마포구,서울특별시 마포구 마포대로 163,37.54906082,126.95417786,2018-07-04 00:00:00,10.0,LCD,395,37.41012658227848,3.741012658227848,4,3,4,1,4,16,3.45,검토,2
4560,4560. 양평동성원아파트,17395,2025-06-01,2026-06-30,0.17476286289163553,0.33360160965794766,0.19241161253233688,0.1227364185110664,영등포구,영등포구 양평로17길 36,37.53374481,126.89365387,2021-05-17 00:00:00,10.0,QR,395,44.037974683544306,4.403797468354431,4,3,4,1,4,16,3.45,검토,2
6060,6060. 신한은행 본점,15501,2025-06-01,2026-06-30,0.12128249790336107,0.377653054641636,0.13437842719824528,0.06567318237533062,중구,중구 세종대로9길 20,37.56077576,126.97480774,2024-10-08 00:00:00,8.0,QR,395,39.243037974683546,4.905379746835443,4,2,5,1,4,16,3.45,검토,2
370,370. 시청역(2호선) 9번출구 뒤,22712,2025-06-01,2026-06-30,0.1368879887284255,0.35140014089468125,0.11632617118703768,0.07766819302571328,중구,서울특별시 중구 서소문로 지하127 시청역(2호선) 9번출구 뒤,37.56322861,126.97483826,2016-06-15 09:30:00,24.0,QR,395,57.49873417721519,2.3957805907172998,5,2,5,1,3,16,3.45,검토,2
5786,5786.문정로데오거리입구,1397,2026-04-30,2026-06-30,0.14101646385110952,0.34860415175375803,0.2934860415175376,0.23335719398711524,송파구,송파구 문정동 54-2,37.48887634,127.1216507,2026-04-30 00:00:00,6.0,QR,62,22.532258064516128,3.7553763440860215,2,2,5,5,4,18,3.45,검토,3
5152,5152.이스트폴 105동 방면 입구,9114,2025-06-01,2026-06-30,0.17632214175992977,0.29624753127057274,0.29580864603906076,0.18027210884353742,광진구,자양로 72,37.53387451,127.0881424,2025-05-02 00:00:00,9.0,QR,395,23.073417721518986,2.5637130801687764,3,3,4,5,3,18,3.45,검토,3
3582,3582.화양동 우체국,31740,2025-06-01,2026-06-30,0.24212350346565847,0.22662255828607436,0.22911153119092628,0.1737870195337114,광진구,서울특별시 광진구 화양동 18-39,37.54798889,127.06950378,2020-04-13 00:00:00,14.0,QR,395,80.35443037974683,5.739602169981916,5,4,1,2,5,17,3.45,검토,1
2056,2056. 동작구민 체육센터,15180,2025-06-01,2026-06-30,0.2648221343873518,0.26436100131752305,0.18880105401844532,0.13102766798418972,동작구,서울특별시 동작구 여의대방로16길 53,37.49449921,126.91652679,2017-05-26 10:06:23,10.0,LCD,395,38.43037974683544,3.8430379746835444,4,5,2,1,4,16,3.45,검토,0
2403,2403. 공무원연금매점 교차로 (개포주공9단지 입구),11674,2025-06-01,2026-06-30,0.24241905088230256,0.26768888127462737,0.28422134658214837,0.14844954599965735,강남구,강남구 일원동 703-2,37.48871994,127.07453918,2018-10-08 00:00:00,10.0,LCD,395,29.554430379746837,2.9554430379746837,3,4,3,5,3,18,3.45,검토,0
2538,2538.사평리근린공원,11950,2025-06-01,2026-06-30,0.13297071129707114,0.35782426778242676,0.3230962343096234,0.1889539748953975,서초구,서초구 잠원동 51,37.52026749,127.01525116,2020-02-20 00:00:00,10.0,QR,395,30.253164556962027,3.0253164556962027,3,2,5,5,3,18,3.45,검토,3
563,563. 성동세무서 건너편,19101,2025-06-01,2026-06-29,0.12428668656091305,0.48348254018114234,0.1008847704308675,0.057326841526621646,성동구,서울특별시 성동구 광나루로 302 성동세무서 건너편,37.5479126,127.06275177,2016-07-06 12:00:00,10.0,LCD,394,48.47969543147208,4.847969543147208,4,2,5,1,4,16,3.45,검토,2
4135,4135. 삼성생명 앞,31641,2025-06-01,2026-06-30,0.14806738092980626,0.28731708858759203,0.2745172402894978,0.17900824879112545,동대문구,동대문구 용두동 47-1,37.57902145,127.04224396,2023-08-18 00:00:00,18.0,QR,395,80.10379746835443,4.450210970464135,5,2,3,4,4,18,3.45,검토,1
4216,4216. 망원정 앞,9464,2025-06-01,2026-06-30,0.26003803888419275,0.2638419273034658,0.2959636517328825,0.12669061707523246,마포구,마포구 합정동454-23,37.5500679,126.90480042,2021-07-14 00:00:00,10.0,QR,395,23.959493670886076,2.3959493670886074,3,5,2,5,3,18,3.45,검토,0
4264,4264. 홍남교 버스정류장,6766,2025-06-01,2026-06-30,0.27534732485959207,0.2533254507833284,0.2880579367425362,0.12488915164055572,서대문구,서울시 서대문구 홍은동 415-51,37.57675552,126.92827606,2022-01-12 00:00:00,5.0,QR,395,17.129113924050632,3.4258227848101264,2,5,2,5,4,18,3.45,검토,0
1079,1079.강일동입구교차로,12108,2025-06-01,2026-06-30,0.2933597621407334,0.2398414271555996,0.2500825900231252,0.1337958374628345,강동구,강일동 607-7,37.56184387,127.17084503,2020-01-13 00:00:00,10.0,QR,395,30.653164556962025,3.0653164556962027,3,5,2,3,4,17,3.45,검토,0
930,930. 구 서부경찰서 건너편,9508,2025-06-01,2026-06-30,0.19436264198569625,0.2914387883887253,0.2539966344131258,0.15313420277660916,은평구,서울특별시 은평구 역촌동 41-7 구 서부경찰서 건너편,37.60166168,126.92030334,2016-09-02 11:00:00,7.0,LCD,395,24.070886075949367,3.4386980108499094,3,4,3,3,4,17,3.45,검토,0
5078,5078. 왈도강서캠퍼스 앞,13311,2025-06-01,2026-06-30,0.26677184283675154,0.24355795958230037,0.24198031703102696,0.16347381864623245,강서구,강서구 양천로 660,37.55221558,126.870224,2022-05-19 00:00:00,10.0,QR,395,33.69873417721519,3.369873417721519,3,5,2,3,4,17,3.45,검토,0
488,488.푸르메병원,17238,2025-06-01,2026-06-30,0.21644042232277527,0.2872723053718529,0.2017055342847198,0.14497041420118342,마포구,마포구 상암동 632,37.58456802,126.88021088,2020-04-06 00:00:00,10.0,QR,395,43.640506329113926,4.364050632911392,4,4,3,1,4,16,3.45,검토,0
4345,4345. 반포역 4번출구,7892,2025-06-01,2026-06-30,0.21388748099341104,0.2697668525088697,0.2951089711099848,0.16890522047643183,서초구,서초구 잠원동 157,37.50789642,127.01005554,2024-07-15 00:00:00,6.0,QR,395,19.979746835443038,3.329957805907173,2,4,3,5,4,18,3.45,검토,0
1111,1111. 마곡엠밸리6_7단지 마곡중학교,32457,2025-06-01,2026-06-30,0.17900606956896817,0.26222386542194287,0.2737776134578057,0.1903133376467326,강서구,서울특별시 강서구 마곡중앙5로 58,37.56698227,126.82180023,2017-04-24 09:36:00,20.0,LCD,395,82.16962025316455,4.108481012658228,5,3,2,4,4,18,3.45,검토,1
473,473.을지로4가역 9번출구,23066,2025-06-01,2026-06-30,0.21308419318477412,0.2860053758779155,0.17215815485996705,0.1342668863261944,중구,서울특별시 중구 을지로 170,37.56605148,126.99798584,2020-03-01 00:00:00,20.0,QR,395,58.39493670886076,2.9197468354430383,5,4,3,1,3,16,3.45,검토,0
551,551. 구의삼성쉐르빌 앞,23039,2025-06-13,2026-06-30,0.1598159642345588,0.25374365206823213,0.26077520725725944,0.2565215504145145,광진구,서울특별시 광진구 구의강변로 106 구의삼성쉐르빌 앞,37.54006195,127.09449768,2016-07-06 12:00:00,13.0,QR,383,60.15404699738903,4.627234384414541,5,3,2,4,4,18,3.45,검토,3
2342,2342. 대청역 1번출구  뒤,16219,2025-06-01,2026-06-30,0.1611689993217831,0.33294284481164066,0.2504470065972008,0.16295702571058635,강남구,서울특별시 강남구 개포로 623,37.49400711,127.07951355,2017-06-13 16:08:21,15.0,LCD,395,41.060759493670886,2.737383966244726,4,3,4,3,3,17,3.4499999999999997,검토,3
2709,2709.강변아파트 310동 앞,14432,2025-06-01,2026-06-30,0.19602272727272727,0.2748059866962306,0.3165188470066519,0.1772450110864745,강서구,강서구 가양동 1459-8 ,37.56458664,126.85691833,2020-03-16 00:00:00,20.0,QR,395,36.5367088607595,1.8268354430379747,4,4,3,5,2,18,3.4499999999999997,검토,3
2627,2627.문정시영아파트 5동 앞 공원,16317,2025-06-01,2026-06-30,0.274866703438132,0.25139425139425137,0.24747196175767605,0.1251455537169823,송파구,송이로 31길 56,37.4911232,127.13510895,2020-01-20 00:00:00,15.0,QR,395,41.30886075949367,2.7539240506329112,4,5,2,3,3,17,3.4499999999999997,검토,0
1697,1697.상계주공2단지 219동,21402,2025-06-01,2026-06-30,0.23792168956172322,0.218858050649472,0.2707690870012148,0.18484253808055323,노원구,서울특별시 노원구 동일로215길 81 새상계교회,37.65024948,127.05715179,2020-03-23 00:00:00,10.0,QR,395,54.18227848101266,5.418227848101266,4,4,1,4,5,18,3.4499999999999997,검토,0
4872,4872. 개롱역 3번 출구 뒤,14543,2025-06-01,2026-06-30,0.13229732517362305,0.29429966306814276,0.2714020490957849,0.24974214398679778,송파구,송파구 가락동 166-1,37.49806213,127.13461304,2021-07-13 00:00:00,7.0,QR,395,36.81772151898734,5.259674502712477,4,2,3,4,5,18,3.4499999999999997,검토,3
493,493.홍대입구역 6번출구,16941,2025-06-01,2026-06-30,0.09822324538102828,0.3246561596127737,0.27731538870196565,0.24355114810223719,마포구,마포구 서교동 193-4,37.55657578,126.9288559,2020-04-12 00:00:00,7.0,QR,395,42.88860759493671,6.126943942133815,4,1,4,4,5,18,3.4499999999999997,검토,3
4532,4532. 목동현대아파트 후문 앞,20955,2025-06-01,2026-06-30,0.18997852541159627,0.23755666905273204,0.277069911715581,0.21651157241708424,양천구,양천구 신정동 1279,37.5221405,126.87805939,2021-07-14 00:00:00,10.0,QR,395,53.050632911392405,5.30506329113924,4,3,2,4,5,18,3.4499999999999997,검토,3
2169,2169. 봉천역 2번출구,14456,2025-06-01,2026-06-30,0.13357775318206974,0.27780852241283893,0.262174875484228,0.2796070835639181,관악구,서울특별시 관악구 남부순환로 1728,37.48218918,126.94213104,2017-11-28 10:23:22,7.0,LCD,395,36.59746835443038,5.228209764918626,4,2,3,4,5,18,3.4499999999999997,검토,3
3865,3865. 이튼타워리버 2차,20496,2025-06-01,2026-06-30,0.1564695550351288,0.2427790788446526,0.2621487119437939,0.23526541764246683,광진구,서울특별시 광진구 광진구 능동로 50,37.53520966,127.06900024,2020-12-09 00:00:00,8.0,QR,395,51.88860759493671,6.4860759493670885,4,3,2,4,5,18,3.4499999999999997,검토,3
3550,3550.금호나들목,15531,2025-06-01,2026-06-30,0.1608396111003799,0.3119567316978945,0.36320906573948875,0.18788229991629643,성동구,서울특별시 성동구 금호로 15 서울숲푸르지오아파트,37.54404068,127.02320099,2020-04-16 00:00:00,20.0,QR,395,39.31898734177215,1.9659493670886075,4,3,4,5,2,18,3.4499999999999997,검토,3
5073,5073. 우장산역 헤링턴타워 앞,16554,2025-06-01,2026-06-30,0.13918086263138818,0.2866980790141356,0.26634046151987434,0.22852482783617253,강서구,화곡동 1013-3,37.54661942,126.83623505,2021-10-20 00:00:00,6.0,QR,395,41.90886075949367,6.984810126582278,4,2,3,4,5,18,3.4499999999999997,검토,3
4813,4813. 망우지구대,19762,2025-06-01,2026-06-30,0.1528691427993118,0.2535168505212023,0.2742637384880073,0.2529602266977027,중랑구,서울특별시 중랑구 망우로 400,37.59877777,127.09638977,2021-02-16 00:00:00,10.0,QR,395,50.03037974683544,5.0030379746835445,4,3,2,4,5,18,3.4499999999999997,검토,3
3125,3125.연희파크푸르지오아파트 앞,14950,2025-06-01,2026-06-30,0.24595317725752508,0.25645484949832775,0.28675585284280936,0.12688963210702342,서대문구,연희동 736,37.57564163,126.92782593,2020-04-10 00:00:00,20.0,QR,395,37.848101265822784,1.8924050632911391,4,5,2,5,2,18,3.4499999999999997,검토,0
3573,3573.광나루안전체험관,16382,2025-06-01,2026-06-30,0.22085215480405324,0.2666341106092052,0.25125137345867415,0.19869368819435967,광진구,서울특별시 광진구 능동 18,37.551338200000004,127.07671356,2020-04-13 00:00:00,15.0,QR,395,41.473417721518985,2.7648945147679322,4,4,3,3,3,17,3.4499999999999997,검토,0
4497,4497. 아시아선수촌아파트 교차로,21392,2025-06-01,2026-06-30,0.29655946148092743,0.26112565445026176,0.2431750186985789,0.15856394913986538,송파구,올림픽로4길 15,37.50679016,127.07926941,2021-01-04 00:00:00,20.0,QR,395,54.15696202531645,2.7078481012658226,4,5,2,3,3,17,3.4499999999999997,검토,0
849,849. 삼각지 자이아파트,13871,2025-06-01,2026-06-30,0.22644365943335015,0.26926681565856825,0.295796986518636,0.1894600245115709,용산구,서울특별시 용산구 한강대로 205 용산파크자이,37.53607941,126.97341919,2020-03-30 00:00:00,20.0,QR,395,35.11645569620253,1.7558227848101264,4,4,3,5,2,18,3.4499999999999997,검토,0
1657,1657. 노원구청 ,26055,2025-06-01,2026-06-30,0.06789483784302437,0.41669545192861257,0.16085204375359816,0.09464594127806564,노원구,서울특별시 노원구 노해로 437 노원구청,37.65404892,127.05732727,2017-11-01 16:00:00,20.0,LCD,395,65.9620253164557,3.2981012658227846,5,1,5,1,4,16,3.4000000000000004,검토,2
5509,5509.신석초교 앞,8626,2025-10-14,2026-06-30,0.21910503130071876,0.24518896359842338,0.2853002550428936,0.15325759332251332,마포구,마포구 대흥로 36,37.54403305,126.93869019,2025-10-13 00:00:00,9.0,QR,260,33.176923076923075,3.686324786324786,3,4,2,5,4,18,3.4000000000000004,검토,0
4886,4886. 배명고등학교 건너편,12095,2025-06-01,2026-06-30,0.270111616370401,0.2145514675485738,0.24505994212484497,0.13377428689541132,송파구,송파구 석촌동 302-1,37.49793243,127.09675598,2021-11-10 00:00:00,6.0,QR,395,30.620253164556964,5.10337552742616,3,5,1,3,5,17,3.4000000000000004,검토,0
4629,4629. 한강초교보도육교 앞,11521,2025-06-01,2026-06-30,0.0625813731446923,0.3701067615658363,0.30561583195903136,0.2432948528773544,용산구,서울특별시 용산구 한강대로 52-1,37.52544022,126.96459961,2020-10-30 00:00:00,8.0,QR,395,29.167088607594938,3.645886075949367,3,1,5,5,4,18,3.4000000000000004,검토,3
1023,1023. 한국종합기술사옥 앞,27040,2025-06-01,2026-06-30,0.06741863905325443,0.4978180473372781,0.10443786982248521,0.0893491124260355,강동구,서울특별시 강동구 상일동 504 ,37.54998398,127.17470551,2017-11-01 16:00:00,22.0,LCD,395,68.45569620253164,3.111622554660529,5,1,5,1,4,16,3.4000000000000004,검토,2
4707,4707. 청계3가 사거리,13775,2025-06-01,2026-06-30,0.18076225045372052,0.2892196007259528,0.2544464609800363,0.2053720508166969,종로구,서울특별시 종로구 관수동91-1,37.56855774,126.99211884,2020-09-22 00:00:00,5.0,QR,395,34.87341772151899,6.974683544303798,3,3,3,3,5,17,3.4000000000000004,검토,3
4145,4145.청량리동 주민센터,13184,2025-06-01,2026-06-30,0.11301577669902912,0.3011984223300971,0.24461468446601942,0.18165958737864077,동대문구,동대문구 왕산로 239,37.58307648,127.04862976,2025-04-10 00:00:00,5.0,QR,395,33.37721518987342,6.675443037974683,3,2,4,3,5,17,3.4000000000000004,검토,3
4603,4603. 한강GS에클라트 건너편 교통섬,9841,2025-06-01,2026-06-30,0.19703282186769638,0.31358601768113,0.22680621888019512,0.12620668631236662,용산구,서울특별시 용산구 원효로4가 113-54,37.53200531,126.95555878,2021-06-25 00:00:00,10.0,QR,395,24.91392405063291,2.491392405063291,3,4,4,2,3,16,3.4000000000000004,검토,0
4884,4884. H비즈니스파크,22296,2025-06-01,2026-06-30,0.07682992465016146,0.4768119842124148,0.1563509149623251,0.11194833153928956,송파구,송파구 문정동 373,37.48352432,127.11683655,2021-11-11 00:00:00,16.0,QR,395,56.44556962025317,3.527848101265823,5,1,5,1,4,16,3.4000000000000004,검토,2
5513,5513. 마포음식문화거리,13759,2025-06-01,2026-06-30,0.18177193109964387,0.28919252852678246,0.292463115051966,0.18991205756232285,마포구,마포구 용강동 45-15,37.54119873,126.94211578,2024-11-22 00:00:00,10.0,QR,395,34.832911392405066,3.4832911392405066,3,3,3,5,4,18,3.4000000000000004,검토,3
5057,5057. 마곡역4번출구,22623,2025-06-01,2026-06-30,0.07284621845024974,0.38558104583830616,0.20753215753878795,0.1732749856340892,강서구,강서구 마곡동 799,37.55931091,126.82743835,2021-07-21 00:00:00,14.0,QR,395,57.27341772151899,4.090958408679928,5,1,5,1,4,16,3.4000000000000004,검토,2
2523,2523.뉴코아 킴스클럽 앞,12604,2025-06-01,2026-06-30,0.14725483973341796,0.304189146302761,0.3253728974928594,0.14416058394160583,서초구,서초구 잠원로 51,37.51019287,127.00725555,2020-02-21 00:00:00,10.0,QR,395,31.90886075949367,3.190886075949367,3,2,4,5,4,18,3.4000000000000004,검토,3
1177,1177. 수명중?고교,24259,2025-06-01,2026-06-30,0.35718702337276886,0.16439259656210067,0.17626447916237273,0.0953872789480193,강서구,"강서구 수명로1길 16, 401동 앞",37.55010986,126.82367706,2018-10-04 00:00:00,15.0,LCD,395,61.415189873417724,4.094345991561181,5,5,1,1,4,16,3.4000000000000004,검토,0
3102,3102. 연희삼거리,12997,2025-06-01,2026-06-30,0.1952758328845118,0.23728552742940678,0.289989997691775,0.18673540047703316,서대문구,서울특별시 서대문구 연희로 113,37.56799698,126.93165588,2017-11-01 16:00:00,10.0,LCD,395,32.90379746835443,3.2903797468354434,3,4,2,5,4,18,3.4000000000000004,검토,0
5764,5764. 한국체육대학교,10341,2025-06-01,2026-06-30,0.08045643554781937,0.35257712020114107,0.2935886277922831,0.251909873319795,송파구,송파구 방이동 89-28,37.51795959,127.13178253,2022-10-11 00:00:00,8.0,QR,395,26.179746835443037,3.2724683544303796,3,1,5,5,4,18,3.4000000000000004,검토,3
248,248. 초원아파트 앞,12146,2025-06-01,2026-06-30,0.09501070311213568,0.4002963938745266,0.36695208299028487,0.15519512596739668,영등포구,서울특별시 영등포구 여의도동8-13,37.53105545,126.92420959,2016-06-29 12:00:00,10.0,LCD,395,30.749367088607595,3.0749367088607595,3,1,5,5,4,18,3.4000000000000004,검토,3
182,182. 망원2빗물펌프장 앞,11246,2025-06-01,2026-06-30,0.12173217143873377,0.3373643962297706,0.3681308909834608,0.18842255024008536,마포구,서울특별시?마포구?동교로?8,37.5513649,126.90306091,2016-07-06 12:00:00,9.0,QR,395,28.470886075949366,3.1634317862165964,3,2,4,5,4,18,3.4000000000000004,검토,3
2077,2077.노들역 3번출구,12249,2025-06-01,2026-06-30,0.24206057637358153,0.2616540125724549,0.3026369499550984,0.18719895501673606,동작구, 동작구 노량진로 250-1,37.51193619,126.9541626,2020-04-23 00:00:00,10.0,QR,395,31.01012658227848,3.101012658227848,3,4,2,5,4,18,3.4000000000000004,검토,0
1302,1302. 한성대입구역6번출구 뒤,10454,2025-06-01,2026-06-30,0.2083413047637268,0.2355079395446719,0.24383011287545436,0.22584656590778648,성북구,서울특별시 성북구 동소문로 1 한성대입구역6번출구 뒤,37.58876419,127.00630951,2017-06-20 10:06:59,5.0,LCD,395,26.465822784810126,5.293164556962025,3,4,2,3,5,17,3.4000000000000004,검토,0
5878,5878. 우리은행 앞,29951,2025-06-01,2026-06-30,0.03589195686287603,0.5726019164635572,0.17271543521084437,0.06927982371206304,영등포구,여의대로38,37.52349091,126.92162323,2024-08-09 00:00:00,20.0,QR,395,75.8253164556962,3.7912658227848097,5,1,5,1,4,16,3.4000000000000004,검토,2
4828,4828. 신내동 한살림 중랑지구 앞,12029,2025-06-01,2026-06-30,0.2887189292543021,0.21722503948790423,0.24299609277579184,0.18372267021365035,중랑구,서울특별시 중랑구 신내동 574-1,37.60428619,127.09736633,2021-10-08 00:00:00,5.0,QR,395,30.453164556962026,6.090632911392405,3,5,1,3,5,17,3.4000000000000004,검토,0
4035,4035. 휴플러스 수락한신아파트 101동 앞,9059,2025-06-01,2026-06-30,0.2937410310188763,0.2265150678882879,0.28215034772049896,0.12749751628215034,노원구,서울특별시 노원구 상계동 996-2,37.674366,127.05947113,2021-05-14 00:00:00,6.0,QR,395,22.934177215189873,3.822362869198312,3,5,1,5,4,18,3.4000000000000004,검토,0
3119,3119.연희 브라운스톤 아파트 앞,13689,2025-06-01,2026-06-30,0.1915406530791146,0.263130981079699,0.292132369055446,0.20162174008327854,서대문구,연희동 209-2,37.56519699,126.92985535,2020-04-10 00:00:00,10.0,QR,395,34.655696202531644,3.4655696202531643,3,4,2,5,4,18,3.4000000000000004,검토,3
3528,3528. 광진정보도서관,13699,2025-06-01,2026-06-30,0.0516096065406234,0.38207168406453024,0.36747207825388717,0.1464340462807504,광진구,서울특별시 광진구 아차산로78길 90 광진정보도서관,37.55059814,127.11051178,2018-10-29 00:00:00,8.0,LCD,395,34.68101265822785,4.335126582278481,3,1,5,5,4,18,3.4000000000000004,검토,3
286,286. 우성아파트 교차로,11709,2025-06-01,2026-06-30,0.19489281749081902,0.3094201041933555,0.2200017080877957,0.18720642241011187,영등포구,대림로 153 ,37.49457169,126.89974976,2018-09-28 00:00:00,12.0,LCD,395,29.643037974683544,2.470253164556962,3,4,4,2,3,16,3.4000000000000004,검토,0
4895,4895. 송파레이크힐 상가,11818,2025-06-01,2026-06-30,0.17557962430191235,0.2827889659840921,0.2496192249111525,0.21458791673718058,송파구,송파구 거여동 604,37.48641586,127.14205933,2021-11-10 00:00:00,6.0,QR,395,29.91898734177215,4.986497890295358,3,3,3,3,5,17,3.4000000000000004,검토,3
2391,2391. 구룡터널 입구(개포1단지아파트),312,2025-06-01,2026-06-30,0.28525641025641024,0.40705128205128205,0.28205128205128205,0.03205128205128205,강남구,강남구 개포동 146-1,37.47598648,127.05962372,2018-10-08 00:00:00,7.0,LCD,395,0.789873417721519,0.11283905967450271,1,5,5,5,1,17,3.4000000000000004,검토,0
2822,2822.제니스스포츠 앞,6419,2025-06-01,2026-06-30,0.2606324972737186,0.3495871631095186,0.24739055927714598,0.12852469231967595,구로구,구로구 고척동 60-42,37.50452042,126.87055206,2020-03-09 00:00:00,14.0,QR,395,16.250632911392405,1.160759493670886,2,5,5,3,1,16,3.4000000000000004,검토,0
123,123. 문화촌 공원,20119,2025-06-01,2026-06-30,0.25359113276007755,0.21954371489636662,0.29419951289825536,0.1792335603161191,서대문구,서울특별시 서대문구 홍제동 277-23,37.59432983,126.9473877,2015-09-07 10:32:24,20.0,QR,395,50.93417721518988,2.5467088607594937,4,5,1,5,3,18,3.4,검토,0
131,131. 증산2교,21635,2025-06-01,2026-06-30,0.16542639241969032,0.2959556274555119,0.29826669748093365,0.1904783914952623,서대문구,서울특별시 서대문구 증가로 264,37.5841713,126.91110229,2015-09-07 10:40:56,20.0,QR,395,54.77215189873418,2.738607594936709,4,3,3,5,3,18,3.4,검토,3
1987,1987. 개봉아이파크아파트 앞,15885,2025-06-01,2026-06-30,0.33150771167768334,0.21328297135662574,0.2817752596789424,0.13371104815864024,구로구,구로구 개봉동 489-1,37.49034119,126.8609314,2018-10-15 00:00:00,15.0,LCD,395,40.21518987341772,2.681012658227848,4,5,1,5,3,18,3.4,검토,0
2214,2214. 신반포역 2번출구 앞,16556,2025-06-01,2026-06-30,0.09005798502053636,0.3557018603527422,0.41006281710558107,0.21526938874124185,서초구,서울특별시 서초구 신반포로 지하 105,37.50411606,126.99748993,2017-06-01 10:19:01,15.0,LCD,395,41.913924050632914,2.7942616033755274,4,1,5,5,3,18,3.4,검토,3
1512,1512. 강북중학교 앞,20628,2025-06-01,2026-06-30,0.19299011052937753,0.2634283498157844,0.29566608493310065,0.2152414194299011,강북구,서울특별시 강북구 한천로150길 67 수유동 694-2,37.64473724,127.02656555,2017-06-22 13:17:30,20.0,LCD,395,52.22278481012658,2.611139240506329,4,4,2,5,3,18,3.4,검토,3
2070,2070. 노량진역 2번 출구 앞,14628,2025-06-01,2026-06-30,0.08565764287667486,0.3464588460486738,0.3249248017500684,0.2611430133989609,동작구,동작구  노량진동 67-3,37.51391983,126.94306946,2018-10-12 00:00:00,18.0,LCD,395,37.03291139240506,2.0573839662447257,4,1,5,5,3,18,3.4,검토,3
2140,2140. 신림1교 교차로,20962,2025-06-01,2026-06-30,0.20064879305409788,0.24348821677320867,0.2878065070126896,0.2412937696784658,관악구,서울특별시 관악구 신림로 270,37.47842789,126.93186188,2017-05-26 09:55:57,20.0,QR,395,53.06835443037975,2.6534177215189874,4,4,2,5,3,18,3.4,검토,3
1835,1835. STX V타워,6965,2025-06-01,2026-06-30,0.25786073223259154,0.418664752333094,0.12246949030868629,0.09763101220387653,금천구,서울특별시 금천구 가산디지털1로 128,37.47706985,126.88442993,2017-05-08 16:11:53,10.0,LCD,395,17.632911392405063,1.7632911392405064,2,5,5,1,2,15,3.4,검토,2
505,505. 자양사거리 광진아크로텔 앞,24600,2025-06-01,2026-06-30,0.10691056910569105,0.2896341463414634,0.2628455284552845,0.2835772357723577,광진구,서울특별시 광진구 아차산로 355 타워더모스트 광진아크로텔,37.53701019,127.08224487,2015-10-07 11:49:34,12.0,QR,395,62.278481012658226,5.189873417721519,5,1,3,4,5,18,3.4,검토,3
255,255. 도림사거리,16811,2025-06-01,2026-06-30,0.15620724525608232,0.2673844506573077,0.30480042829099996,0.2892748795431563,영등포구,서울특별시 영등포구 신길동373-1,37.50657272,126.90113068,2016-06-29 12:00:00,15.0,LCD,395,42.55949367088608,2.837299578059072,4,3,3,5,3,18,3.4,검토,3
4349,4349.삼성화재서초타워,16677,2025-06-01,2026-06-30,0.09761947592492655,0.3494633327337051,0.20873058703603767,0.2051927804761048,서초구,서초구 강남대로 355,37.49446869,127.02896118,2025-04-08 00:00:00,6.0,QR,395,42.220253164556965,7.036708860759494,4,1,5,1,5,16,3.4,검토,2
438,438. 성산2-1 공영주차장,17587,2025-06-01,2026-06-30,0.16404162165235686,0.28248137829078296,0.2830499800989367,0.19457553875021322,마포구,마포구 성산동 199-46,37.56472015,126.9067688,2018-11-22 00:00:00,15.0,LCD,395,44.52405063291139,2.9682700421940926,4,3,3,5,3,18,3.4,검토,3
5091,5091. 보타닉파크타워2,19571,2025-06-01,2026-06-30,0.044351336160645856,0.45460119564662,0.14991569158448725,0.16079914158704206,강서구,마곡동774-2,37.559486390000004,126.83131409,2022-09-29 00:00:00,8.0,QR,395,49.54683544303798,6.193354430379747,4,1,5,1,5,16,3.4,검토,2
542,542. 강변역 4번출구 뒤,17891,2025-06-01,2026-06-30,0.07992845564809122,0.3885193672796378,0.305963892459896,0.22978033648203008,광진구,"서울특별시 광진구 구의동 546-6 강변역 1,4번 출구 아래",37.53582382,127.09416199,2016-06-29 12:00:00,19.0,QR,395,45.29367088607595,2.383877415056629,4,1,5,5,3,18,3.4,검토,3
829,829. 한강대교 북단 교차로,23975,2025-06-01,2026-06-30,0.10627737226277373,0.35641293013555786,0.3546193952033368,0.24070907194994787,용산구,서울특별시 용산구 한강대로 23 베르가모앞,37.52293015,126.96169281,2017-11-28 11:57:57,40.0,LCD,395,60.69620253164557,1.5174050632911391,5,1,5,5,2,18,3.4,검토,3
4353,4353. 코오롱디지털타워 3차앞,21360,2025-06-01,2026-06-30,0.099812734082397,0.388623595505618,0.17982209737827715,0.13857677902621723,성동구,서울특별시 성동구 아차산로 39-1 구두수선대,37.54655838,127.04998779,2020-11-03 00:00:00,8.0,QR,395,54.075949367088604,6.7594936708860756,4,1,5,1,5,16,3.4,검토,2
4708,4708. 조계사앞사거리,15870,2025-06-01,2026-06-30,0.1348456206679269,0.2982356647763075,0.15192186515437933,0.10699432892249527,종로구,서울특별시 종로구 삼봉로95(견지동110),37.5721817,126.98283386,2020-09-22 00:00:00,6.0,QR,395,40.177215189873415,6.696202531645569,4,2,4,1,5,16,3.4,검토,2
1120,1120. 대림경동아파트앞,26199,2025-06-01,2026-06-30,0.2935226535363945,0.22977976258635827,0.24718500706133822,0.12592083667315546,강서구,서울특별시 강서구 허준로 121,37.564785,126.85464478,2017-04-24 09:43:42,25.0,LCD,395,66.32658227848101,2.6530632911392407,5,5,1,3,3,17,3.4,검토,0
4965,4965.고덕비즈밸리 쿠쿠강동빌딩,14827,2025-06-01,2026-06-30,0.01989613542860997,0.47426991299656035,0.33054562622243205,0.18560733796452417,강동구,고덕동 341-2,37.5657959,127.15960693,2025-05-23 00:00:00,15.0,QR,395,37.5367088607595,2.5024472573839662,4,1,5,5,3,18,3.4,검토,3
1267,1267. 올림픽공원 남2문 앞,16131,2025-06-01,2026-06-30,0.1791581427065898,0.2785320190936706,0.3266381501456822,0.17543859649122806,송파구,서울특별시 송파구 올림픽로 424,37.51424026,127.12306976,2017-11-01 16:00:00,14.0,QR,395,40.8379746835443,2.916998191681736,4,3,3,5,3,18,3.4,검토,3
4090,4090. 녹천교 앞 사거리,14541,2025-06-01,2026-06-30,0.17385324255553264,0.2781789423010797,0.2927584072622241,0.1979918850147858,도봉구,창동36(녹천교앞사거리 17단지쪽),37.64564514,127.05459595,2022-11-30 00:00:00,15.0,QR,395,36.812658227848104,2.4541772151898735,4,3,3,5,3,18,3.4,검토,3
4852,4852. 서울복합물류 게이트 1,20260,2025-06-01,2026-06-30,0.14387956564659427,0.33711747285291216,0.2085883514313919,0.3236426456071076,송파구,장지동 662,37.47600174,127.12310028,2021-01-05 00:00:00,10.0,QR,395,51.29113924050633,5.129113924050634,4,2,4,1,5,16,3.4,검토,3
1174,1174. 강서구청사거리(부민병원),21059,2025-06-01,2026-06-30,0.3167291894202004,0.1916045396267629,0.1916045396267629,0.11671969229308134,강서구,강서구 공항대로 395 ,37.55661392,126.85116577,2018-10-04 00:00:00,9.0,LCD,395,53.31392405063291,5.923769338959213,4,5,1,1,5,16,3.4,검토,0
3984,3984. 가산롯데아이티캐슬,15048,2025-06-01,2026-06-30,0.08545986177565125,0.5689128123338649,0.11310473152578415,0.12878787878787878,금천구,금천구 가산디지털2로 98,37.47636795,126.88083649,2021-11-09 00:00:00,5.0,QR,395,38.09620253164557,7.619240506329113,4,1,5,1,5,16,3.4,검토,2
615,615. 용두동 래미안허브리츠아파트 앞,25735,2025-06-01,2026-06-30,0.16646590246745677,0.28222265397318824,0.25304060617835633,0.17450942296483388,동대문구,서울특별시 동대문구 용두동 696-13 용두동 레미안허브리츠아파트 앞,37.57638168,127.03511047,2016-06-29 12:00:00,25.0,QR,395,65.15189873417721,2.606075949367088,5,3,3,3,3,17,3.4,검토,3
4464,4464. 올림픽공원 북2문 A,15033,2025-06-01,2026-06-30,0.10882724672387414,0.34876604802767247,0.31683629348766046,0.21007117674449544,송파구,방이동88-16,37.52357483,127.12804413,2020-12-23 00:00:00,15.0,QR,395,38.05822784810127,2.5372151898734177,4,1,5,5,3,18,3.4,검토,3
719,719. 홍익병원앞 교차로,18375,2025-06-01,2026-06-30,0.23923809523809525,0.2438095238095238,0.24282993197278913,0.19738775510204082,양천구,서울특별시 양천구 등촌로 2,37.5303688,126.86425781,2016-07-06 12:00:00,10.0,LCD,395,46.51898734177215,4.651898734177215,4,4,2,3,4,17,3.3999999999999995,검토,0
3215,3215.강변삼성래미안,20525,2025-06-01,2026-06-30,0.3523020706455542,0.19444579780755178,0.24628501827040195,0.07912302070645554,영등포구,영등포구 버드나루로 130,37.52974319,126.90782928,2020-03-05 00:00:00,15.0,QR,395,51.962025316455694,3.464135021097046,4,5,1,3,4,17,3.3999999999999995,검토,0
1974,1974. 신도림2차e편한세상아파트 203동 앞,13961,2025-06-01,2026-06-30,0.2139531552181076,0.24360719146192966,0.255927225843421,0.19203495451615213,구로구,서울특별시 구로구 신도림로 16,37.50518036,126.88253784,2017-11-13 09:52:30,10.0,LCD,395,35.344303797468356,3.5344303797468357,4,4,2,3,4,17,3.3999999999999995,검토,0
1738,1738. 창동주공17단지 상가앞,17785,2025-06-01,2026-06-30,0.21236997469777902,0.26499859432105705,0.2509418048917627,0.15355636772561146,도봉구,서울특별시 도봉구 덕릉로 404 창동주공17단지 상가앞,37.6463089,127.052742,2018-12-14 00:00:00,10.0,LCD,395,45.0253164556962,4.50253164556962,4,4,2,3,4,17,3.3999999999999995,검토,0
3506,3506. 영동대교 북단,17608,2025-06-01,2026-06-30,0.14896637891867334,0.283905043162199,0.24994320763289413,0.22404588823262153,광진구,서울특별시 광진구 자양동 203-22 영동대교 북단,37.53701401,127.06109619,2017-11-01 16:00:00,10.0,LCD,395,44.57721518987342,4.457721518987342,4,3,3,3,4,17,3.3999999999999995,검토,3
4091,4091. 방학역2번출구,18884,2025-06-01,2026-06-30,0.12026053802160559,0.3022135140859987,0.24835839864435502,0.23527854268163526,도봉구,방학동719-2,37.66922379,127.04441833,2022-11-29 00:00:00,10.0,QR,395,47.80759493670886,4.780759493670886,4,2,4,3,4,17,3.3999999999999995,검토,3
1960,1960. 구로거리공원 동측(신도림역 방면),14123,2025-06-01,2026-06-30,0.2638957728527933,0.23047511152021524,0.24782270055937125,0.2508673794519578,구로구,서울특별시 구로구 공원로 68,37.50284958,126.88948059,2017-11-13 09:36:00,10.0,LCD,395,35.754430379746836,3.5754430379746838,4,5,1,3,4,17,3.3999999999999995,검토,0
4207,4207. 아만티호텔 앞,17141,2025-06-01,2026-06-30,0.0868677440056006,0.3469459191412403,0.2555276821655679,0.244209789393851,마포구,마포구 서교동 445-7,37.5573082,126.91885376,2020-12-03 00:00:00,10.0,QR,395,43.39493670886076,4.3394936708860765,4,1,5,3,4,17,3.3999999999999995,검토,3
657,657. 동대문롯데캐슬아파트 앞,19439,2025-06-01,2026-06-30,0.2900869386285303,0.204022840681105,0.24425124749215493,0.15808426359380626,동대문구,서울특별시 동대문구 전농동 695-5,37.57573318,127.04847717,2018-10-22 00:00:00,13.0,LCD,395,49.2126582278481,3.785589094449854,4,5,1,3,4,17,3.3999999999999995,검토,0
1204,1204. 거여역 3번출구,16652,2025-06-01,2026-06-30,0.12695171751141004,0.3175594523180399,0.24495556089358636,0.24591640643766516,송파구,서울특별시 송파구 오금로 지하 499,37.49334335,127.14472961,2017-06-28 17:16:56,10.0,LCD,395,42.15696202531645,4.215696202531645,4,2,4,3,4,17,3.3999999999999995,검토,3
2110,2110. 조원동 미성아파트,15916,2025-06-01,2026-06-30,0.13822568484543854,0.30893440562955515,0.25565468710731337,0.30503895451118374,관악구,서울특별시 관악구 시흥대로 560,37.48319244,126.90203094,2017-08-21 10:40:28,9.0,LCD,395,40.29367088607595,4.477074542897328,4,2,4,3,4,17,3.3999999999999995,검토,3
104,104. 합정역 1번출구 앞,17065,2025-06-01,2026-06-30,0.09311456196894229,0.3435687078816291,0.2579548784060943,0.19841781423967184,마포구,서울특별시 마포구 양화로 59,37.55062866,126.91498566,2015-09-06 23:44:31,13.0,QR,395,43.20253164556962,3.323271665043817,4,1,5,3,4,17,3.3999999999999995,검토,3
1380,1380.월곡역 5번출구 앞,18274,2025-06-01,2026-06-30,0.18600197001203897,0.2694538688847543,0.251067089854438,0.19798620991572727,성북구,서울특별시 성북구 하월곡동 96-248,37.60108566,127.04123688,2020-03-30 00:00:00,10.0,QR,395,46.26329113924051,4.626329113924051,4,3,3,3,4,17,3.3999999999999995,검토,3
3907,3907. 신도림7차e편한세상아파트 806동 앞,15572,2025-06-01,2026-06-30,0.24691754431030055,0.20671718469047007,0.2513485743642435,0.16356280503467763,구로구,서울 구로구 신도림동 385-3,37.50862503,126.88353729,2021-06-07 00:00:00,10.0,QR,395,39.42278481012658,3.942278481012658,4,5,1,3,4,17,3.3999999999999995,검토,0
4465,4465. 건영아파트앞 사거리,18466,2025-06-01,2026-06-30,0.16078197768872524,0.29053395429437884,0.24320372576627314,0.2404418932091411,송파구,문정동 72,37.48245621,127.12460327,2021-01-05 00:00:00,10.0,QR,395,46.74936708860759,4.674936708860759,4,3,3,3,4,17,3.3999999999999995,검토,3
818,818. 숙명여대 입구 교차로,14942,2025-06-01,2026-06-30,0.203386427519743,0.23450675946995048,0.2555882746620265,0.22741266229420426,용산구,서울특별시 용산구 청파로47길 100 숙명여대 입구 교차로,37.54489517,126.96938324,2016-07-06 12:00:00,12.0,QR,395,37.82784810126582,3.1523206751054853,4,4,2,3,4,17,3.3999999999999995,검토,3
1128,1128. 화곡역 6번출구,17611,2025-06-01,2026-06-30,0.1837487933677815,0.2862415535744705,0.2437113167906422,0.2303673840213503,강서구,서울특별시 강서구 화곡로 지하 168,37.54141235,126.84022522,2017-06-20 10:27:46,10.0,LCD,395,44.584810126582276,4.458481012658227,4,3,3,3,4,17,3.3999999999999995,검토,3
4953,4953. 세양청마루아파트 앞,17497,2025-06-01,2026-06-30,0.2095216322798194,0.24627078927816198,0.24569926273075385,0.19614791107046922,강동구,강동구 천호대로 1162,37.53346634,127.14050293,2023-07-13 00:00:00,10.0,QR,395,44.29620253164557,4.429620253164557,4,4,2,3,4,17,3.3999999999999995,검토,0
256,256. 동아에코빌입구,16364,2025-06-01,2026-06-30,0.22360058665362992,0.23191151307748717,0.2594720117330726,0.2099120019555121,영등포구,서울특별시 영등포구 도림동 159-70,37.50947571,126.89929962,2016-06-29 12:00:00,10.0,LCD,395,41.42784810126582,4.1427848101265825,4,4,2,3,4,17,3.3999999999999995,검토,0
2211,2211. 서초구립반포도서관 앞,16040,2025-06-01,2026-06-30,0.12443890274314215,0.33734413965087284,0.252930174563591,0.19351620947630924,서초구,서울특별시 서초구 고무래로 34,37.50263596,127.01231384,2017-06-27 15:27:11,10.0,LCD,395,40.607594936708864,4.060759493670886,4,2,4,3,4,17,3.3999999999999995,검토,3
252,252. 보라매역4번출구,17184,2025-06-01,2026-06-30,0.14647346368715083,0.3091829608938548,0.24167830540037244,0.24179469273743018,영등포구,서울특별시 영등포구 신길동4884,37.49982834,126.91994476,2016-06-29 12:00:00,10.0,QR,395,43.50379746835443,4.350379746835443,4,2,4,3,4,17,3.3999999999999995,검토,3
4526,4526. 목동아파트2단지 222동 앞,16637,2025-06-01,2026-06-30,0.33040812646510787,0.19390515116908097,0.2552142814209293,0.1267055358538198,양천구,양천구 목동중앙로 125건너편,37.53968811,126.87498474,2021-04-06 00:00:00,10.0,QR,395,42.118987341772154,4.211898734177216,4,5,1,3,4,17,3.3999999999999995,검토,0
2540,2540.반포천 앞,12790,2025-06-01,2026-06-30,0.16458170445660672,0.3134480062548866,0.2305707584050039,0.16293979671618453,서초구,서초구 사평대로 108 ,37.49905014,126.99625397,2020-02-21 00:00:00,10.0,QR,395,32.379746835443036,3.2379746835443037,3,3,4,2,4,16,3.3500000000000005,검토,3
2359,"2359. 국립국악중,고교 정문 맞은편",13005,2025-06-01,2026-06-30,0.2617454825067282,0.24075355632449058,0.21499423298731257,0.13894655901576317,강남구,서울특별시 강남구 논현로10길 29,37.47560501,127.05037689,2017-08-21 15:00:13,10.0,LCD,395,32.924050632911396,3.2924050632911395,3,5,2,2,4,16,3.3500000000000005,검토,0
4873,4873. 개롱역사거리 2번 출구,12773,2025-06-01,2026-06-30,0.182181163391529,0.2975025444296563,0.24011586941204102,0.20872152196038518,송파구,송파구 오금동 166,37.49827194,127.13486481,2021-08-24 00:00:00,7.0,QR,395,32.336708860759494,4.619529837251356,3,3,4,2,4,16,3.3500000000000005,검토,3
1941,1941. 오류동역 2번출구,12450,2025-06-01,2026-06-30,0.22931726907630523,0.2859437751004016,0.23012048192771084,0.19582329317269076,구로구,서울특별시 구로구 서해안로 2340-10,37.49367142,126.84370422,2017-06-22 13:34:53,10.0,LCD,395,31.518987341772153,3.151898734177215,3,4,3,2,4,16,3.3500000000000005,검토,0
6188,6188.금호아파트,7874,2025-11-13,2026-06-30,0.18681737363474726,0.30416560833121664,0.2284734569469139,0.12915925831851663,강서구,강서구 양천로 595 염창금호타운아파트,37.55619049,126.86463928,2025-11-13 00:00:00,10.0,QR,230,34.23478260869565,3.4234782608695653,3,3,4,2,4,16,3.3500000000000005,검토,0
2542,2542.신논현타워 앞,13520,2025-06-01,2026-06-30,0.13217455621301774,0.3447485207100592,0.24016272189349114,0.20747041420118342,서초구,서초구 강남대로 479,37.50508881,127.02391052,2020-02-14 00:00:00,10.0,QR,395,34.22784810126582,3.422784810126582,3,2,5,2,4,16,3.3500000000000005,검토,3
665,665.이문동 쌍용아파트 정문,9226,2025-06-01,2026-06-30,0.25785822675048775,0.24430955993930198,0.28083676566225885,0.1518534576197702,동대문구,서울특별시 동대문구 한천로58길 47 쌍용아파트,37.59960556,127.06864166,2020-04-19 00:00:00,11.0,QR,395,23.356962025316456,2.1233601841196776,3,5,2,4,3,17,3.35,검토,0
5053,5053. 신마곡벽산블루밍메트로오피스텔앞,20643,2025-06-01,2026-06-30,0.2515138303541152,0.2476384246475803,0.2369810589546093,0.1342828077314344,강서구,강서구 방화동 904,37.57108688,126.80754089,2021-07-21 00:00:00,25.0,QR,395,52.26075949367089,2.0904303797468358,4,5,2,2,3,16,3.35,검토,0
1825,1825. 한신아파트 앞 육교 아래,6637,2025-06-01,2026-06-30,0.24875696850986892,0.30992918487268345,0.25161970769926173,0.14012354979659486,금천구,서울특별시 금천구 금하로1길 70,37.45470047,126.89105225,2017-05-08 16:00:54,10.0,QR,395,16.80253164556962,1.6802531645569618,2,5,4,3,2,16,3.35,검토,0
237,237. 보라매 두산위브 건너편,21058,2025-06-01,2026-06-30,0.24916896191471175,0.25724190331465474,0.23563491309716023,0.1653053471364802,동작구,동작구 여의대방로 74,37.49651337,126.91480255,2016-06-29 12:00:00,20.0,QR,395,53.311392405063295,2.665569620253165,4,5,2,2,3,16,3.35,검토,0
2306,2306. 압구정역 2번 출구 옆,21115,2025-06-01,2026-06-30,0.13686952403504618,0.35538716552214067,0.2361354487331281,0.1793038124556003,강남구,서울특별시 강남구 압구정로 지하 172,37.5271225,127.02871704,2017-06-13 10:38:57,26.0,LCD,395,53.45569620253165,2.0559883154819865,4,2,5,2,3,16,3.35,검토,3
4390,4390. 신답역 1번출구,5732,2025-06-01,2026-06-30,0.19330076762037685,0.4021284019539428,0.16974877878576414,0.10659455687369156,성동구,성동구 용답동 128-3,37.57045364,127.04694366,2023-04-07 00:00:00,5.0,QR,395,14.51139240506329,2.902278481012658,2,4,5,1,3,15,3.35,검토,2
2250,2250. 서초유치원 맞은편,9081,2025-06-01,2026-06-30,0.19072789340381016,0.2728774364056822,0.2689131152956723,0.13687919832617554,서초구,서울특별시 서초구 양재대로2길 74,37.4557991,127.01628876,2017-06-22 13:57:28,10.0,LCD,395,22.98987341772152,2.298987341772152,3,4,3,4,3,17,3.35,검토,0
2221,2221. 방일초교 마을버스 정류장,12727,2025-06-01,2026-06-30,0.125481260312721,0.34603598648542466,0.26117702522196906,0.1676750216076059,서초구,서울특별시 서초구 방배로 110,37.48561096,126.99468231,2017-06-01 10:22:24,15.0,LCD,395,32.220253164556965,2.148016877637131,3,2,5,4,3,17,3.35,검토,3
2170,2170. 조원동 강남힐병원,9463,2025-06-01,2026-06-30,0.2772904998414879,0.23142766564514425,0.2609109161999366,0.17890732325900877,관악구,서울특별시 관악구 남부순환로 1451,37.48152924,126.91203308,2017-11-28 10:24:01,10.0,LCD,395,23.956962025316457,2.3956962025316457,3,5,2,4,3,17,3.35,검토,0
5098,5098. LG사이언스파크 W4동,12338,2025-06-01,2026-06-30,0.42146214945696225,0.3053169071162263,0.0678391959798995,0.048143945534122226,강서구,마곡동 770-1,37.56403732,126.82978821,2023-08-25 00:00:00,20.0,QR,395,31.235443037974683,1.5617721518987342,3,5,4,1,2,15,3.35,검토,0
4320,4320. 비석공원,10056,2025-06-01,2026-06-30,0.13564041368337312,0.3654534606205251,0.27396579156722356,0.14826968973747018,서초구,서울 서초구 논현로27길 57,37.47901154,127.04144287,2020-12-14 00:00:00,11.0,QR,395,25.458227848101266,2.314384349827388,3,2,5,4,3,17,3.35,검토,3
800,800. 목월공원 앞,12747,2025-06-01,2026-06-30,0.2330744488899349,0.2954420647995607,0.26735702518239585,0.13195261630187496,용산구,서울특별시 용산구 원효로4가 109-10 목월공원 앞,37.53243256,126.95474243,2016-06-29 12:00:00,15.0,LCD,395,32.27088607594937,2.1513924050632913,3,4,3,4,3,17,3.35,검토,0
1246,1246. 문정 법조단지10,22990,2025-06-01,2026-06-30,0.14619399739016964,0.4207481513701609,0.21331013484123532,0.0941278816876903,송파구,서울특별시 송파구 송파대로 지하 82,37.47750854,127.12632751,2017-06-27 13:58:32,30.0,LCD,395,58.20253164556962,1.940084388185654,5,2,5,2,2,16,3.35,검토,2
201,201. 진미파라곤 앞,17858,2025-06-01,2026-06-30,0.11485048717661553,0.4138761339455706,0.23418075932355248,0.11373054093403516,영등포구,서울특별시 영등포구 국회대로76길 10,37.53123856,126.92133331,2015-09-11 21:17:19,15.0,QR,395,45.210126582278484,3.0140084388185655,4,2,5,2,3,16,3.35,검토,2
5506,5506. 월드컵참누리아파트,10353,2025-06-01,2026-06-30,0.27344730995846617,0.23606684052931518,0.26175987636433884,0.14237419105573262,마포구,마포구 월드컵북로38길 54,37.57212448,126.90597534,2023-07-10 00:00:00,10.0,QR,395,26.21012658227848,2.621012658227848,3,5,2,4,3,17,3.35,검토,0
2651,2651.경찰병원역 3번출구 앞,16254,2025-06-01,2026-06-30,0.23791066814322628,0.2684877568598499,0.2228989787129322,0.17983265657684264,송파구,송파구 가락동 123,37.49612427,127.12480164,2020-01-20 00:00:00,20.0,QR,395,41.1493670886076,2.05746835443038,4,4,3,2,3,16,3.35,검토,0
2531,2531.멤피스아파트 앞,20875,2025-06-01,2026-06-30,0.1871137724550898,0.3195688622754491,0.21920958083832334,0.13619161676646707,서초구,서초구 방배로 245,37.49420547,126.98935699,2020-02-23 00:00:00,20.0,QR,395,52.848101265822784,2.642405063291139,4,3,4,2,3,16,3.35,검토,2
4674,4674. 녹번역e편한세상 캐슬 정문 앞,11594,2025-06-01,2026-06-30,0.17241676729342764,0.29722270139727447,0.2753148180093152,0.2227876487838537,은평구,은평로220,37.60034561,126.93148041,2021-03-18 00:00:00,10.0,QR,395,29.351898734177215,2.9351898734177215,3,3,4,4,3,17,3.35,검토,3
4644,4644.서울특별시교육청 앞,838,2026-05-29,2026-06-30,0.17422434367541767,0.25894988066825775,0.30668257756563244,0.2052505966587112,용산구,용산구 두텁바위로 27,37.54584122,126.97671509,2026-05-29 00:00:00,5.0,QR,33,25.393939393939394,5.078787878787879,3,3,2,5,5,18,3.35,검토,3
1001,1001. 광진교 남단 사거리(천호공원 방면),18948,2025-06-01,2026-06-30,0.11689888114840616,0.2936457673633101,0.30731475617479415,0.2431391175849694,강동구,서울특별시 강동구 구천면로 171,37.54179382,127.12474823,2017-04-19 10:11:51,15.0,LCD,395,47.96962025316456,3.1979746835443037,4,2,3,5,4,18,3.3499999999999996,검토,3
1630,1630. 수연빌딩 앞,13884,2025-06-01,2026-06-30,0.09622587150677038,0.3092048401037165,0.2929271103428407,0.2929271103428407,노원구,서울특별시 노원구 동일로 지하 1662 노원구 상계동 1132-9,37.67625046,127.05550385,2017-06-21 00:00:00,10.0,QR,395,35.1493670886076,3.51493670886076,4,1,4,5,4,18,3.3499999999999996,검토,3
701,701. 목동사거리 부근,20756,2025-06-01,2026-06-30,0.24012333783002504,0.22089998072846406,0.25510695702447483,0.2087589130853729,양천구,서울특별시 양천구 목동 813,37.53280258,126.86392975,2016-06-29 12:00:00,8.0,LCD,395,52.54683544303798,6.568354430379747,4,4,1,3,5,17,3.3499999999999996,검토,0
1306,1306. 한성대입구역2번출구,15770,2025-06-01,2026-06-30,0.09892200380469246,0.2982244768547876,0.29714648065948,0.27260621433100823,성북구,서울특별시 성북구 동소문로 2 성북구 동소문동2가 2-3,37.58844757,127.00670624,2017-06-22 10:24:21,10.0,QR,395,39.924050632911396,3.9924050632911396,4,1,4,5,4,18,3.3499999999999996,검토,3
279,279. 영등포 푸르지오 아파트 B,26944,2025-06-01,2026-06-30,0.17562351543942992,0.26273010688836107,0.25111342042755347,0.23775237529691212,영등포구,서울특별시 영등포구 도신로29길 28,37.51322937,126.90446471999999,2017-12-22 14:36:29,15.0,QR,395,68.2126582278481,4.547510548523206,5,3,2,3,4,17,3.3499999999999996,검토,3
431,431. 청계천 영도교,42101,2025-06-01,2026-06-30,0.17267998384836464,0.2442934847153274,0.24624118191966937,0.2319897389610698,중구,서울특별시 중구 청계천로 400 롯데캐슬베네치아,37.5710144,127.01974487,2018-10-23 00:00:00,25.0,QR,395,106.58481012658228,4.263392405063291,5,3,2,3,4,17,3.3499999999999996,검토,1
314,314. 국립현대미술관,14738,2025-06-01,2026-06-30,0.08651105984529787,0.33233817342923055,0.29698737956303434,0.05339937576333288,종로구,서울특별시 종로구 삼청로 30 국립현대미술관 서울관,37.5797081,126.98085785,2015-10-07 12:13:37,10.0,QR,395,37.311392405063295,3.7311392405063293,4,1,4,5,4,18,3.3499999999999996,검토,2
1640,1640. 한내근린공원 북측,15016,2025-06-01,2026-06-30,0.14577783697389451,0.2824320724560469,0.31679541822056473,0.1875332978156633,노원구,서울특별시 노원구 마들로 86 한내근린공원 북측,37.62386322,127.06848907,2017-08-30 12:59:22,9.0,QR,395,38.01518987341772,4.223909985935302,4,2,3,5,4,18,3.3499999999999996,검토,3
2909,2909. 석계역 3번 출구,17736,2025-06-01,2026-06-30,0.1403360396932792,0.2937528191249436,0.28456247180875055,0.24351601262967976,노원구,서울특별시 노원구 화랑로 351-2 구두수선대196,37.61545944,127.06745148,2020-03-25 00:00:00,13.0,QR,395,44.90126582278481,3.4539435248296004,4,2,3,5,4,18,3.3499999999999996,검토,3
1667,1667. 중계중학교,21781,2025-06-01,2026-06-30,0.18754878104770212,0.2473715623708737,0.2508149304439649,0.1963178917405078,노원구,서울특별시 노원구 덕릉로76길 23 중계중학교,37.65449905,127.0743866,2017-11-28 11:18:58,10.0,LCD,395,55.141772151898735,5.514177215189873,4,3,2,3,5,17,3.3499999999999996,검토,3
4222,4222. 서울디자인고등학교 앞,15492,2025-06-01,2026-06-30,0.14626904208623806,0.2953782597469662,0.25684224115672605,0.22876323263619933,마포구,마포구 염리동 160-68 (동도중학교.서울디자인고등학교 버스정류장에서 공덕방향으로의 보도블럭 공간) (매장 '호계식' 앞),37.54568481,126.94676971,2021-10-26 00:00:00,5.0,QR,395,39.220253164556965,7.844050632911393,4,2,3,3,5,17,3.3499999999999996,검토,3
176,176. 명지대학교 도서관,20627,2025-06-01,2026-06-30,0.19169050273912833,0.21767586173461967,0.25379357153245746,0.20419838076307753,서대문구,서울특별시 서대문구 거북골로 34,37.58109665,126.92402649,2017-04-24 14:15:54,10.0,LCD,395,52.220253164556965,5.222025316455697,4,4,1,3,5,17,3.3499999999999996,검토,0
1338,1338. 용문2교 옆,24088,2025-06-01,2026-06-30,0.17465127864496846,0.25211723679840586,0.25112089006974425,0.23364330787113916,성북구,서울특별시 성북구 인촌로7길 24 용문2교 옆,37.5868988,127.02075195,2017-11-13 09:19:14,15.0,LCD,395,60.982278481012656,4.065485232067511,5,3,2,3,4,17,3.3499999999999996,검토,3
1689,1689. 마들역 3번출구,20446,2025-06-01,2026-06-30,0.14609214516286803,0.2822556979360266,0.25335028856500047,0.2037073266164531,노원구,서울특별시 노원구 동일로 지하 1530-1 마들역 3번출구,37.66524887,127.05789185,2018-11-02 00:00:00,10.0,QR,395,51.7620253164557,5.17620253164557,4,2,3,3,5,17,3.3499999999999996,검토,3
1737,1737. 신창시장,21538,2025-06-01,2026-06-30,0.18218961834896463,0.25717336800074286,0.25889126195561335,0.17336800074287306,도봉구,서울특별시 도봉구 덕릉로 249 하나은행 (창동점),37.63970184,127.03883362,2018-10-27 00:00:00,10.0,LCD,395,54.526582278481015,5.452658227848102,4,3,2,3,5,17,3.3499999999999996,검토,0
2413,2413.도곡역 1번 출구,14580,2025-06-01,2026-06-30,0.16056241426611798,0.3216049382716049,0.27757201646090535,0.17887517146776405,강남구,남부순환로 2814,37.49095917,127.05498505,2020-02-18 00:00:00,20.0,QR,395,36.91139240506329,1.8455696202531644,4,3,4,4,2,17,3.3499999999999996,검토,3
3905,3905. 희훈타워빌 앞,23062,2025-06-01,2026-06-30,0.22747376636891856,0.22790738010580175,0.2433006677651548,0.1739224698638453,구로구,서울 구로구 구로동 50,37.50191498,126.88924408,2020-11-02 00:00:00,15.0,QR,395,58.38481012658228,3.8923206751054855,5,4,1,3,4,17,3.3499999999999996,검토,0
4028,4028. 한일유앤아이아파트 105동 인근,14815,2025-06-01,2026-06-30,0.1897401282483969,0.2598042524468444,0.2922713466081674,0.20715491056361796,노원구,서울특별시 노원구 노원구 상계동 197-38,37.65351868,127.07130432,2021-03-04 00:00:00,10.0,QR,395,37.50632911392405,3.7506329113924055,4,3,2,5,4,18,3.3499999999999996,검토,3
1824,1824. 독산근린공원 입구,18601,2025-06-01,2026-06-30,0.2700392452018709,0.2562227837213053,0.27783452502553624,0.17622708456534594,금천구,서울특별시 금천구 독산동 ,37.46455002,126.88372803,2017-05-08 15:58:43,25.0,LCD,395,47.09113924050633,1.8836455696202532,4,5,2,4,2,17,3.3499999999999996,검토,0
1681,1681. 현대6차 아파트,17034,2025-06-01,2026-06-30,0.18369144064811554,0.25014676529294355,0.29259128801221085,0.15627568392626512,노원구,서울특별시 노원구 중계로8길 20 현대6차 아파트,37.64580154,127.08226013,2018-03-15 14:21:03,12.0,LCD,395,43.12405063291139,3.5936708860759494,4,3,2,5,4,18,3.3499999999999996,검토,0
3421,3421.혜화역 1번출구,21698,2025-06-01,2026-06-30,0.11171536547147203,0.2869849755737856,0.24564475988570375,0.26855009678311365,종로구,서울특별시 종로구 대학로 144 중원빌딩,37.58385468,127.00185394,2020-02-04 00:00:00,10.0,QR,395,54.93164556962025,5.493164556962025,4,2,3,3,5,17,3.3499999999999996,검토,3
4020,4020. 중계동 성모빌딩 앞 ,18806,2025-06-01,2026-06-30,0.07332766138466447,0.32633202169520364,0.2892162075933213,0.1993512708709986,노원구,서울특별시 노원구 한글비석로 263 성모빌딩,37.65116119,127.07659149,2021-03-04 00:00:00,10.0,QR,395,47.61012658227848,4.761012658227848,4,1,4,5,4,18,3.3499999999999996,검토,3
111,111. 상수역 2번출구 앞,18851,2025-06-01,2026-06-30,0.05485120152777041,0.31022226937562997,0.33547291920853006,0.31372340989867914,마포구,서울특별시 마포구 와우산로 40,37.54787064,126.92353058,2015-09-07 01:30:37,10.0,QR,395,47.72405063291139,4.7724050632911394,4,1,4,5,4,18,3.3499999999999996,검토,3
609,609. 제기2교,16879,2025-06-01,2026-06-30,0.19639789087031223,0.26814384738432373,0.2733574263878192,0.21665975472480598,동대문구,서울특별시 동대문구 제기동 122-388,37.58774567,127.03738403,2016-06-29 12:00:00,30.0,LCD,395,42.731645569620255,1.4243881856540086,4,4,3,4,2,17,3.3499999999999996,검토,3
1683,1683. 노원문화예술회관,21535,2025-06-01,2026-06-30,0.23789180403993498,0.22071047132574878,0.24583236591595078,0.1974460181100534,노원구,서울특별시 노원구 중계로 181 노원문화예술회관,37.65045929,127.08088684,2018-10-27 00:00:00,5.0,LCD,395,54.51898734177215,10.90379746835443,4,4,1,3,5,17,3.3499999999999996,검토,1
485,485.서울역5번출구,10784,2025-06-01,2026-06-30,0.18981824925816024,0.3551557863501484,0.19380563798219586,0.14790430267062316,중구,서울특별시 중구 세종대로 2 서울역 1호선,37.55677032,126.97319794,2020-02-03 00:00:00,10.0,QR,395,27.30126582278481,2.730126582278481,3,3,5,1,3,15,3.3000000000000003,검토,2
206,206. KBS 앞,33082,2025-06-01,2026-06-30,0.0918021885012998,0.43516111480563446,0.21863853455051085,0.10779275739072608,영등포구,서울특별시 영등포구 여의공원로 13,37.52466583,126.91802216,2015-09-17 15:09:17,35.0,QR,395,83.75189873417722,2.3929113924050633,5,1,5,2,3,16,3.3000000000000003,검토,2
4273,4273. 홍연2교 사거리,7617,2025-06-01,2026-06-30,0.2659839831954838,0.2674281213076014,0.24314034396744125,0.12432716292503611,서대문구,서대문구 홍은동 422-13,37.57716751,126.92906189,2022-07-28 00:00:00,7.0,QR,395,19.28354430379747,2.7547920433996387,2,5,3,3,3,16,3.3000000000000003,검토,0
3980,3980. 금천현대홈타운 후문 서부샛길,11442,2025-06-01,2026-06-30,0.3479286837965391,0.20503408495018352,0.21849327040727146,0.12506554798112218,금천구,독산동 871-45,37.46139526,126.89003754,2022-01-12 00:00:00,5.0,QR,395,28.96708860759494,5.7934177215189875,3,5,1,2,5,16,3.3000000000000003,검토,0
501,501. 광진문화예술회관 앞,26329,2025-06-01,2026-06-30,0.21759276843024802,0.24497702153518933,0.23434236013521212,0.21375669413954196,광진구,서울특별시 광진구 능동로 76 광진구의회 앞,37.53730774,127.07035065,2015-10-07 11:46:27,30.0,QR,395,66.65569620253164,2.221856540084388,5,4,2,2,3,16,3.3000000000000003,검토,0
511,511. 서울숲역 5번 출구 옆,12375,2025-06-01,2026-06-30,0.16072727272727272,0.35345454545454547,0.25915151515151513,0.1157979797979798,성동구,서울특별시 성동구 왕십리로 지하77 서울숲역 4번 출구 옆,37.54458237,127.04460907,2015-10-07 11:56:08,16.0,QR,395,31.329113924050635,1.9580696202531647,3,3,5,3,2,16,3.3000000000000003,검토,2
4552,4552. 코레일유통본사,9434,2025-06-01,2026-06-30,0.20987916048335806,0.3194827220691117,0.09698961204155183,0.052045791816832734,영등포구,영등포구 국회대로 612,37.52617645,126.90197754,2021-05-17 00:00:00,10.0,QR,395,23.883544303797468,2.3883544303797466,3,4,4,1,3,15,3.3000000000000003,검토,2
1240,1240. 문정 법조단지4,8582,2025-06-01,2026-06-30,0.20939175017478442,0.33383826613842926,0.2469121416919133,0.18608715917035656,송파구,서울특별시 송파구 새말로 62,37.48057556,127.11856842,2017-06-27 13:53:02,10.0,LCD,395,21.72658227848101,2.172658227848101,2,4,4,3,3,16,3.3000000000000003,검토,3
4618,4618. 풍전아파트 건너편,11913,2025-06-01,2026-06-30,0.16964660454965164,0.3829430034416184,0.17694955091076975,0.09745656006043818,용산구,서울특별시 용산구 원효로4가 114-38,37.53237915,126.95252991,2020-10-30 00:00:00,10.0,QR,395,30.159493670886075,3.0159493670886075,3,3,5,1,3,15,3.3000000000000003,검토,2
3785,3785. 마곡14단지 1408동앞,22278,2025-06-01,2026-06-30,0.2831941826016698,0.20432713888140766,0.2274890026034653,0.16639734266989856,강서구,강서구 마곡동 729-20,37.55737305,126.82332611,2021-05-14 00:00:00,20.0,QR,395,56.4,2.82,5,5,1,2,3,16,3.3000000000000003,검토,0
652,652. 답십리 래미안엘파인아파트 입구,8782,2025-06-01,2026-06-30,0.30585288089273516,0.2691869733545889,0.2533591437030289,0.11364153951263949,동대문구,서울특별시 동대문구 사가정로 190 답십리 래미안엘파인아파트 입구,37.57653046,127.06594086,2018-11-04 00:00:00,10.0,LCD,395,22.232911392405065,2.2232911392405064,2,5,3,3,3,16,3.3000000000000003,검토,0
1197,1197. 엠펠리체 호텔 건너편,24163,2025-06-01,2026-06-30,0.08674419567106734,0.3496254604146836,0.24098828787816082,0.3155651202251376,강서구,강서구 마곡동 727-1187,37.5602417,126.8358078,2018-11-20 00:00:00,20.0,LCD,395,61.17215189873418,3.058607594936709,5,1,5,2,3,16,3.3000000000000003,검토,3
3207,3207.양남사거리1,10140,2025-06-01,2026-06-30,0.15364891518737672,0.35887573964497044,0.17406311637080868,0.16548323471400395,영등포구,영등포구 양평동1가 19-2,37.5218277,126.88972473,2021-06-15 00:00:00,12.0,QR,395,25.670886075949365,2.1392405063291138,3,3,5,1,3,15,3.3000000000000003,검토,2
4329,4329. SC제일은행 양재동지점 앞,9240,2025-06-01,2026-06-30,0.233982683982684,0.31926406926406925,0.19220779220779222,0.1510822510822511,서초구,강남대로 251 해동빌딩앞,37.48573685,127.03315735,2021-11-05 00:00:00,8.0,QR,395,23.39240506329114,2.9240506329113924,3,4,4,1,3,15,3.3000000000000003,검토,0
3127,3127.홍은2파출소 옆,8637,2025-06-01,2026-06-30,0.15259928215815677,0.35162672224151903,0.2605071205279611,0.12446451314113696,서대문구,서대문구 홍은동424-1,37.58333588,126.93628693,2020-04-09 00:00:00,10.0,QR,395,21.865822784810128,2.186582278481013,2,3,5,3,3,16,3.3000000000000003,검토,2
2550,2550.양재동 꽃시장 건너편,9901,2025-06-01,2026-06-30,0.1827088172911827,0.3507726492273508,0.20028279971720028,0.162003837996162,서초구,양재동 351,37.46738434,127.04145813,2020-06-15 00:00:00,10.0,QR,395,25.065822784810127,2.506582278481013,3,3,5,1,3,15,3.3000000000000003,검토,2
1966,1966. 한마을아파트 정문상가,18769,2025-06-01,2026-06-30,0.2836059459747456,0.21247802227076562,0.23235121743300122,0.17534231978262027,구로구,서울특별시 구로구 경인로 382,37.49649811,126.86309814,2017-11-13 09:44:06,10.0,LCD,395,47.516455696202534,4.751645569620253,4,5,1,2,4,16,3.3,검토,0
670,670.삼육서울병원 버스정류장,36218,2025-06-01,2026-06-30,0.10475454194047158,0.29604064277431114,0.25821414766138384,0.2662488265503341,동대문구,서울특별시 동대문구 망우로 74,37.58968735,127.061409,2020-04-22 00:00:00,9.0,QR,395,91.69113924050633,10.187904360056258,5,1,3,3,5,17,3.3,검토,1
1952,1952. 천왕연지타운2단지 앞,16713,2025-06-01,2026-06-30,0.23137677257224915,0.26021659785795487,0.26500329085143304,0.17190211212828338,구로구,서울특별시 구로구 오리로 1102-10,37.48210526,126.84572601,2017-06-22 13:41:32,20.0,LCD,395,42.311392405063295,2.1155696202531646,4,4,2,4,3,17,3.3,검토,0
1677,1677. 육군사관학교  앞,15567,2025-06-01,2026-06-30,0.14434380420119483,0.31078563628187833,0.2765465407592985,0.12828419091668272,노원구,서울특별시 노원구 화랑로 570 육군사관학교 앞,37.62316513,127.09049988,2017-12-22 14:30:34,15.0,LCD,395,39.41012658227848,2.627341772151899,4,2,4,4,3,17,3.3,검토,3
4566,4566. 대림성원상떼빌아파트,21221,2025-06-01,2026-06-30,0.28976014325432353,0.21648367183450357,0.23396635408321945,0.11912727958154658,영등포구,영등포구 대림로 256,37.5038414,126.89615631,2021-05-17 00:00:00,15.0,QR,395,53.72405063291139,3.5816033755274264,4,5,1,2,4,16,3.3,검토,0
4347,4347. 논현지하보도,13986,2025-06-01,2026-06-30,0.22808522808522808,0.2556127556127556,0.22551122551122552,0.20956670956670956,서초구,서초구 강남대로 519,37.508369450000004,127.02232361,2024-09-10 00:00:00,10.0,QR,395,35.40759493670886,3.540759493670886,4,4,2,2,4,16,3.3,검토,0
4652,4652. 신사두산위브2차아파트 앞,14029,2025-06-01,2026-06-30,0.3114263311711455,0.1643737971345071,0.2330886021811961,0.14405873547651293,은평구,가좌로12길,37.59931564,126.90759277,2020-08-20 00:00:00,10.0,QR,395,35.516455696202534,3.5516455696202534,4,5,1,2,4,16,3.3,검토,0
4592,4592. 신길우성4차아파트,18034,2025-06-01,2026-06-30,0.20073195075967618,0.24947321725629368,0.2336142841299767,0.18021514916269268,영등포구,"영등포구 도신로
(신길우성4차 401동 앞)",37.51283264,126.91763306,2021-08-02 00:00:00,14.0,QR,395,45.655696202531644,3.261121157323689,4,4,2,2,4,16,3.3,검토,0
4710,4710. 자교교회 앞,9727,2025-06-01,2026-06-30,0.20684692094170865,0.25012850827593297,0.2612316233165416,0.11061992392310065,종로구,서울특별시 종로구 자하문로 56 자교교회,37.58114624,126.97123718,2020-11-05 00:00:00,8.0,QR,395,24.625316455696204,3.0781645569620255,3,4,2,4,4,17,3.3,검토,0
669,669.청계한신휴플러스앞 삼거리,17787,2025-06-01,2026-06-30,0.3126440658908191,0.2239838083993928,0.2135267330072525,0.15151515151515152,동대문구,서울특별시 동대문구 서울시립대로 14 청계한신휴플러스,37.57214737,127.04460907,2020-04-19 00:00:00,10.0,QR,395,45.03037974683544,4.5030379746835445,4,5,1,2,4,16,3.3,검토,0
166,166. 가재울 초등학교,18732,2025-06-01,2026-06-30,0.30498612000854153,0.21300448430493274,0.275624599615631,0.09507794149049754,서대문구,서울특별시 서대문구 연희동 530,37.57381821,126.91923523,2016-06-29 12:00:00,20.0,LCD,395,47.42278481012658,2.371139240506329,4,5,1,4,3,17,3.3,검토,0
4507,4507. 신정제일시장,12278,2025-06-01,2026-06-30,0.17608731063691155,0.29035673562469455,0.26600423521746214,0.17258511158169082,양천구,신월로 308,37.52124786,126.85495758,2021-04-01 00:00:00,10.0,QR,395,31.083544303797467,3.108354430379747,3,3,3,4,4,17,3.3,검토,3
1540,1540. 가오리역,10362,2025-06-01,2026-06-30,0.15209419031075083,0.26558579424821466,0.27523644084153637,0.22987840185292416,강북구,서울특별시 강북구 삼양로 426 가오리역,37.64167023,127.01688385,2018-02-26 11:23:39,8.0,LCD,395,26.232911392405065,3.279113924050633,3,3,3,4,4,17,3.3,검토,3
4711,4711. 올림픽기념 국민생활관 로터리,15196,2025-06-01,2026-06-30,0.2807975783100816,0.2154514345880495,0.22341405633061331,0.14497236114767045,종로구,서울특별시 종로구 혜화로 50,37.58983612,126.99934387,2020-09-10 00:00:00,10.0,QR,395,38.470886075949366,3.8470886075949364,4,5,1,2,4,16,3.3,검토,0
334,334. 종로3가역 2번출구 뒤,15289,2025-06-01,2026-06-30,0.1274118647393551,0.2984498659166721,0.2155798286349663,0.20661913794231146,종로구,서울특별시 종로구 종로 지하129 종로3가역 2번출구 뒤,37.5705986,126.99179077,2015-10-07 12:27:34,10.0,QR,395,38.70632911392405,3.8706329113924047,4,2,4,2,4,16,3.3,검토,3
327,327. 낙원상가 옆,14190,2025-06-01,2026-06-30,0.1657505285412262,0.29577167019027484,0.22459478505990133,0.13227625088090203,종로구,서울특별시 종로구 삼일대로 428 낙원상가 옆,37.57335663,126.9874649,2015-10-07 00:00:00,10.0,QR,395,35.924050632911396,3.5924050632911397,4,3,3,2,4,16,3.3,검토,0
1907,1907. 구일우성(아) 육교 밑,17998,2025-06-01,2026-06-30,0.30836759639959993,0.2123569285476164,0.22019113234803867,0.1425713968218691,구로구,서울특별시 구로구 구일로2길 59,37.48963165,126.87625885,2017-05-11 11:17:38,12.0,LCD,395,45.564556962025314,3.7970464135021094,4,5,1,2,4,16,3.3,검토,0
768,768.목동5단지아파트 501동,27897,2025-06-01,2026-06-30,0.10786106032906764,0.2944044162454744,0.2915367243789655,0.2534322687027279,양천구,양천구 목동,37.53566742,126.88158417,2020-03-12 00:00:00,15.0,QR,395,70.62531645569621,4.708354430379747,5,1,3,5,4,18,3.3,검토,3
1928,1928. 고척스카이돔구장 광장,17336,2025-06-01,2026-06-30,0.16630133825565296,0.2953968620212275,0.222888786340563,0.20137286571296723,구로구,서울특별시 구로구 경인로 430,37.49946976,126.86840057,2017-05-11 11:27:08,10.0,LCD,395,43.88860759493671,4.388860759493671,4,3,3,2,4,16,3.3,검토,3
1478,1478.홈플러스 상봉점 앞,17230,2025-06-01,2026-06-30,0.11845618107951247,0.3319210679048172,0.2795124782356355,0.2081834010446895,중랑구,서울특별시 중랑구 상봉동 500-1,37.59832764,127.0922699,2020-04-21 00:00:00,15.0,QR,395,43.620253164556964,2.908016877637131,4,2,4,4,3,17,3.3,검토,3
4398,4398. 유원지식산업센터 앞,22137,2025-06-01,2026-06-30,0.10385327731851651,0.36775534173555585,0.24081853909743867,0.10073632380177983,성동구,성동구 성수일로6길 53,37.54436493,127.05593109,2024-09-02 00:00:00,12.0,QR,395,56.04303797468354,4.670253164556962,4,1,5,2,4,16,3.3,검토,2
205,205. 산업은행 앞,20165,2025-06-01,2026-06-30,0.07686585668237045,0.4671956360029755,0.27349367716340195,0.09288370939747087,영등포구,서울특별시 영등포구 의사당대로 97,37.52626419,126.92050934,2015-09-17 15:08:00,20.0,QR,395,51.050632911392405,2.55253164556962,4,1,5,4,3,17,3.3,검토,2
4685,4685. DMC역 5번 출구(수색역 방향),20161,2025-06-01,2026-06-30,0.12682902633797927,0.31997420762858986,0.28009523337136055,0.2185407469867566,은평구,은평구 수색로 194,37.57890701,126.90129852,2022-06-28 00:00:00,25.0,QR,395,51.040506329113924,2.041620253164557,4,2,4,4,3,17,3.3,검토,3
1444,1444. 면목4치안센터,12937,2025-06-01,2026-06-30,0.25987477776918916,0.2131096853984695,0.2616526242560099,0.17105975110149185,중랑구,서울특별시 면목동 646-4 면목4치안센터,37.57402802,127.08054352,2017-11-01 16:00:00,10.0,LCD,395,32.75189873417722,3.275189873417722,3,5,1,4,4,17,3.3,검토,0
3818,3818. 은천교회 앞,12836,2025-06-01,2026-06-30,0.2768775319414148,0.20941103147397944,0.2796821439700841,0.17334060454970396,관악구,서울 관악구 신림동 458,37.48857117,126.92138672,2021-10-26 00:00:00,10.0,QR,395,32.49620253164557,3.249620253164557,3,5,1,4,4,17,3.3,검토,0
265,265. 영등포유통상가 사거리,19014,2025-06-01,2026-06-30,0.17939413064058063,0.2960976122856842,0.22709582412958873,0.20269275270853054,영등포구,서울특별시 영등포구 영등포로 124,37.52113342,126.89653778,2016-07-06 12:00:00,11.0,QR,395,48.13670886075949,4.376064441887227,4,3,3,2,4,16,3.3,검토,3
456,456. 숭인2동 주민센터 입구,16478,2025-06-01,2026-06-30,0.2026338147833475,0.2334021119067848,0.23030707610146864,0.19735404782133753,종로구,서울특별시 종로구 종로 383-1 숭인2동 주민센터 입구 (이강3대냉면),37.57447052,127.0198288,2018-08-30 00:00:00,10.0,LCD,395,41.71645569620253,4.171645569620253,4,4,2,2,4,16,3.3,검토,0
1017,1017. 둔촌고교입구 교차로(길동주민센터 방면),19702,2025-06-01,2026-06-30,0.18764592427164756,0.28347375900923766,0.2752512435285758,0.15140594863465637,강동구,서울특별시 강동구 천호대로 1207,37.53544617,127.14518738,2017-04-19 15:02:21,20.0,LCD,395,49.87848101265823,2.4939240506329114,4,3,3,4,3,17,3.3,검토,0
3414,3414.종로5가역 4번출구,15845,2025-06-01,2026-06-30,0.17563900284001263,0.29605553802461343,0.22013253392237297,0.17178920795203534,종로구,서울특별시 종로구 종로5가 79-2,37.57117462,127.00222778,2020-02-11 00:00:00,10.0,QR,395,40.11392405063291,4.011392405063291,4,3,3,2,4,16,3.3,검토,3
3762,3762. 마곡9단지 907동앞,17702,2025-06-01,2026-06-30,0.33679810190938875,0.20658682634730538,0.23635747373178173,0.10100553609761609,강서구,강서구 마곡동 730-868,37.5606842,126.81918335,2021-04-29 00:00:00,10.0,QR,395,44.81518987341772,4.481518987341772,4,5,1,2,4,16,3.3,검토,0
239,239. 유스호스텔 앞,15134,2025-06-01,2026-06-30,0.20635654816968416,0.3221884498480243,0.17490418924276463,0.12950971322849214,영등포구,서울특별시 영등포구 영등포동7가 58-2,37.5258522,126.90328217,2016-06-29 12:00:00,20.0,LCD,395,38.31392405063291,1.9156962025316457,4,4,4,1,2,15,3.3,검토,2
1060,1060. 천일초교 사거리,9520,2025-06-01,2026-06-30,0.17436974789915966,0.28319327731092436,0.26785714285714285,0.23487394957983193,강동구,강동구 천호동 217-18,37.5446701,127.13267517,2018-09-11 00:00:00,6.0,LCD,395,24.10126582278481,4.0168776371308015,3,3,3,4,4,17,3.3,검토,3
1061,1061. 천호초교 입구 사거리(일주빌딩),12353,2025-06-01,2026-06-30,0.22286084351979277,0.25378450578806766,0.26309398526673683,0.20165142070752043,강동구, 강동구 천호동 234-2,37.54689789,127.13466644,2018-09-10 00:00:00,8.0,LCD,395,31.27341772151899,3.9091772151898736,3,4,2,4,4,17,3.3,검토,0
4862,4862. 성내교 남단,6104,2025-06-01,2026-06-30,0.15088466579292267,0.3410878112712975,0.33666448230668417,0.17250982961992137,송파구,마천동 307-1,37.52301788,127.11588287,2021-04-07 00:00:00,10.0,QR,395,15.453164556962026,1.5453164556962027,2,3,5,5,2,17,3.3,검토,3
5088,5088. 등촌역 센터스퀘어,15786,2025-06-01,2026-06-30,0.11028759660458634,0.3077410363613328,0.2644748511339161,0.24781451919422273,강서구,염창동312,37.55064774,126.86616516,2022-08-29 00:00:00,16.0,QR,395,39.96455696202532,2.4977848101265825,4,2,4,4,3,17,3.3,검토,3
2504,2504. 신사역 4번출구 뒤,13208,2025-06-01,2026-06-30,0.06306783767413689,0.3642489400363416,0.2618867353119322,0.2462144155057541,서초구,잠원동 88,37.51588058,127.01930237,2018-10-30 00:00:00,10.0,QR,395,33.437974683544304,3.3437974683544303,3,1,5,4,4,17,3.3,검토,3
3203,3203.도림동배드민턴체육관,15762,2025-06-01,2026-06-30,0.2781372922217993,0.2139322421012562,0.22941251110265196,0.15898997589138433,영등포구,영등포구 도림동 276-2,37.50611496,126.89859009,2020-03-04 00:00:00,10.0,QR,395,39.90379746835443,3.990379746835443,4,5,1,2,4,16,3.3,검토,0
2530,2530.삼호3차아파트 앞,13993,2025-06-01,2026-06-30,0.14600157221467877,0.31165582791395696,0.27220753233759737,0.21396412491960265,서초구,서초구 방배동 757-3,37.4977951,126.98706818,2020-02-23 00:00:00,15.0,QR,395,35.425316455696205,2.36168776371308,4,2,4,4,3,17,3.3,검토,3
289,289. 대림3동사거리,15207,2025-06-01,2026-06-30,0.20194647201946472,0.2562635628329059,0.2346287893733149,0.16472677056618662,영등포구,가마산로 352 커피베이 앞,37.49980927,126.89800262,2018-11-21 00:00:00,10.0,LCD,395,38.49873417721519,3.8498734177215193,4,4,2,2,4,16,3.3,검토,0
292,292. 영일 어린이공원,18838,2025-06-01,2026-06-30,0.2600594542945111,0.2185476165198004,0.23802951481048942,0.15362565028134623,영등포구,영등포구 영등포동 647-3,37.51012039,126.90406799,2018-11-21 00:00:00,10.0,LCD,395,47.69113924050633,4.769113924050633,4,5,1,2,4,16,3.3,검토,0
540,540. 군자역 7번출구 베스트샵 앞,26528,2025-06-01,2026-06-30,0.1338208685162847,0.26549306393244876,0.2596124849215923,0.3323281061519904,광진구,서울특별시 광진구 군자동 499 군자역 7번출구 베스트샵 앞,37.55603027,127.0786438,2016-06-29 12:00:00,8.0,LCD,395,67.15949367088608,8.39493670886076,5,2,2,3,5,17,3.3,검토,1
3407,3407.안국동사거리(신),18481,2025-06-01,2026-06-30,0.1460959904767058,0.3259022780152589,0.2671392240679617,0.11552405172880255,종로구,서울특별시 종로구 안국동 175-92,37.57580566,126.98339081,2020-02-10 00:00:00,18.0,QR,395,46.7873417721519,2.5992967651195498,4,2,4,4,3,17,3.3,검토,2
266,266. 영등포청과시장 사거리,18875,2025-06-01,2026-06-30,0.13732450331125828,0.30659602649006623,0.22352317880794703,0.19825165562913907,영등포구,서울특별시 영등포구 영등포로 177,37.52029419,126.90119171,2016-07-06 12:00:00,10.0,QR,395,47.78481012658228,4.7784810126582276,4,2,4,2,4,16,3.3,검토,3
5760,5760. 풍납사거리 성내유수지,12833,2025-06-01,2026-06-30,0.14322449933764514,0.33834645055715734,0.27265643263461387,0.21008337878905944,송파구,풍납동 413-1,37.52765274,127.11930084,2022-10-04 00:00:00,8.0,QR,395,32.48860759493671,4.061075949367089,3,2,4,4,4,17,3.3,검토,3
2644,2644. 성내5교,12287,2025-06-01,2026-06-30,0.212989338325059,0.2601123138276227,0.26491413689265075,0.18474810775616504,송파구,동남로298,37.50166702,127.13774109,2020-01-15 00:00:00,10.0,QR,395,31.10632911392405,3.110632911392405,3,4,2,4,4,17,3.3,검토,0
587,587. 유니베라 앞,18985,2025-06-01,2026-06-30,0.06273373716091651,0.46057413747695547,0.22217540163286806,0.14506189096655253,성동구,서울특별시 성동구 성수동2가 276-5 KEB하나은행 성수중앙지점,37.54541779,127.05264282,2016-09-20 09:41:25,10.0,QR,395,48.063291139240505,4.8063291139240505,4,1,5,2,4,16,3.3,검토,2
1265,1265. 문정동 근린공원,16751,2025-06-01,2026-06-30,0.2163452928183392,0.25747716554235567,0.22625514894633156,0.1948540385648618,송파구,서울특별시 송파구 문정동 38-3,37.48598862,127.12476349,2017-11-01 16:00:00,10.0,LCD,395,42.40759493670886,4.240759493670886,4,4,2,2,4,16,3.3,검토,0
2187,2187. 현대시장사거리,14485,2025-06-01,2026-06-30,0.1919226786330687,0.2313427683810839,0.2664825681739731,0.21774249223334485,관악구,은천로 110,37.4867363,126.9475174,2020-04-27 00:00:00,15.0,QR,395,36.67088607594937,2.4447257383966248,4,4,2,4,3,17,3.3,검토,3
914,914. 새절역 2번출구,27913,2025-06-01,2026-06-30,0.10525561566295275,0.2760720811091606,0.29799734890552787,0.22666857736538532,은평구,서울특별시 은평구 응암동 610-3 새절역 2번출구,37.59079742,126.91365051,2016-09-02 11:00:00,20.0,LCD,395,70.66582278481013,3.5332911392405064,5,1,3,5,4,18,3.3,검토,3
4062,4062. 평화도봉공원 주변,11042,2025-06-01,2026-06-30,0.15441043289259193,0.27141822133671434,0.26616554971925377,0.23347219706574895,도봉구,서울특별시 도봉구 방학동 710,37.66252136,127.04270935,2021-03-02 00:00:00,9.0,QR,395,27.954430379746835,3.1060478199718706,3,3,3,4,4,17,3.3,검토,3
3929,3929. 고척아이파크아파트 205동 앞,18375,2025-06-01,2026-06-30,0.39248979591836736,0.1818231292517007,0.22677551020408163,0.13093877551020408,구로구,구로구 고척동 118-3,37.50108719,126.86045837,2023-01-01 00:00:00,15.0,QR,395,46.51898734177215,3.1012658227848102,4,5,1,2,4,16,3.3,검토,0
1003,1003. 해공도서관앞,15571,2025-06-01,2026-06-11,0.18547299466957806,0.2728148481150857,0.273200179821463,0.15657311669128507,강동구,서울특별시 강동구 올림픽로 702,37.54395676,127.12548828,2017-04-19 14:16:45,20.0,LCD,376,41.412234042553195,2.0706117021276595,4,3,3,4,3,17,3.3,검토,0
2902,2902.공릉풍림아파트 108동,15335,2025-06-01,2026-06-30,0.3591783501793283,0.18095859145745027,0.22510596674274536,0.08549070753179003,노원구,서울특별시 노원구 섬밭로 139 공릉풍림아파트,37.62862015,127.06690979,2020-03-24 00:00:00,12.0,QR,395,38.822784810126585,3.2352320675105486,4,5,1,2,4,16,3.3,검토,0
752,752. 성원2차 아파트,11184,2025-06-01,2026-06-30,0.2832618025751073,0.24624463519313305,0.2503576537911302,0.13081187410586553,양천구,서울특별시 양천구 목동중앙남로 100,37.54218292,126.86330414,2018-02-26 11:39:47,10.0,LCD,395,28.313924050632913,2.8313924050632915,3,5,2,3,3,16,3.2500000000000004,검토,0
1532,1532. 번3동 주민센터 교차로,9072,2025-06-01,2026-06-30,0.19554673721340388,0.2745811287477954,0.257826278659612,0.15674603174603174,강북구,서울특별시 강북구 번동 2-2 번3동 주민센터 교차로,37.62635422,127.0474472,2017-11-01 16:00:00,10.0,LCD,395,22.96708860759494,2.2967088607594937,3,4,3,3,3,16,3.2500000000000004,검토,0
4116,4116. 이문e편한세상아파트 앞,9167,2025-06-01,2026-06-30,0.1998472782807898,0.2780626159048762,0.2530817061197775,0.15610341442129377,동대문구,서울특별시 동대문구 한천로63길 10 이문e편한세상아파트,37.60460281,127.06692505,2020-09-18 00:00:00,10.0,QR,395,23.207594936708862,2.320759493670886,3,4,3,3,3,16,3.2500000000000004,검토,0
4123,4123. 배봉초교 교차로,10082,2025-06-01,2026-06-30,0.18389208490378894,0.31967863519143025,0.24518944653838523,0.20858956556238842,동대문구,서울특별시 동대문구 사가정로 200,37.57846832,127.06689453,2020-09-18 00:00:00,10.0,QR,395,25.524050632911393,2.5524050632911393,3,3,4,3,3,16,3.2500000000000004,검토,3
2408,2408. 강남한양수자인아파트,12957,2025-06-01,2026-06-30,0.25399398008798335,0.2563865092228139,0.2580072547657637,0.12201898587636027,강남구,강남구 자곡로 260,37.4773407,127.11327362,2018-10-02 00:00:00,14.0,LCD,395,32.80253164556962,2.3430379746835444,3,5,2,3,3,16,3.2500000000000004,검토,0
4791,4791. 명동역9번 출구,10705,2025-06-01,2026-06-30,0.17403082671648762,0.3211583372255955,0.24904250350303597,0.15375992526856608,중구,서울특별시 중구 퇴계로 135-14 구두수선대124,37.56122589,126.98749542,2020-10-19 00:00:00,10.0,QR,395,27.10126582278481,2.7101265822784812,3,3,4,3,3,16,3.2500000000000004,검토,3
3618,3618. 서울율현초교 삼거리,9317,2025-06-01,2026-06-30,0.2022110121283675,0.26746806912096166,0.25104647418697007,0.2434259954921112,강남구,밤고개로 231,37.47364044,127.10702515,2021-02-23 00:00:00,10.0,QR,395,23.5873417721519,2.3587341772151897,3,4,3,3,3,16,3.2500000000000004,검토,3
1916,1916. 구로중학교앞,10796,2025-06-01,2026-06-30,0.22841793256761764,0.2664875879955539,0.25259355316783993,0.1771026306039274,구로구,서울특별시 구로구 구로중앙로 48,37.49414062,126.88998413,2017-05-11 11:23:07,10.0,LCD,395,27.331645569620253,2.7331645569620253,3,4,3,3,3,16,3.2500000000000004,검토,0
1719,1719. 신도봉사거리 버스정류장,10031,2025-06-01,2026-06-30,0.17994217924434253,0.3047552586980361,0.2521184328581398,0.167281427574519,도봉구,서울특별시 도봉구 도봉로 771 신도봉사거리 버스정류장,37.67328262,127.04399109,2017-11-01 16:00:00,10.0,LCD,395,25.394936708860758,2.539493670886076,3,3,4,3,3,16,3.2500000000000004,검토,3
4520,4520. 대성유니드아파트,10927,2025-06-01,2026-06-30,0.24352521277569325,0.2371190628717855,0.2467282877276471,0.18230072297977487,양천구,신월로15길 25,37.52091599,126.84095764,2021-04-06 00:00:00,10.0,QR,395,27.663291139240506,2.7663291139240505,3,5,2,3,3,16,3.2500000000000004,검토,0
4518,4518. 청기와빌딩,9312,2025-06-01,2026-06-30,0.19963487972508592,0.2694372852233677,0.25762457044673537,0.24291237113402062,양천구,신월로 200,37.52011108,126.84474945,2021-04-06 00:00:00,10.0,QR,395,23.5746835443038,2.35746835443038,3,4,3,3,3,16,3.2500000000000004,검토,3
706,706. 신정네거리역,13386,2025-06-01,2026-06-30,0.15209920812789482,0.3143582847751382,0.2421186314059465,0.2114896160167339,양천구,서울특별시 양천구 신월동 894,37.5218811,126.85175323,2016-06-29 12:00:00,15.0,QR,395,33.88860759493671,2.259240506329114,3,3,4,3,3,16,3.2500000000000004,검토,3
5753,5753. 호반써밋,9845,2025-06-01,2026-06-30,0.2084306754697816,0.2761808024377857,0.25413915693245304,0.15449466734382936,송파구,송파구 거여동 607-1,37.48294449,127.14044189,2022-05-19 00:00:00,9.0,QR,395,24.924050632911392,2.769338959212377,3,4,3,3,3,16,3.2500000000000004,검토,0
2706,2706.강서공업고등학교 앞,11377,2025-06-01,2026-06-30,0.2667662828513668,0.23670563417421112,0.2578887228619144,0.08279862881251648,강서구,"강서구 방화대로47가길 22, 411동 앞",37.57631683,126.8164978,2020-03-20 00:00:00,13.0,QR,395,28.80253164556962,2.2155793573515092,3,5,2,3,3,16,3.2500000000000004,검토,0
4463,4463. 방이역 2번 출구,10239,2025-06-01,2026-06-30,0.21349741185662663,0.26565094247485105,0.25246606113878306,0.2066608067194062,송파구,오금동43,37.50801468,127.12594604,2021-01-04 00:00:00,10.0,QR,395,25.921518987341774,2.592151898734177,3,4,3,3,3,16,3.2500000000000004,검토,0
3816,3816. 관악 GSfresh,9580,2025-06-01,2026-06-30,0.25073068893528183,0.23663883089770354,0.24331941544885177,0.1768267223382046,관악구,서울 관악구 쑥고개로 111,37.47909164,126.94941711,2021-10-26 00:00:00,8.0,QR,395,24.253164556962027,3.0316455696202533,3,5,2,3,3,16,3.2500000000000004,검토,0
2731,2731.명덕고교,20881,2025-06-01,2026-06-30,0.2571237009721757,0.24462429960250945,0.181073703366697,0.16756860303625307,강서구,강서구 마곡동 728-46,37.55524063,126.8347168,2020-03-16 00:00:00,20.0,QR,395,52.86329113924051,2.6431645569620255,4,5,2,1,3,15,3.25,검토,0
5309,5309. 월계 롯데캐슬아파트 뒤,13461,2025-06-01,2026-06-30,0.23854097021023699,0.22427754253027263,0.2667706708268331,0.17502414382289577,노원구,서울특별시 노원구 월계동 865-5,37.62514877,127.04993439,2022-07-11 00:00:00,5.0,QR,395,34.07848101265823,6.815696202531646,3,4,1,4,5,17,3.25,검토,0
2737,2737.까치산역 3번 출구,15786,2025-06-01,2026-06-30,0.1285316102875966,0.27391359432408463,0.2711896617255796,0.3076143418218675,강서구,강서로 45,37.53158951,126.84664154,2020-03-21 00:00:00,10.0,QR,395,39.96455696202532,3.996455696202532,4,2,3,4,4,17,3.25,검토,3
1656,1656. 중앙하이츠 아파트 입구,28111,2025-06-01,2026-06-30,0.10494112624951087,0.26231724236064174,0.30525417096510266,0.30696168759560316,노원구,서울특별시 노원구 노원로 434 상계2차중앙하이츠아파트,37.65501785,127.06750488,2017-11-01 16:00:00,12.0,LCD,395,71.16708860759493,5.9305907172995775,5,1,2,5,5,18,3.25,검토,3
5325,5325.상계주공7단지 아파트 앞,13955,2025-06-01,2026-06-30,0.1169473307058402,0.27273378717305624,0.27438194195628807,0.2887853815836618,노원구,노원구 동일로 1456,37.65983963,127.05935669,2023-10-06 00:00:00,10.0,QR,395,35.32911392405063,3.532911392405063,4,2,3,4,4,17,3.25,검토,3
2740,2740.마곡레포츠센터,19564,2025-06-01,2026-06-30,0.16980167654876305,0.3315784093232468,0.15318953179308933,0.1707728480883255,강서구,양천로 251,37.57297516,126.83244324,2020-03-20 00:00:00,20.0,QR,395,49.529113924050634,2.4764556962025317,4,3,4,1,3,15,3.25,검토,2
4588,4588.양남사거리2,13399,2025-06-01,2026-06-30,0.13695051869542504,0.40338831256063884,0.1860586610941115,0.11097843122621091,영등포구,양평1가 19-2,37.52194977,126.8904953,2021-06-15 00:00:00,10.0,QR,395,33.92151898734177,3.392151898734177,3,2,5,1,4,15,3.25,검토,2
6171,6171. 월드빌딩 앞,15730,2025-06-01,2026-06-30,0.11233312142403051,0.2902097902097902,0.26929434202161473,0.3045772409408773,강서구,화곡동 1066-8,37.54098129,126.83743286,2023-11-13 00:00:00,12.0,QR,395,39.822784810126585,3.318565400843882,4,2,3,4,4,17,3.25,검토,3
1665,1665. 양지근린공원앞,14452,2025-06-01,2026-06-30,0.144616662053695,0.26570716855798504,0.27608635482978133,0.2578881815665652,노원구,서울특별시 노원구 한글비석로 227 양지근린공원앞,37.64699554,127.07640076,2017-11-28 10:48:50,10.0,LCD,395,36.5873417721519,3.65873417721519,4,2,3,4,4,17,3.25,검토,3
2633,2633.송파학사 옆,10898,2025-06-01,2026-06-30,0.19554046614057624,0.27371994861442467,0.3270324830244081,0.19297118737383007,송파구,위례순환로 364,37.47817993,127.14710236,2020-01-21 00:00:00,20.0,QR,395,27.58987341772152,1.379493670886076,3,4,3,5,2,17,3.25,검토,3
2910,2910.도깨비시장,18933,2025-06-01,2026-06-30,0.12787196957692917,0.2670997728833254,0.26805049384672264,0.2123804996566841,노원구,서울특별시 노원구 동일로 1028 한의학명가,37.62186432,127.0740509,2020-03-25 00:00:00,10.0,QR,395,47.93164556962025,4.793164556962025,4,2,3,4,4,17,3.25,검토,3
5326,5326. 대진고교앞 교차로,15515,2025-06-01,2026-06-30,0.14031582339671286,0.282694166935224,0.27405736384144375,0.17699000966806316,노원구,노원구 노원로 236,37.6391716,127.07472992,2023-09-05 00:00:00,10.0,QR,395,39.278481012658226,3.9278481012658224,4,2,3,4,4,17,3.25,검토,3
3614,3614. 은마아파트 입구 사거리,14334,2025-06-01,2026-06-30,0.0987861029719548,0.31345053718431704,0.27382447328031256,0.2603599832565927,강남구,삼성로237(정성한줄 대치점 앞),37.49840164,127.06093597,2021-02-24 00:00:00,10.0,QR,395,36.28860759493671,3.6288607594936706,4,1,4,4,4,17,3.25,검토,3
2605,2605. 복정역 1번 출구 앞,15742,2025-06-01,2026-06-30,0.11898106974971415,0.43387117265912845,0.177042307203659,0.17805869648075212,송파구,송파구 장지동 602-18,37.47129822,127.12709045,2018-09-14 00:00:00,15.0,LCD,395,39.85316455696203,2.656877637130802,4,2,5,1,3,15,3.25,검토,2
4812,4812. 묵동 이마트 앞,16676,2025-06-01,2026-06-30,0.06608299352362677,0.3307747661309667,0.2760254257615735,0.2395658431278484,중랑구,서울특별시 중랑구 묵동 170-45,37.6132164,127.0773468,2021-02-17 00:00:00,10.0,QR,395,42.21772151898734,4.221772151898734,4,1,4,4,4,17,3.25,검토,3
4143,4143.서울동물복지지원센터 동대문,14981,2025-06-01,2026-06-30,0.07489486683131967,0.33562512515853415,0.23529804418930644,0.32654695948201057,동대문구,동대문구 무학로201,37.58229828,127.02936554,2025-03-27 00:00:00,5.0,QR,395,37.926582278481014,7.585316455696203,4,1,4,2,5,16,3.25,검토,3
4140,4140. 신설동역 4번출구,18496,2025-06-01,2026-06-30,0.14641003460207613,0.2709234429065744,0.22723832179930795,0.22599480968858132,동대문구,동대문구 왕산로18-2,37.57622528,127.02580261,2024-09-24 00:00:00,7.0,QR,395,46.8253164556962,6.6893309222423145,4,2,3,2,5,16,3.25,검토,3
1991,1991. 오류동역 맞은편,16632,2025-06-01,2026-06-30,0.15518278018278017,0.2510822510822511,0.27946127946127947,0.2641895141895142,구로구, 구로구 오류동 6-2,37.49676132,126.84496307,2018-09-19 00:00:00,13.0,LCD,395,42.10632911392405,3.238948393378773,4,3,2,4,4,17,3.25,검토,3
4367,4367. kt 행당빌딩 앞,10010,2025-06-01,2026-06-30,0.11478521478521478,0.27672327672327673,0.27022977022977024,0.2586413586413586,성동구,서울특별시 성동구 성동구 고산자로 212,37.55862045,127.03435516,2021-04-26 00:00:00,5.0,QR,395,25.341772151898734,5.068354430379747,3,2,3,4,5,17,3.25,검토,3
2000,2000. 신도림4차 e편한세상 아파트 1109동 앞,20073,2025-06-01,2026-06-30,0.16469884920041847,0.2624919045483983,0.2786329895880038,0.23987445822746972,구로구,구로구 신도림동 312-16,37.5123291,126.88683319,2019-03-12 00:00:00,15.0,LCD,395,50.81772151898734,3.387848101265823,4,3,2,4,4,17,3.25,검토,3
2066,2066. 양문교회 앞,15323,2025-06-01,2026-06-30,0.18149187495921165,0.2349409384585264,0.2719441362657443,0.22221497095868956,동작구,동작구 신대방동 607-8,37.48939896,126.90711212,2018-10-02 00:00:00,10.0,LCD,395,38.79240506329114,3.879240506329114,4,3,2,4,4,17,3.25,검토,3
3958,3958. 롯데캐슬2차 마을버스 정류장(18804) 뒤편,5275,2025-06-01,2026-06-30,0.25213270142180094,0.3029383886255924,0.2181990521327014,0.18502369668246446,금천구,시흥동 113-77 자전거도로 시작점 뒤,37.45739746,126.89341736,2021-02-16 00:00:00,10.0,QR,395,13.354430379746836,1.3354430379746836,2,5,4,2,2,15,3.25,검토,0
3919,3919. 구로역·NC신구로점 버스정류장(구로역 방면),20414,2025-06-01,2026-06-30,0.10678945821495052,0.3137552659939257,0.27863231115900855,0.23954149113353582,구로구,서울 구로구 구로동 496-128,37.50096512,126.88237,2021-12-01 00:00:00,14.0,QR,395,51.68101265822785,3.691500904159132,4,1,4,4,4,17,3.25,검토,3
5851,5851. 도림천 건널목 위,20653,2025-06-01,2026-06-30,0.2386578221081683,0.2256330799399603,0.26189899772430153,0.2120757274972159,영등포구,영등포구 대림동 646-1,37.50208282,126.89318848,2022-02-08 00:00:00,15.0,QR,395,52.28607594936709,3.4857383966244724,4,4,1,4,4,17,3.25,검토,0
3853,3853. 어린이대공원역 2번출구,16142,2025-06-01,2026-06-30,0.27605005575517283,0.2596332548630901,0.2046214843266014,0.15995539586172716,광진구,서울특별시 광진구 광진구 능동 463-1,37.54764938,127.07470703,2020-12-09 00:00:00,18.0,QR,395,40.86582278481013,2.270323488045007,4,5,2,1,3,15,3.25,검토,0
1929,1929. 고척근린공원 고척도서관 앞,15522,2025-06-01,2026-06-30,0.13535626852209767,0.26671820641669886,0.26542971266589355,0.18457672980286047,구로구,서울특별시 구로구 고척로45길 31,37.5038147,126.85195923,2017-05-11 11:27:51,10.0,QR,395,39.29620253164557,3.9296202531645568,4,2,3,4,4,17,3.25,검토,3
1692,1692. 온곡초교 교차로,19524,2025-06-01,2026-06-30,0.12599877074370006,0.2880045072730998,0.26654374103667283,0.2390903503380455,노원구,서울특별시 노원구 한글비석로 471 온곡초교 교차로,37.66418839,127.06600952,2018-12-14 00:00:00,10.0,LCD,395,49.42784810126582,4.942784810126582,4,2,3,4,4,17,3.25,검토,3
320,320. 을지로입구역 4번출구 앞,15406,2025-06-01,2026-06-30,0.15013631052836557,0.3087758016357263,0.1491626638971829,0.08412306893418149,중구,서울특별시 중구 을지로 55 명동금융센터 앞,37.56622314,126.98358917,2015-10-07 12:18:35,17.0,QR,395,39.00253164556962,2.294266567386448,4,3,4,1,3,15,3.25,검토,2
233,233. 양평1동 YP센터 앞,13122,2025-06-01,2026-06-30,0.11888431641518062,0.407864654778235,0.1636183508611492,0.15401615607376926,영등포구,서울특별시 영등포구 양평동3가 60-1,37.52848816,126.89164734,2016-06-29 12:00:00,10.0,LCD,395,33.220253164556965,3.3220253164556963,3,2,5,1,4,15,3.25,검토,2
326,326. 안국역 5번출구 앞,16337,2025-06-01,2026-06-30,0.16490175674848503,0.3192140539878803,0.20713717328762932,0.09022464344738935,종로구,서울특별시 종로구 율곡로 지하62 안국역 5번출구 앞,37.57624054,126.98616028000001,2015-10-07 12:22:14,15.0,QR,395,41.359493670886074,2.7572995780590714,4,3,4,1,3,15,3.25,검토,2
331,331. 을지로2가 사거리 북측,13430,2025-06-01,2026-06-30,0.11615785554728221,0.42553983618763963,0.1007446016381236,0.09195830230826507,중구,서울특별시 중구 을지로 79 을지로2가 사거리 북측,37.56638336,126.98720551,2015-10-07 00:00:00,10.0,QR,395,34.0,3.4,3,2,5,1,4,15,3.25,검토,2
3684,3684. 고덕자이(105동 앞),14207,2025-06-01,2026-06-30,0.21067079608643627,0.2304497782783135,0.2746533399028648,0.18807630041528825,강동구,강동구 상일로 55,37.55361176,127.17203522,2021-06-25 00:00:00,10.0,QR,395,35.96708860759494,3.596708860759494,4,4,1,4,4,17,3.25,검토,0
2414,2414. 도곡역 아카데미스위트 앞,17139,2025-06-01,2026-06-30,0.1442324523017679,0.33998482992006535,0.19633584223116868,0.14207363323414435,강남구,언주로30길 21,37.48897171,127.05182648,2020-02-18 00:00:00,20.0,QR,395,43.38987341772152,2.1694936708860757,4,2,5,1,3,15,3.25,검토,2
1726,1726. 삼익세라믹아파트교차로,14062,2025-06-01,2026-06-30,0.1761484852794766,0.2527378751244489,0.2799743990897454,0.23431944246906555,도봉구,서울특별시 도봉구 해등로 189 삼익세라믹아파트,37.65858841,127.03520966,2017-11-28 11:34:26,8.0,LCD,395,35.6,4.45,4,3,2,4,4,17,3.25,검토,3
4542,4542. 월정초 사거리,8054,2025-07-01,2026-06-30,0.2868140054631239,0.24956543332505587,0.25415942388875096,0.1388130121678669,양천구,양천구 신월동 92-2,37.53642654,126.83341217,2022-09-29 00:00:00,5.0,QR,365,22.065753424657533,4.413150684931507,2,5,2,3,4,16,3.25,검토,0
1705,1705. 도봉구청 정문앞,18333,2025-06-01,2026-06-30,0.09289259804723722,0.32024218622156764,0.2184585174275896,0.1681666939398898,도봉구,서울특별시 도봉구 마들로 656 방학동 720,37.66922379,127.04651642,2017-05-08 15:32:44,8.0,LCD,395,46.4126582278481,5.801582278481012,4,1,4,2,5,16,3.25,검토,2
3529,3529. 어린이대공원정문,10747,2025-06-01,2026-06-30,0.16265004187215037,0.31152879873453054,0.28584721317577,0.1466455755094445,광진구,서울특별시 광진구 능동로 216 어린이대공원정문,37.54978943,127.07592773,2018-10-31 00:00:00,15.0,LCD,395,27.207594936708862,1.8138396624472575,3,3,4,5,2,17,3.25,검토,3
2711,2711.가로공원공영주차장 1번 출구,14186,2025-06-01,2026-06-30,0.24122374171718597,0.21196954744113916,0.2651910334132243,0.201254758212322,강서구,강서구 가로공원로 193,37.53736115,126.83744812,2020-03-18 00:00:00,9.0,QR,395,35.913924050632914,3.990436005625879,4,4,1,4,4,17,3.25,검토,0
457,457. 종로꽃시장 입구 옆,13257,2025-06-01,2026-06-30,0.20743758014633779,0.29222297654069546,0.14777098891151844,0.11314777098891152,종로구,서울특별시 종로구 율곡로 지하 308 종로?시장 입구 옆,37.57131958,127.00720978,2018-08-30 00:00:00,10.0,LCD,395,33.562025316455696,3.3562025316455695,3,4,3,1,4,15,3.25,검토,2
513,513. 뚝섬역 5번 출구 정류소 옆,14739,2025-06-01,2026-06-30,0.1414614288622023,0.3462243028699369,0.17416378316032297,0.11350837913019879,성동구,서울특별시 성동구 아차산로 18 뚝섬역 5번 출구 정류소 옆,37.54630661,127.04980469,2015-10-07 11:57:27,13.0,QR,395,37.31392405063291,2.8703018500486857,4,2,5,1,3,15,3.25,검토,2
773,"773.염창역 3, 4번 출구 사이",16840,2025-06-01,2026-06-30,0.0916270783847981,0.32517814726840855,0.2775534441805226,0.2827790973871734,양천구,공항대로 630,37.54670715,126.87457275,2020-03-16 00:00:00,10.0,QR,395,42.63291139240506,4.263291139240506,4,1,4,4,4,17,3.25,검토,3
1471,1471.동양쇼핑 정류소 앞,17214,2025-06-01,2026-06-30,0.20872545602416637,0.22446845590798187,0.26193795747647264,0.24840246311142095,중랑구,서울특별시 중랑구 묵동 190-2,37.61535263,127.07849121,2020-06-18 00:00:00,10.0,QR,395,43.57974683544304,4.357974683544304,4,4,1,4,4,17,3.25,검토,3
1428,1428. 원묵고등학교,14037,2025-06-01,2026-06-30,0.1468262449241291,0.2731352853173755,0.2662962171404146,0.16128802450666097,중랑구,서울특별시 중랑구 숙선옹주로 66 중랑구 묵동 20-3,37.61602402,127.08596802,2017-06-22 10:35:31,10.0,LCD,395,35.5367088607595,3.55367088607595,4,2,3,4,4,17,3.25,검토,3
413,413. 상암월드컵파크 3단지 후문,8371,2025-06-01,2026-06-30,0.19698960697646636,0.27451917333651893,0.3175247879584279,0.14693584995818898,마포구,서울특별시 마포구 매봉산로 8,37.57147598,126.88968658,2015-10-07 11:41:36,10.0,QR,395,21.19240506329114,2.119240506329114,2,4,3,5,3,17,3.25,검토,0
1300,1300. 오륜사거리,9093,2025-06-01,2026-06-30,0.21456065105025843,0.2831848674804795,0.287253931595733,0.14329704168041352,송파구,송파구 방이동 452-17 ,37.50693893,127.13922119,2018-10-25 00:00:00,15.0,LCD,395,23.020253164556962,1.5346835443037974,3,4,3,5,2,17,3.25,검토,0
1287,1287. 위례아이파크 101동 맞은편,6908,2025-06-01,2026-06-30,0.26027793862188764,0.2601331789229878,0.28430804863925885,0.13535031847133758,송파구,서울특별시 송파구 위례순환로 419,37.47746658,127.14151001,2018-02-26 12:00:57,8.0,LCD,395,17.48860759493671,2.1860759493670887,2,5,2,5,3,17,3.25,검토,0
427,427. 성산시영아파트,16200,2025-06-01,2026-06-30,0.2284567901234568,0.2280864197530864,0.2666049382716049,0.19012345679012346,마포구,서울특별시 마포구 월드컵북로 260,37.56958389,126.90381622,2018-02-26 11:34:06,10.0,LCD,395,41.0126582278481,4.10126582278481,4,4,1,4,4,17,3.25,검토,0
1407,1407. 먹골역 1번출구 뒤,14727,2025-06-01,2026-06-30,0.1316629320296055,0.27928294968425343,0.26577035377198344,0.2946289128811027,중랑구,서울특별시 중랑구 공릉로 12 중랑구 묵동 189-4,37.61151123,127.07788849,2017-06-22 10:29:33,10.0,LCD,395,37.28354430379747,3.728354430379747,4,2,3,4,4,17,3.25,검토,3
495,495.염리초등학교 앞,12314,2025-06-01,2026-06-30,0.1492610037355855,0.31768718531752477,0.20805587136592496,0.1645281793081046,마포구,마포구 도화동 536,37.54243088,126.9469986,2020-03-26 00:00:00,10.0,QR,395,31.174683544303797,3.11746835443038,3,3,4,1,4,15,3.25,검토,2
627,627. 장안동삼거리 교통섬,14280,2025-06-01,2026-06-30,0.17759103641456583,0.24250700280112045,0.2713585434173669,0.29824929971988795,동대문구,서울특별시 동대문구 사가정로 240 장안동삼거리 교통섬,37.57863235,127.07190704,2016-07-06 12:00:00,10.0,QR,395,36.151898734177216,3.6151898734177217,4,3,2,4,4,17,3.25,검토,3
1233,1233. 잠실3거리(갤러리아팰리스),14047,2025-06-01,2026-06-30,0.13582971452979284,0.2936570086139389,0.26738805438883745,0.23941055029543676,송파구,서울특별시 송파구 석촌호수로12길 3-17,37.51050949,127.09336853,2017-04-24 13:37:32,9.0,LCD,395,35.562025316455696,3.951336146272855,4,2,3,4,4,17,3.25,검토,3
2115,2115. 관악구시설관리공단,15727,2025-06-01,2026-06-30,0.28193552489349527,0.2313219304381001,0.24550136707572964,0.19565079163222485,관악구,서울특별시 관악구 남부순환로 1369,37.47991562,126.90283966,2017-06-22 14:00:29,20.0,LCD,395,39.81518987341772,1.9907594936708861,4,5,2,3,2,16,3.2499999999999996,검토,0
335,335. 종로3가역 15번출구 뒤,14765,2025-06-01,2026-06-30,0.12888587876735524,0.31676261429055197,0.19370132069082288,0.19458178123941755,종로구,서울특별시 종로구 종로 지하129 15번출구 앞,37.57019424,126.99165344,2015-10-07 00:00:00,10.0,QR,395,37.379746835443036,3.7379746835443037,4,2,4,1,4,15,3.2,검토,2
2301,2301. 현대고등학교 건너편,9467,2025-06-01,2026-06-30,0.06549065173761487,0.39188760959121155,0.3412907996197317,0.24844195626914545,강남구,서울특별시 강남구 압구정로 134,37.52407074,127.02178955,2017-06-13 00:00:00,10.0,LCD,395,23.96708860759494,2.3967088607594937,3,1,5,5,3,17,3.2,검토,3
349,349. 어린이도서관,7748,2025-06-01,2026-06-30,0.15913784202374806,0.2808466701084151,0.28600929272070214,0.11757872999483737,종로구,서울특별시 종로구 사직로9길 5 사직동주민센터,37.57633209,126.96858978,2016-06-01 14:30:00,5.0,LCD,395,19.615189873417723,3.9230379746835444,2,3,3,5,4,17,3.2,검토,0
4659,4659. 신진과학기술고등학교 버스정류장(응암시장 방면),12123,2025-06-01,2026-06-30,0.2835931700074239,0.21463334158211664,0.24564876680689599,0.16893508207539387,은평구,서울특별시 은평구 응암로291,37.59750366,126.91999817,2021-03-18 00:00:00,10.0,QR,395,30.691139240506327,3.0691139240506327,3,5,1,3,4,16,3.2,검토,0
1535,1535. 효성인텔리안 앞,21962,2025-06-01,2026-06-30,0.10477187869957198,0.28899918040251343,0.26878244240050997,0.311447044895729,강북구,서울특별시 수유동 230-7 효성인텔리안 앞,37.6362915,127.02337646,2017-11-01 16:00:00,10.0,LCD,395,55.6,5.5600000000000005,4,1,3,4,5,17,3.2,검토,3
4905,4905. 강남경찰서,17542,2025-06-01,2026-06-30,0.04771405769011515,0.46237601185725685,0.16793980161897162,0.10129973777220386,강남구,강남구 대치동 998,37.50971985,127.06679535,2022-06-08 00:00:00,10.0,QR,395,44.41012658227848,4.441012658227848,4,1,5,1,4,15,3.2,검토,2
241,241. 신길우성1차아파트 앞 공원,12907,2025-06-01,2026-06-30,0.3095219648252886,0.16843573254822963,0.2422716355466026,0.1575114279073371,영등포구,서울특별시 영등포구 도림동 255-2 ,37.50501633,126.89853668,2016-06-29 12:00:00,10.0,QR,395,32.675949367088606,3.2675949367088606,3,5,1,3,4,16,3.2,검토,0
5338,5338. 상계초교 입구 교차로,14117,2025-06-01,2026-06-30,0.08181624991145428,0.277750230218885,0.2676205992774669,0.31210597152369485,노원구,노원구 상계동 368-10,37.65703583,127.06593323,2024-05-23 00:00:00,6.0,QR,395,35.73924050632911,5.956540084388185,4,1,3,4,5,17,3.2,검토,3
2420,2420.학여울역 사거리(LG베스트샵 앞),9816,2025-06-01,2026-06-30,0.3452526487367563,0.28025672371638144,0.2330888345558272,0.10747758761206194,강남구,영동대로 202,37.49689484,127.07013702,2020-02-18 00:00:00,20.0,QR,395,24.850632911392406,1.2425316455696203,3,5,3,2,2,15,3.2,검토,0
5897,5897.여의도공작아파트,2292,2026-04-13,2026-06-30,0.0606457242582897,0.4856020942408377,0.3228621291448517,0.07504363001745201,영등포구,영등포구 여의도동 2-1,37.52595139,126.92987061,2026-04-13 00:00:00,10.0,QR,79,29.0126582278481,2.90126582278481,3,1,5,5,3,17,3.2,검토,2
5893,5893.한국산업은행,14952,2025-08-27,2026-06-30,0.04367308721241305,0.5704253611556982,0.08901819154628143,0.04447565543071161,영등포구,영등포구 은행로 22,37.52814484,126.92175293,2025-08-27 00:00:00,10.0,QR,308,48.54545454545455,4.8545454545454545,4,1,5,1,4,15,3.2,검토,2
4801,4801. 충정로역 2호선(엘리베이터 앞),5711,2025-06-01,2026-06-30,0.20977061810541062,0.30064787252670283,0.2155489406408685,0.1286990019261075,중구,서울특별시 중구 서소문로 18 에이원빌딩,37.55937576,126.96414185,2022-03-04 00:00:00,5.0,QR,395,14.458227848101266,2.891645569620253,2,4,4,2,3,15,3.2,검토,0
2719,2719.마곡문화공원,44848,2025-06-01,2026-06-30,0.10564573671066714,0.5036790938280414,0.1306412772029968,0.10000445950767035,강서구,강서구 마곡중앙8로 20,37.56121063,126.83034515,2020-03-16 00:00:00,40.0,QR,395,113.53924050632911,2.8384810126582276,5,1,5,1,3,15,3.2,검토,2
5066,5066. 아망떼마곡전시장,23696,2025-06-01,2026-06-30,0.0574780553679946,0.49366981769074947,0.13103477380148548,0.1562288993923025,강서구,강서구 마곡동로 31,37.55791473,126.83297729,2021-09-28 00:00:00,25.0,QR,395,59.98987341772152,2.3995949367088607,5,1,5,1,3,15,3.2,검토,2
1408,1408. 먹골역 6번출구 앞,12483,2025-06-01,2026-06-30,0.171192822238244,0.26820475847152125,0.2572298325722983,0.21132740527116878,중랑구,서울특별시 중랑구 동일로 지하 901 먹골역 6번출구 앞,37.61072159,127.0774765,2017-04-26 14:58:38,10.0,LCD,395,31.60253164556962,3.160253164556962,3,3,3,3,4,16,3.2,검토,3
4104,4104. 외대앞역 교차로,9308,2025-06-01,2026-06-30,0.12666523420713366,0.3022131499785131,0.28674258702191663,0.2752470992694456,동대문구,서울특별시 동대문구 외대역동로 67 맞은편,37.59436417,127.06459808,2020-09-18 00:00:00,10.0,QR,395,23.564556962025318,2.3564556962025316,3,2,4,5,3,17,3.2,검토,3
2279,2279. 교대역 5번출구뒤,16206,2025-06-01,2026-06-30,0.17277551524126866,0.28779464395902754,0.20375169690238185,0.19758114278662223,서초구,서울특별시 서초구 서초중앙로 130,37.49361801,127.01418304,2017-11-28 11:40:52,10.0,LCD,395,41.027848101265825,4.1027848101265825,4,3,3,1,4,15,3.2,검토,3
1021,1021. 강일동 리슈빌 빌딩앞,20989,2025-06-01,2026-06-30,0.24007813616656343,0.23436085568631188,0.20734670541712324,0.2173519462575635,강동구,서울특별시 강동구 아리수로 419,37.56427383,127.17397308,2017-04-19 15:05:29,15.0,LCD,395,53.13670886075949,3.5424472573839663,4,4,2,1,4,15,3.2,검토,0
1841,1841. 가산동 주민센터,17068,2025-06-01,2026-06-30,0.39494961331146006,0.1902390438247012,0.19094211389735177,0.17242793531755332,금천구,서울특별시 가산동 144-3,37.4769516,126.89186859,2017-11-01 16:00:00,12.0,LCD,395,43.210126582278484,3.6008438818565405,4,5,1,1,4,15,3.2,검토,0
4214,4214. JTBC 앞,13981,2025-06-01,2026-06-30,0.08704670624418855,0.3946784922394678,0.1523496173378156,0.12438309133824477,마포구,마포구 상암산로 38 ,37.57730484,126.8901825,2020-12-02 00:00:00,10.0,QR,395,35.39493670886076,3.5394936708860762,4,1,5,1,4,15,3.2,검토,2
3013,3013.서울지방고용노동청 앞,18597,2025-06-01,2026-06-30,0.06049362800451686,0.4629778996612357,0.10754422756358552,0.08442221863741464,중구,서울특별시 중구 삼일대로 363 장교빌딩,37.56760406,126.98725891,2020-10-29 00:00:00,10.0,QR,395,47.08101265822785,4.708101265822785,4,1,5,1,4,15,3.2,검토,2
2213,2213. 고속터미널역 5번출구 앞,12353,2025-06-01,2026-06-30,0.2232656034971262,0.32356512588035297,0.22156561159232574,0.1178661053994981,서초구,서울특별시 서초구 신반포로 지하 188,37.5022316,127.0022583,2017-06-01 10:17:41,20.0,LCD,395,31.27341772151899,1.5636708860759494,3,4,4,2,2,15,3.2,검토,0
1391,1391.성북청소년센터,9017,2025-06-01,2026-06-30,0.19884662304535877,0.23411334146611956,0.2820228457358323,0.19518686924697792,성북구,서울특별시 성북구 장위동 322-8,37.61688232,127.05606842,2020-03-24 00:00:00,10.0,QR,395,22.827848101265822,2.282784810126582,3,4,2,5,3,17,3.2,검토,0
270,270. 증권거래소후문교차로,16066,2025-06-01,2026-06-30,0.1062492219594174,0.41871031993028757,0.15666625171168927,0.0789244366986182,영등포구,서울특별시 영등포구 여의나루로 76,37.52234268,126.92710114,2016-07-06 12:00:00,10.0,QR,395,40.67341772151899,4.067341772151899,4,1,5,1,4,15,3.2,검토,2
1834,1834. 월드메르디앙 벤처센터 2차,14257,2025-06-01,2026-06-30,0.05323700638282949,0.5743143718874939,0.1519253699936873,0.08760608823735709,금천구,서울특별시 금천구 가산디지털2로 123,37.47908401,126.87904358,2017-05-08 16:11:16,10.0,LCD,395,36.09367088607595,3.609367088607595,4,1,5,1,4,15,3.2,검토,2
4569,4569. 힐스테이트클래시안아파트,13707,2025-06-01,2026-06-30,0.2596483548551835,0.2033997227693879,0.2508207485226527,0.24111767709929233,영등포구,영등포구 신길동 242-193,37.50508881,126.91334534,2021-05-17 00:00:00,10.0,QR,395,34.70126582278481,3.470126582278481,3,5,1,3,4,16,3.2,검토,0
3759,3759. 이대서울병원,24051,2025-06-01,2026-06-30,0.08203401105983119,0.35021412831067317,0.15787285351960417,0.15304976924036423,강서구,마곡동728-10,37.5586319,126.83559418,2020-11-23 00:00:00,25.0,QR,395,60.88860759493671,2.4355443037974682,5,1,5,1,3,15,3.2,검토,2
4906,4906. 섬유센터 앞,19272,2025-06-01,2026-06-30,0.09988584474885845,0.40016604400166045,0.2009651307596513,0.1461706102117061,강남구,강남구 대치동 944-1,37.50767136,127.06017303,2022-06-07 00:00:00,10.0,QR,395,48.789873417721516,4.878987341772151,4,1,5,1,4,15,3.2,검토,2
4133,4133.래미안허브리츠아파트 앞,10028,2025-06-01,2026-06-30,0.18129238133226966,0.2748304746709214,0.24890307140007978,0.1492820103709613,동대문구,동대문구 용두동 792-7,37.57426071,127.0354538,2023-01-02 00:00:00,7.0,QR,395,25.3873417721519,3.6267631103074143,3,3,3,3,4,16,3.2,검토,0
1404,1404. 동일로 지하차도,16120,2025-06-01,2026-06-30,0.20248138957816378,0.25856079404466503,0.19404466501240694,0.23182382133995036,중랑구,서울특별시 중랑구 망우로 233 중랑구 중화동 211-3,37.59529877,127.08003235,2017-05-02 13:35:27,10.0,LCD,395,40.81012658227848,4.081012658227848,4,4,2,1,4,15,3.2,검토,0
1382,1382.래미안월곡아파트 입구,13776,2025-06-01,2026-06-30,0.28927119628339143,0.1954123112659698,0.24462833914053425,0.1765389082462253,성북구,서울특별시 성북구 하월곡동 225-5,37.60866547,127.03627014,2020-03-26 00:00:00,10.0,QR,395,34.87594936708861,3.487594936708861,3,5,1,3,4,16,3.2,검토,0
3655,3655. 둔촌신성미소지움아파트,8131,2025-08-11,2026-06-30,0.23355060878120773,0.2564260238593039,0.30488254827204525,0.1442626983150904,강동구,명일로 102,37.52726364,127.14233398,2020-10-20 00:00:00,10.0,QR,324,25.09567901234568,2.509567901234568,3,4,2,5,3,17,3.2,검토,0
1848,1848. 벽산 디지털밸리 5차,13908,2025-06-01,2026-06-30,0.05996548748921484,0.634454989933851,0.08901351740005752,0.08441184929536957,금천구,서울특별시 금천구 가산동 60-73 ,37.4762764,126.88539124,2017-11-01 16:00:00,9.0,QR,395,35.210126582278484,3.9122362869198315,4,1,5,1,4,15,3.2,검토,2
229,229. 양평1 보행육교 앞,26527,2025-06-01,2026-06-30,0.09039846194443397,0.4816224978323972,0.19776077204357825,0.12451464545557357,영등포구,서울특별시 영등포구 양평동4가 20-4,37.53587341,126.8921814,2016-06-29 12:00:00,25.0,LCD,395,67.15696202531646,2.6862784810126583,5,1,5,1,3,15,3.2,검토,2
1691,1691. 노원정보도서관,19870,2025-06-01,2026-06-30,0.11706089582284851,0.2649723200805234,0.2787116255661802,0.16004026170105687,노원구,서울특별시 노원구 노원로34길 43 노원정보도서관,37.66070938,127.06533051,2018-11-02 00:00:00,10.0,LCD,395,50.30379746835443,5.030379746835443,4,2,2,4,5,17,3.2,검토,3
170,170. DMC파크뷰자이아파트 302동 앞,11341,2025-06-01,2026-06-30,0.2901860506128207,0.22079181730006173,0.2913323340093466,0.17776210210739793,서대문구,서울특별시 서대문구 남가좌동 124,37.57311249,126.9224472,2016-06-29 12:00:00,10.0,LCD,395,28.71139240506329,2.871139240506329,3,5,1,5,3,17,3.2,검토,0
1195,1195. 코오롱One&Only타워,25022,2025-06-01,2026-06-30,0.04216289665094717,0.5176644552793541,0.06298457357525378,0.0447606106626169,강서구,강서구 마곡동 727-525,37.56412888,126.83431244,2018-11-20 00:00:00,24.0,LCD,395,63.346835443037975,2.639451476793249,5,1,5,1,3,15,3.2,검토,2
4078,4078. 원당공원 앞,12676,2025-06-01,2026-06-30,0.22585989271063428,0.2362732723256548,0.25394446197538656,0.21268538971284318,도봉구,서울특별시 도봉구 도봉구 쌍문동 250-6,37.65854645,127.02767944,2021-06-16 00:00:00,8.0,QR,395,32.09113924050633,4.011392405063291,3,4,2,3,4,16,3.2,검토,0
4677,4677. 백련산 SK뷰 아이파크 해모로 아파트 앞,13579,2025-06-01,2026-06-30,0.3323514249944768,0.19279770233448706,0.24515796450401356,0.13616613889093454,은평구,"은평구 응암로 278 맞은편
(응암동 767-1 공원 앞)",37.59612656,126.91962433,2021-05-17 00:00:00,10.0,QR,395,34.37721518987342,3.437721518987342,3,5,1,3,4,16,3.2,검토,0
4074,4074. 도봉구육아종합지원센터(창동),12706,2025-06-01,2026-06-30,0.2686919565559578,0.20809066582716826,0.2584605698095388,0.16433181174248387,도봉구,서울특별시 도봉구 도봉구 우이천로4길 24-5,37.63342667,127.04116058,2021-03-03 00:00:00,10.0,QR,395,32.167088607594934,3.2167088607594936,3,5,1,3,4,16,3.2,검토,0
1268,1268. 몽촌토성역 1번출구 옆,12250,2025-06-01,2026-06-30,0.14555102040816326,0.3314285714285714,0.3456326530612245,0.1793469387755102,송파구,서울특별시 송파구 방이동 88-21 ,37.51728821,127.11419678,2017-11-01 16:00:00,15.0,QR,395,31.0126582278481,2.067510548523207,3,2,4,5,3,17,3.2,검토,3
1243,1243. 문정 법조단지7,28726,2025-06-01,2026-06-30,0.09708974448235048,0.43977581285246814,0.1515700062661004,0.13249321172457007,송파구,서울특별시 송파구 법원로 101,37.4845314,127.12016296,2017-06-27 13:55:43,29.0,QR,395,72.72405063291139,2.507725883893496,5,1,5,1,3,15,3.2,검토,2
2411,2411. 세곡동 성당,12222,2025-06-01,2026-06-30,0.20937653411880217,0.25118638520700376,0.28211422025855015,0.12600229095074456,강남구,강남구 율현동 165-2(강남구 밤고개로21길 50),37.47296906,127.11222839,2019-02-25 00:00:00,15.0,LCD,395,30.941772151898736,2.0627848101265824,3,4,2,5,3,17,3.2,검토,0
4457,4457. 아산병원 기숙사 부근,53097,2025-06-01,2026-06-30,0.09305610486468162,0.3436164001732678,0.16134621541706687,0.13234269356084147,송파구,올림픽로43길 88,37.52478027,127.10913086,2021-01-04 00:00:00,50.0,QR,395,134.4227848101266,2.688455696202532,5,1,5,1,3,15,3.2,검토,1
1953,1953. 천왕역 4번출구 뒤,11356,2025-06-01,2026-06-30,0.17303628038041563,0.33999647763296936,0.21812257837266644,0.26091933779499826,구로구,서울특별시 구로구 오리로 지하 1154,37.48638535,126.83921051,2017-06-22 13:42:12,20.0,LCD,395,28.749367088607595,1.4374683544303797,3,3,5,2,2,15,3.2,검토,3
2717,2717.LG유플러스 마곡사옥,56514,2025-06-01,2026-06-30,0.07930778214247797,0.5412641115475811,0.08159040237817178,0.06253317761970485,강서구,강서구 마곡중앙8로 71,37.56133652,126.83390045,2020-03-15 00:00:00,62.0,QR,395,143.07341772151898,2.307635769701919,5,1,5,1,3,15,3.2,검토,2
411,411. DMC홍보관,14938,2025-06-01,2026-06-30,0.07116079796492168,0.44577587361092513,0.15182755388940955,0.13910831436604632,마포구,서울특별시 마포구 월드컵북로 366,37.5779953,126.89147186,2015-10-07 11:40:56,10.0,QR,395,37.81772151898734,3.781772151898734,4,1,5,1,4,15,3.2,검토,2
1148,1148. 볏골공원,13638,2025-06-01,2026-06-30,0.35122451972429974,0.19885613726352838,0.24798357530429682,0.11035342425575598,강서구,서울특별시 강서구 까치산로4길 22,37.54146957,126.84477997,2017-04-24 10:08:40,10.0,LCD,395,34.526582278481015,3.4526582278481017,3,5,1,3,4,16,3.2,검토,0
5758,5758. 올림픽선수기자촌아파트 123동 근처,9566,2025-06-01,2026-06-30,0.19454317374033034,0.23196738448672383,0.29165795525820615,0.16600459962366715,송파구,송파구 방이동 89-2,37.51064301,127.13167572,2022-09-01 00:00:00,10.0,QR,395,24.217721518987343,2.4217721518987343,3,4,2,5,3,17,3.2,검토,0
385,385. 종각역 5번출구,19391,2025-06-01,2026-06-30,0.09731318652983342,0.40384714558300244,0.1944200917951627,0.12093239131555876,종로구,서울특별시 종로구 서린동 26-1 종각역 5번출구,37.56983566,126.98265839,2016-07-06 12:00:00,10.0,LCD,395,49.09113924050633,4.909113924050633,4,1,5,1,4,15,3.2,검토,2
2407,2407. 역삼서초삼성 세무서 앞 (역삼빌딩 앞),16713,2025-06-01,2026-06-30,0.11691497636570335,0.3277089690659965,0.19888709387901635,0.18835636929336444,강남구,강남구 역삼동 804,37.49847031,127.03011322,2018-09-18 00:00:00,10.0,LCD,395,42.311392405063295,4.231139240506329,4,2,4,1,4,15,3.2,검토,2
777,777.신월6차보람아파트 앞,13688,2025-06-01,2026-06-30,0.29142314436002337,0.20828462887200466,0.24357101110461718,0.1978375219170076,양천구,양천구 곰달래로7길 7,37.53012848,126.83477783,2020-03-11 00:00:00,10.0,QR,395,34.653164556962025,3.4653164556962026,3,5,1,3,4,16,3.2,검토,0
3935,3935. 고대구로병원 앞,15043,2025-06-01,2026-06-30,0.14883999202286777,0.3008043608322808,0.18719670278534867,0.17336967360233996,구로구,구로구 구로동 416-15,37.49312592,126.88424683,2023-07-19 00:00:00,10.0,QR,395,38.08354430379747,3.8083544303797465,4,2,4,1,4,15,3.2,검토,2
1327,1327. 상월곡역 3번출구,13352,2025-06-01,2026-06-30,0.1676153385260635,0.28445176752546436,0.24962552426602755,0.18588975434391852,성북구,서울특별시 성북구 화랑로 지하 157 성북구 상월곡동 26-1,37.60734177,127.05068207,2017-04-26 15:00:18,10.0,LCD,395,33.80253164556962,3.3802531645569625,3,3,3,3,4,16,3.2,검토,3
3204,3204.도림고가도로 밑,13220,2025-06-01,2026-06-30,0.2195158850226929,0.24273827534039336,0.2548411497730711,0.24402420574886535,영등포구,영등포구 도림동 187-68,37.51124191,126.89818573,2020-03-16 00:00:00,10.0,QR,395,33.46835443037975,3.3468354430379748,3,4,2,3,4,16,3.2,검토,3
308,308. 광화문 S타워 앞,30610,2025-06-01,2026-06-30,0.08774910160078406,0.4623325710552107,0.1028422084286181,0.056615485135576606,종로구,서울특별시 종로구 새문안로 82 광화문S타워 앞,37.56996918,126.97393799,2015-10-07 12:09:58,31.0,QR,395,77.49367088607595,2.499795835034708,5,1,5,1,3,15,3.2,검토,2
5761,5761. 버섯분수대,12230,2025-06-01,2026-06-30,0.15739983646770236,0.29059689288634505,0.2455437448896157,0.21921504497138186,송파구,송파구 가락동 95-3,37.49755478,127.11494446,2022-10-12 00:00:00,10.0,QR,395,30.962025316455698,3.0962025316455697,3,3,3,3,4,16,3.2,검토,3
4002,4002. 상계주공 14단지 상가 앞,11857,2025-06-01,2026-06-30,0.24221978578055156,0.23597874673188834,0.2821118326726828,0.15155604284388968,노원구,서울특별시 노원구 (도로명) 서울 노원구 동일로 228길 23,37.66963577,127.05970764,2021-03-03 00:00:00,10.0,QR,395,30.01772151898734,3.001772151898734,3,4,2,5,3,17,3.2,검토,0
943,943. 은평구청 보건소,19079,2025-06-01,2026-06-30,0.1472823523245453,0.30053986057969495,0.1854394884427905,0.11483830389433408,은평구,서울특별시 녹번동 84 은평구청 보건소,37.60240173,126.9286499,2017-11-01 16:00:00,10.0,LCD,395,48.30126582278481,4.830126582278481,4,2,4,1,4,15,3.2,검토,2
4218,4218. 디지털매직스페이스,21750,2025-06-01,2026-06-30,0.09250574712643678,0.39517241379310347,0.20082758620689656,0.136,마포구,MBC본사와 디지털매직스페이스 건물 사이 횡단보도 2개 중간,37.58119965,126.88957977,2021-10-28 00:00:00,13.0,QR,395,55.063291139240505,4.235637779941578,4,1,5,1,4,15,3.2,검토,2
3906,3906. 천왕차량사업소 입구,7164,2025-06-01,2026-06-30,0.21747627024008934,0.33933556672250137,0.23101619207146845,0.12325516471245114,구로구,서울 구로구 천왕동 63-5,37.47604752,126.84501648,2020-11-02 00:00:00,8.0,QR,395,18.136708860759494,2.267088607594937,2,4,4,2,3,15,3.2,검토,0
185,185. 마포 신수공원 앞,12295,2025-06-01,2026-06-30,0.20154534363562424,0.24514030093533956,0.3259048393655958,0.2277348515656771,마포구,서울특별시 마포구 현석동 106-32,37.54254532,126.93429565,2016-07-06 12:00:00,15.0,QR,395,31.126582278481013,2.0751054852320676,3,4,2,5,3,17,3.2,검토,3
1936,1936. 개봉역 1번 출구 자전거보관서쪽,8757,2025-06-01,2026-06-30,0.19721365764531232,0.3385862738380724,0.2250770811921891,0.1940162155989494,구로구,서울특별시 구로구 경인로40길 47,37.49428177,126.85921478,2017-06-22 13:30:49,10.0,LCD,395,22.169620253164556,2.2169620253164557,2,4,4,2,3,15,3.2,검토,3
3544,3544.한양대역 3번 출구,17733,2025-06-01,2026-06-30,0.14752156995432245,0.32622793661534993,0.2017143179383071,0.16376247673828456,성동구,서울특별시 성동구 왕십리로 190-1 디자인노점,37.55453873,127.04377747,2020-04-13 00:00:00,10.0,QR,395,44.89367088607595,4.489367088607596,4,2,4,1,4,15,3.2,검토,2
5059,5059. 화곡2동주민센터,12136,2025-06-01,2026-06-30,0.2877389584706658,0.2083058668424522,0.25659195781147,0.1762524719841793,강서구,강서구 곰달래로37길13,37.5318222,126.85462189,2021-08-02 00:00:00,7.0,QR,395,30.724050632911393,4.389150090415913,3,5,1,3,4,16,3.2,검토,0
805,805. 문배어린이공원 앞,11571,2025-06-01,2026-06-30,0.23161351654999568,0.2433670382853686,0.243885576008988,0.1444991789819376,용산구,서울특별시 용산구 문배동 34-10 문배어린이공원 앞,37.53675842,126.97000122,2016-06-29 12:00:00,9.0,LCD,395,29.29367088607595,3.2548523206751057,3,4,2,3,4,16,3.2,검토,0
2317,2317. 삼성도로공원,9213,2025-06-01,2026-06-30,0.08129816563551504,0.4014978834255943,0.3017475306631933,0.1976554868121133,강남구,서울특별시 강남구 영동대로112길 66,37.51588821,127.06620026,2017-06-13 09:43:39,10.0,LCD,395,23.324050632911394,2.3324050632911395,3,1,5,5,3,17,3.2,검토,3
368,368. SK 서린빌딩 앞,20101,2025-06-01,2026-06-30,0.05775832048156808,0.47863290383563006,0.17337445898214018,0.09372668026466345,종로구,서울특별시 종로구 서린동 93-2 SK 서린빌딩 앞,37.5692482,126.98053741,2016-06-01 14:30:00,15.0,QR,395,50.88860759493671,3.392573839662447,4,1,5,1,4,15,3.2,검토,2
4031,4031. 청암예술학교 앞,19766,2025-06-01,2026-06-30,0.11109986846099362,0.2651522816958413,0.276636648790853,0.2600930891429728,노원구,서울특별시 노원구 덕릉로76길 18 원광초등학교,37.65153503,127.07327271,2021-03-25 00:00:00,10.0,QR,395,50.040506329113924,5.004050632911392,4,2,2,4,5,17,3.2,검토,3
4389,4389. 서울숲역3번출구,6374,2025-06-01,2026-06-30,0.05804832130530279,0.41779102604330093,0.4079071226859115,0.11656730467524318,성동구,성동구 성수동1가 694-71,37.54255676,127.04423523,2023-01-09 00:00:00,5.0,QR,395,16.136708860759494,3.227341772151899,2,1,5,5,4,17,3.2,검토,3
3900,3900. 건국대학교 신공학관,17919,2025-06-01,2026-06-30,0.04654277582454378,0.34231820972152466,0.11468273899213126,0.09648975947318489,광진구,광진구 능동로 120,37.54088593,127.07928467,2024-11-07 00:00:00,10.0,QR,395,45.36455696202532,4.536455696202532,4,1,5,1,4,15,3.2,검토,2
6184,6184. 한강버스 마곡 선착장,14081,2025-07-01,2026-06-30,0.06128826077693346,0.34266032242028266,0.4013209289112989,0.20524110503515375,강서구,강서구 가양동 439-1,37.57402039,126.84357452,2025-08-01 00:00:00,32.0,QR,365,38.57808219178082,1.2055650684931507,4,1,5,5,2,17,3.1999999999999997,검토,3
1288,1288. 문정중교 사거리,15705,2025-06-01,2026-06-30,0.16134988857051893,0.27418019738936644,0.25921680993314233,0.211015600127348,송파구,서울특별시 송파구 송이로 238,37.48799896,127.13108826,2018-02-26 12:02:00,15.0,LCD,395,39.75949367088607,2.650632911392405,4,3,3,3,3,16,3.1999999999999997,검토,3
860,860.LG한강 자이아파트 앞,15992,2025-06-01,2026-06-30,0.13731865932966483,0.3269134567283642,0.34517258629314657,0.18840670335167584,용산구,서울특별시 용산구 이촌동 429,37.52074814,126.9708252,2020-04-07 00:00:00,22.0,QR,395,40.48607594936709,1.840276179516686,4,2,4,5,2,17,3.1999999999999997,검토,3
1762,1762.북한산 한신휴플러스APT앞,21031,2025-06-01,2026-06-30,0.24982169178831248,0.2121629974799106,0.25752460653321285,0.21102182492511054,도봉구,서울특별시 도봉구 도봉로136가길 73 북한산한신휴플러스아파트,37.65533829,127.04241943,2020-03-18 00:00:00,25.0,QR,395,53.243037974683546,2.129721518987342,4,5,1,3,3,16,3.1999999999999997,검토,0
1920,1920. 서울미래초등학교 사거리,15960,2025-06-01,2026-06-30,0.2056390977443609,0.23909774436090225,0.24674185463659148,0.2543859649122807,구로구,서울특별시 구로구 새말로 73,37.50437927,126.88829803,2017-05-11 11:24:44,14.0,LCD,395,40.40506329113924,2.886075949367089,4,4,2,3,3,16,3.1999999999999997,검토,3
2653,2653.올림픽공원사거리(선수촌아파트),17564,2025-06-01,2026-06-30,0.15816442723753132,0.28330676383511727,0.29628786153495784,0.21168298792985651,송파구,양재대로 1218,37.51202011,127.12864685,2020-01-15 00:00:00,25.0,QR,395,44.46582278481013,1.778632911392405,4,3,3,5,2,17,3.1999999999999997,검토,3
2515,2515.서초초등학교 후문,14438,2025-06-01,2026-06-30,0.07175509073278848,0.3882809253359191,0.2456018839174401,0.20328300318603684,서초구,서울시 서초구 서운로 178,37.49892807,127.02472687,2020-02-20 00:00:00,15.0,QR,395,36.551898734177215,2.436793248945148,4,1,5,3,3,16,3.1999999999999997,검토,3
1627,1627. 수락산역 4번출구,14492,2025-06-01,2026-06-30,0.1277946453215567,0.33728953905603093,0.254830251173061,0.227849848192106,노원구,서울특별시 노원구 동일로 지하 1662 노원구 상계동 1263,37.67694092,127.05509949,2017-06-27 15:14:45,12.0,QR,395,36.688607594936705,3.0573839662447253,4,2,4,3,3,16,3.1999999999999997,검토,3
1033,1033. 고덕동 아남아파트,20081,2025-06-01,2026-06-30,0.30516408545391166,0.1876400577660475,0.24251780289826205,0.12031273342961007,강동구,서울특별시 고덕동 673,37.55793381,127.14476776,2017-11-01 16:00:00,17.0,QR,395,50.8379746835443,2.9904690990320177,4,5,1,3,3,16,3.1999999999999997,검토,0
1141,1141. 곰달래 문화복지센터 A,18050,2025-06-01,2026-06-30,0.2096398891966759,0.25689750692520774,0.2588365650969529,0.21069252077562328,강서구,서울특별시 강서구 강서로5길 50,37.52906036,126.84848022,2017-04-24 10:05:45,20.0,"LCD,QR",395,45.69620253164557,2.2848101265822782,4,4,2,3,3,16,3.1999999999999997,검토,0
4765,4765. 동대문디자인플라자,20851,2025-06-01,2026-06-30,0.058846098508464825,0.34914392595079374,0.2605150832094384,0.2000383674643902,중구,서울특별시 중구 을지로6가 18-169,37.5683136,127.00946045,2020-10-19 00:00:00,20.0,QR,395,52.7873417721519,2.639367088607595,4,1,5,3,3,16,3.1999999999999997,검토,3
3120,3120.DMC엘가아파트 앞,14082,2025-06-01,2026-06-30,0.17582729725891208,0.2694219571083653,0.24875727879562562,0.23462576338588267,서대문구,남가좌동 105-4,37.56983566,126.91809082,2020-04-08 00:00:00,12.0,QR,395,35.65063291139241,2.9708860759493674,4,3,3,3,3,16,3.1999999999999997,검토,3
716,716.신정6동 주민센터 인근,18448,2025-06-01,2026-06-30,0.13334778837814398,0.30258022549869906,0.25498699045967044,0.22018647007805725,양천구,서울특별시 양천구 목동서로 355,37.51731873,126.86431885,2016-07-06 12:00:00,23.0,LCD,395,46.70379746835443,2.0305998899284536,4,2,4,3,3,16,3.1999999999999997,검토,3
4468,4468. 가락1동주민센터 ,16252,2025-06-01,2026-06-30,0.29171794240708837,0.20280580851587496,0.25172286487816886,0.1647797194191484,송파구,양재대로 925,37.49650955,127.11032867,2020-12-30 00:00:00,15.0,QR,395,41.14430379746835,2.7429535864978902,4,5,1,3,3,16,3.1999999999999997,검토,0
841,841. 신용산역 1번 출구,19280,2025-06-01,2026-06-30,0.04797717842323652,0.39476141078838173,0.28526970954356845,0.22634854771784232,용산구,서울특별시 용산구 한강대로 100 신용산역 1번 출구,37.52960968,126.96887207,2018-10-12 00:00:00,30.0,QR,395,48.81012658227848,1.6270042194092826,4,1,5,5,2,17,3.1999999999999997,검토,3
1529,1529. 미아동 한국전력공사,15419,2025-06-01,2026-06-30,0.11745249367663273,0.3065698164602114,0.2469031714118944,0.2247875997146378,강북구,서울특별시 미아동 194-1 미아동 한국전력공사,37.63018036,127.02490997,2017-11-01 16:00:00,15.0,LCD,395,39.03544303797468,2.602362869198312,4,2,4,3,3,16,3.1999999999999997,검토,3
2339,2339. 현대아파트 정문 앞,6798,2025-06-01,2026-06-30,0.26228302441894674,0.26581347455133864,0.27081494557222713,0.15828184760223596,강남구,서울특별시 강남구 언주로 107,37.48326111,127.0522995,2017-06-13 16:04:16,10.0,LCD,395,17.21012658227848,1.721012658227848,2,5,3,4,2,16,3.1999999999999997,검토,0
474,474.동대문역사문화공원역 1번출구 뒤편,26164,2025-06-01,2026-06-30,0.08282372725882893,0.35499159149977066,0.24854762268766245,0.24415227029506192,중구,서울특별시 중구 을지로7가 143,37.56629944,127.00849152,2020-01-29 00:00:00,40.0,QR,395,66.23797468354431,1.6559493670886076,5,1,5,3,2,16,3.1999999999999997,검토,3
4643,4643. 한가람아파트 앞,11069,2025-06-01,2026-06-30,0.10551992049869004,0.3167404462914446,0.37121691209684704,0.2014635468425332,용산구,용산구 이촌동 301-5,37.5202713,126.97335052,2023-07-17 00:00:00,7.0,QR,395,28.02278481012658,4.003254972875226,3,1,4,5,4,17,3.1500000000000004,검토,3
5317,5317. 공릉동 신도1차 아파트 뒤,13503,2025-06-01,2026-06-30,0.18388506257868623,0.24165000370288084,0.25646152706805897,0.1980300673924313,노원구,서울특별시 노원구 동일로191가길 59 공릉동 신도1차아파트,37.62780762,127.06961823,2022-10-31 00:00:00,5.0,QR,395,34.18481012658228,6.836962025316455,3,3,2,3,5,16,3.1500000000000004,검토,3
4211,4211. 시석빌딩 앞,10687,2025-06-01,2026-06-30,0.036212220454758116,0.3327407130158136,0.34930289136333864,0.28398989426405913,마포구,마포구 합정동 412-34,37.5483017,126.91671753,2020-12-03 00:00:00,8.0,QR,395,27.055696202531646,3.3819620253164557,3,1,4,5,4,17,3.1500000000000004,검토,3
5782,5782. 오금현대 아파트 상가입구 앞,8897,2025-06-01,2026-06-30,0.1508373609081713,0.3284253119028886,0.2374957850960998,0.23311228503990108,송파구,송파구 오금로35길 17,37.50366211,127.12606049,2024-10-08 00:00:00,5.0,QR,395,22.524050632911393,4.504810126582279,2,3,4,2,4,15,3.1500000000000004,검토,3
4005,4005. 중계2차 한화꿈에그린 101동 인근,12692,2025-06-01,2026-06-30,0.10762685156003782,0.31090450677592185,0.28616451307910495,0.23605420737472424,노원구,서울특별시 노원구 서울 노원구 덕릉로83길 5,37.65955734,127.07525635,2021-03-03 00:00:00,10.0,QR,395,32.131645569620254,3.2131645569620253,3,1,4,5,4,17,3.1500000000000004,검토,3
714,714. 한국SGI 양천문화회관 앞,9460,2025-06-01,2026-06-30,0.2595137420718816,0.25126849894291753,0.23424947145877378,0.16226215644820297,양천구,서울특별시 양천구 신월동 790,37.532547,126.83080292,2016-06-29 12:00:00,10.0,LCD,395,23.949367088607595,2.3949367088607594,3,5,2,2,3,15,3.1500000000000004,검토,0
5313,5313. 중계주공2단지 앞,9656,2025-06-01,2026-06-30,0.18786246893123446,0.23342999171499584,0.30219552609776307,0.22442004971002485,노원구,서울특별시 노원구 한글비석로 332 주공2단지아파트,37.65694046,127.07804871,2022-08-23 00:00:00,5.0,QR,395,24.445569620253163,4.8891139240506325,3,3,2,5,4,17,3.1500000000000004,검토,3
2179,2179. 양녕로 입구,11162,2025-06-01,2026-06-30,0.11135997133130264,0.27880308188496683,0.30442573015588603,0.28005733739473215,관악구,남부순환로 1761,37.48218918,126.94615936,2018-11-02 00:00:00,7.0,LCD,395,28.258227848101267,4.036889692585896,3,2,3,5,4,17,3.1500000000000004,검토,3
2003,2003. 사육신공원앞,12279,2025-06-01,2026-06-30,0.1201237885821321,0.29456796156038767,0.30140890952031923,0.25449955208078834,동작구,서울특별시 동작구 노량진로 191,37.51335907,126.94805908,2017-06-22 13:47:30,10.0,LCD,395,31.08607594936709,3.108607594936709,3,2,3,5,4,17,3.1500000000000004,검토,3
4918,4918. 매봉역 1번출구,8661,2025-06-01,2026-06-30,0.14259323403764,0.3545779933033137,0.23588500173190163,0.1780394873571181,강남구,강남구 도곡동 180-26,37.48661041,127.04550934,2022-12-09 00:00:00,5.0,QR,395,21.926582278481014,4.385316455696203,2,2,5,2,4,15,3.1500000000000004,검토,3
2080,2080. 대방지하보도(대방동경남아너스빌아파트),13656,2025-06-01,2026-06-30,0.1589777387229057,0.33457820738137084,0.24070005858230814,0.23484182776801407,동작구, 동작구 대방동 341-15,37.51213455,126.92543793,2020-04-23 00:00:00,15.0,QR,395,34.57215189873418,2.3048101265822782,3,3,4,2,3,15,3.1500000000000004,검토,3
908,908. 구산역 4번출구,12977,2025-06-01,2026-06-30,0.1448716960776759,0.2929798874932573,0.2961393234183555,0.2273252677814595,은평구,서울특별시 은평구 갈현동 536-8 구산역 4번출구,37.61318588,126.91735077,2016-09-02 11:00:00,10.0,LCD,395,32.85316455696203,3.285316455696203,3,2,3,5,4,17,3.1500000000000004,검토,3
4269,4269. 연희IC 남측,10190,2025-06-01,2026-06-30,0.11727183513248282,0.26800785083415113,0.28518155053974487,0.2705593719332679,서대문구,서대문구 연희로 5길,37.56355667,126.92827606,2022-05-12 00:00:00,8.0,QR,395,25.79746835443038,3.2246835443037973,3,2,3,5,4,17,3.1500000000000004,검토,3
2353,2353. 강남구청역 2번출구 뒤,9206,2025-06-01,2026-06-30,0.11981316532696068,0.3588963719313491,0.21974799044101673,0.1509884857701499,강남구,서울특별시 강남구 학동로 342,37.51681137,127.04047394,2017-08-22 10:51:58,10.0,LCD,395,23.30632911392405,2.330632911392405,3,2,5,2,3,15,3.1500000000000004,검토,2
2511,2511. 이수역 6번출구 앞,11265,2025-06-01,2026-06-30,0.1769196626719929,0.3196626719928984,0.22920550377274745,0.19911229471815356,서초구,서초구 방배동 438-35,37.48366165,126.98232269,2019-03-14 00:00:00,10.0,LCD,395,28.518987341772153,2.8518987341772153,3,3,4,2,3,15,3.1500000000000004,검토,3
2423,2423.영희초교 사거리(래미안개포루체하임),13690,2025-06-01,2026-06-30,0.1681519357195033,0.23842220598977357,0.28765522279035793,0.21701972242512782,강남구,개포로110길 50,37.4908371,127.08065033,2020-02-18 00:00:00,10.0,QR,395,34.65822784810127,3.465822784810127,3,3,2,5,4,17,3.1500000000000004,검토,3
2376,2376. 수서역 7번출구 앞,12379,2025-06-01,2026-06-30,0.12076904434930123,0.45956862428306,0.21181032393569754,0.16770336860812668,강남구,서울특별시 강남구 수서동 740,37.48677826,127.10051727,2017-11-01 16:00:00,14.0,LCD,395,31.339240506329112,2.238517179023508,3,2,5,2,3,15,3.1500000000000004,검토,2
4544,4544.경창시장,9529,2025-06-01,2026-06-30,0.2768391226781404,0.250078707104628,0.22992968831986568,0.14849407073145135,양천구,양천구 신월동 446-3,37.523994450000004,126.84213257,2023-02-23 00:00:00,8.0,QR,395,24.12405063291139,3.015506329113924,3,5,2,2,3,15,3.1500000000000004,검토,0
2303,2303. 논현역 10번출구,12864,2025-06-01,2026-06-30,0.16534514925373134,0.31009017412935325,0.2255907960199005,0.1939521144278607,강남구,서울특별시 강남구 학동로 지하 102,37.51137161,127.02146149,2017-06-13 10:33:37,15.0,LCD,395,32.56708860759494,2.1711392405063292,3,3,4,2,3,15,3.1500000000000004,검토,3
1073,1073. SSTS 몰 앞,8644,2025-06-01,2026-05-20,0.1938917167977788,0.22744099953725128,0.28459046737621474,0.21240166589541878,강동구,양재대로 1517,37.54114532,127.14105225,2020-01-10 00:00:00,7.0,QR,354,24.418079096045197,3.4882970137207425,3,4,1,5,4,17,3.1500000000000004,검토,3
6057,6057. 을지로5가(방산시장),7523,2025-06-01,2026-06-30,0.1916788515219992,0.28326465505782267,0.21693473348398246,0.1503389605210687,중구,중구 동호로 369,37.56739807,127.00201416,2024-04-11 00:00:00,6.0,QR,395,19.045569620253165,3.1742616033755273,2,4,3,2,4,15,3.1500000000000004,검토,0
552,552. 대림아크로리버 앞,11289,2025-06-01,2026-06-30,0.1399592523695633,0.2687571972716804,0.28647355833111876,0.27318628753654,광진구,서울특별시 광진구 구의강변로 64 대림아크로리버 앞,37.53657913,127.0929718,2016-07-06 12:00:00,9.0,LCD,395,28.57974683544304,3.175527426160338,3,2,3,5,4,17,3.1500000000000004,검토,3
105,105. 합정역 5번출구 앞,9733,2025-06-01,2026-06-30,0.06585841980889756,0.3361758964348094,0.29713346347477654,0.2603513818966403,마포구,서울특별시 마포구 양화로 48,37.55000687,126.91482544,2015-09-06 23:45:30,5.0,QR,395,24.640506329113926,4.928101265822785,3,1,4,5,4,17,3.1500000000000004,검토,3
1289,1289. 풍납토성 서성벽터B,9227,2025-06-01,2026-06-30,0.1871680936382356,0.31364473826812617,0.21599653191719953,0.10653516852714859,송파구,서울특별시 송파구 토성로 2,37.53147125,127.11109161,2018-02-26 12:05:47,10.0,LCD,395,23.359493670886074,2.3359493670886073,3,3,4,2,3,15,3.1500000000000004,검토,2
4517,4517. 성보하이드로빌딩,13780,2025-06-01,2026-06-30,0.20986937590711174,0.22946298984034832,0.2857764876632801,0.25362844702467346,양천구,남부순환로 435,37.52893829,126.83312225,2021-03-29 00:00:00,10.0,QR,395,34.88607594936709,3.488607594936709,3,4,1,5,4,17,3.1500000000000004,검토,3
1729,1729. 도봉한신아파트 버스정류장,13121,2025-06-01,2026-06-30,0.11561618779056475,0.27574117826385186,0.29243197926987274,0.2879353707796662,도봉구,서울특별시 도봉구 도봉로 891 파리바게트앞,37.68400955,127.04579163,2018-10-27 00:00:00,10.0,LCD,395,33.21772151898734,3.3217721518987338,3,2,3,5,4,17,3.1500000000000004,검토,3
3413,3413.종로플레이스,31664,2025-06-01,2026-06-30,0.17916245578575038,0.2589060131379485,0.13728524507326934,0.09022865083375442,종로구,서울특별시 종로구 창경궁로 120 종로플레이스,37.57320023,126.99796295,2020-02-04 00:00:00,22.0,QR,395,80.1620253164557,3.643728423475259,5,3,2,1,4,15,3.1500000000000004,검토,2
2514,2514.사평역 2번출구,9591,2025-06-01,2026-06-30,0.21947659263893232,0.2961109373370869,0.2361588989677823,0.16859555833593995,서초구,서울시 서초구 반포동 30-5 ,37.50364304,127.01602173,2020-02-20 00:00:00,10.0,QR,395,24.281012658227848,2.428101265822785,3,4,3,2,3,15,3.1500000000000004,검토,0
4425,4425. 하늘채코오롱아파트 앞,13364,2025-06-01,2026-06-30,0.15429512122119127,0.24528584256210714,0.30754265190062857,0.23181682131098474,성북구,성북구 돌곶이로 220,37.61924744,127.04558563,2023-09-06 00:00:00,10.0,QR,395,33.832911392405066,3.3832911392405065,3,3,2,5,4,17,3.1500000000000004,검토,3
4843,4843. 봉화산역 4번 출구,11892,2025-06-01,2026-06-30,0.13504877228388834,0.2838042381432896,0.29145644130507903,0.25437268752102254,중랑구,중랑구 신내동629-2,37.61738586,127.09078217,2023-07-20 00:00:00,8.0,QR,395,30.10632911392405,3.7632911392405064,3,2,3,5,4,17,3.1500000000000004,검토,3
156,156. 서울서부지방법원 앞,9651,2025-06-01,2026-06-30,0.12692985182882602,0.3550927365039892,0.21334576727800228,0.13635892653611026,마포구,서울특별시 마포구 공덕동 105-11,37.54933167,126.95491791,2016-06-29 12:00:00,10.0,QR,395,24.432911392405064,2.4432911392405066,3,2,5,2,3,15,3.1500000000000004,검토,2
3405,3405.파크팰리스,11694,2025-06-01,2026-06-30,0.28185394219257737,0.24414229519411665,0.22079698990935523,0.11031298101590559,종로구,서울특별시 종로구 사직로8길 20 경희궁 파크팰리스,37.57455063,126.97055054,2020-02-11 00:00:00,10.0,QR,395,29.605063291139242,2.960506329113924,3,5,2,2,3,15,3.1500000000000004,검토,0
1664,1664. 노해근린공원내,13839,2025-06-01,2026-06-30,0.1822386010549895,0.25261940891682927,0.2943131729171183,0.220680685020594,노원구,서울특별시 노원구 노원로22길 1 노해근린공원내,37.64936066,127.0704422,2017-11-28 10:47:44,10.0,LCD,395,35.03544303797468,3.503544303797468,3,3,2,5,4,17,3.1500000000000004,검토,3
387,387. 훈련원공원주차장 앞,9927,2025-06-01,2026-06-30,0.12209126624357812,0.3407877505792284,0.22554648937241867,0.13770524831268258,중구,서울특별시 중구 을지로 227 훈련원공원주차장 앞,37.56699371,127.00346375,2016-07-06 12:00:00,10.0,LCD,395,25.131645569620254,2.5131645569620256,3,2,5,2,3,15,3.1500000000000004,검토,2
6180,6180.양천향교역 3번출구,9660,2025-06-01,2026-06-30,0.2217391304347826,0.28633540372670807,0.2367494824016563,0.17888198757763976,강서구,강서구 가야동 151-1,37.56978226,126.8417511,2025-04-25 00:00:00,9.0,QR,395,24.455696202531644,2.7172995780590714,3,4,3,2,3,15,3.1500000000000004,검토,0
2315,2315. 봉은사역 5번출구 옆,10303,2025-06-01,2026-06-30,0.1422886537901582,0.3981364651072503,0.21323886246724255,0.13733863923129186,강남구,서울특별시 강남구 봉은사로 지하 601,37.51424789,127.06111908,2017-06-13 10:58:38,10.0,LCD,395,26.083544303797467,2.608354430379747,3,2,5,2,3,15,3.1500000000000004,검토,2
2090,2090.기아자동차 사당점 앞,11640,2025-06-01,2026-06-30,0.2733676975945017,0.23694158075601374,0.26125429553264606,0.16512027491408934,동작구, 동작구 사당로 272,37.48377991,126.97792053,2020-04-26 00:00:00,15.0,QR,395,29.468354430379748,1.9645569620253165,3,5,2,4,2,16,3.15,검토,0
525,525. 한양대병원사거리,16075,2025-06-01,2026-06-30,0.06332814930015553,0.31440124416796267,0.3026438569206843,0.3499222395023328,성동구,서울특별시 성동구 행당동 20-2 한양대병원사거리,37.55805206,127.04035187,2016-06-29 12:00:00,20.0,QR,395,40.69620253164557,2.0348101265822782,4,1,4,5,3,17,3.15,검토,3
4713,4713. 현대 뜨레비앙 아파트 앞,16271,2025-06-01,2026-06-30,0.10743039763997296,0.30293159609120524,0.20115542990596766,0.1286337655952308,종로구,서울특별시 종로구 돈화문로11가길 59,37.57528305,126.99062347,2021-02-02 00:00:00,7.0,QR,395,41.19240506329114,5.884629294755877,4,1,4,1,5,15,3.15,검토,2
832,832. 이촌1동 주민센터 뒤,12244,2025-06-01,2026-06-30,0.18343678536426006,0.31084612871610584,0.2743384514864423,0.11548513557660896,용산구,서울특별시 용산구 이촌로71길 24 이촌1동 주민센터 뒤,37.5212822,126.97346497,2017-12-22 14:16:58,20.0,LCD,395,30.99746835443038,1.549873417721519,3,3,4,4,2,16,3.15,검토,0
749,749. 이대목동병원보도육교,21750,2025-06-01,2026-06-30,0.1088735632183908,0.3393103448275862,0.19889655172413792,0.17190804597701148,양천구,서울특별시 양천구 목동 911-10,37.53722763,126.88661194,2018-07-04 00:00:00,10.0,LCD,395,55.063291139240505,5.506329113924051,4,1,4,1,5,15,3.15,검토,2
3502,3502. 중곡역 1번출구,13943,2025-06-01,2026-06-30,0.15312343111238613,0.30775299433407444,0.23617585885390519,0.1790145592770566,광진구,서울특별시 광진구 능동로 지하 417 중곡역 1번출구 앞,37.56565857,127.08429718,2017-11-01 12:12:59,18.0,QR,395,35.29873417721519,1.961040787623066,4,3,4,2,2,15,3.15,검토,3
418,418. 월드컵경기장역 3번출구 옆,17003,2025-06-01,2026-06-30,0.050461683232370755,0.3261777333411751,0.4102217255778392,0.297418102687761,마포구,서울특별시 마포구 월드컵로 지하240,37.57072067,126.89897919,2015-10-07 11:40:49,20.0,QR,395,43.04556962025316,2.152278481012658,4,1,4,5,3,17,3.15,검토,3
2710,2710.라이품 공영주차장 앞,15719,2025-06-01,2026-06-30,0.2550416693173866,0.25427826197595266,0.2376105350213118,0.13995801259622112,강서구,강서구 강서로 515,37.57131958,126.84166718,2020-03-20 00:00:00,30.0,QR,395,39.79493670886076,1.3264978902953586,4,5,2,2,2,15,3.15,검토,0
322,322. 명동성당 앞,8001,2025-06-01,2026-06-30,0.10948631421072366,0.34308211473565803,0.268591426071741,0.09511311086114235,중구,서울특별시 중구 명동길 74 명동성당 앞,37.56447601,126.98696899,2015-10-07 12:19:51,10.0,QR,395,20.255696202531645,2.0255696202531643,2,2,5,4,3,16,3.15,검토,2
1228,1228. 마천사거리 ,8831,2025-06-01,2026-06-30,0.25331219567432905,0.23700600158532442,0.2791303363152531,0.1677046767070547,송파구,서울특별시 송파구 거마로 51,37.49769974,127.14620209,2017-06-27 13:43:49,10.0,LCD,395,22.356962025316456,2.2356962025316456,2,5,2,4,3,16,3.15,검토,0
1702,1702. 녹천역 1번출구 앞,8217,2025-06-01,2026-06-30,0.2695631008884021,0.24339783375927954,0.26749421930144823,0.12681027138858464,도봉구,서울특별시 도봉구 창동 426-6,37.64582062,127.05042267,2017-05-08 15:32:00,10.0,LCD,395,20.80253164556962,2.0802531645569617,2,5,2,4,3,16,3.15,검토,0
2509,2509. 심산기념문화센터,8080,2025-06-01,2026-06-30,0.2464108910891089,0.3327970297029703,0.16930693069306932,0.09678217821782178,서초구,서초구 반포동 128-13,37.49836349,126.9911499,2018-09-18 00:00:00,16.0,QR,395,20.455696202531644,1.2784810126582278,2,5,4,1,2,14,3.15,검토,2
4007,4007. 노원 을지대학교 병원,21990,2025-06-01,2026-06-30,0.12282855843565257,0.29427012278308323,0.20918599363346976,0.19872669395179626,노원구,서울특별시 노원구 서울 노원구 한글비석로 68,37.63666916,127.06969452,2021-03-04 00:00:00,9.0,QR,395,55.67088607594937,6.185654008438819,4,2,3,1,5,15,3.15,검토,1
188,188. 홍은동 정원여중 입구,8440,2025-06-01,2026-06-30,0.20509478672985781,0.2770142180094787,0.27428909952606634,0.19988151658767772,서대문구,서울특별시 서대문구 연희로37안길 51,37.58638763,126.93512726,2016-07-06 12:00:00,9.0,QR,395,21.367088607594937,2.3741209563994374,2,4,3,4,3,16,3.15,검토,3
4863,4863. 잠실나들목5,6219,2025-06-01,2026-06-30,0.18009326258240874,0.30551535616658626,0.27013989387361315,0.1694806238945168,송파구,송파구 잠실동 19-4,37.5164032,127.07761383,2021-03-30 00:00:00,7.0,QR,395,15.744303797468355,2.2491862567811935,2,3,4,4,3,16,3.15,검토,3
2725,2725.서울식물원 식물문화센터,16257,2025-06-01,2026-06-30,0.10124869287076337,0.3267515531770929,0.3202312849849296,0.10254044411638064,강서구,강서구 마곡동 727-305,37.56883621,126.83563232,2020-03-12 00:00:00,20.0,QR,395,41.15696202531645,2.0578481012658227,4,1,4,5,3,17,3.15,검토,3
4705,4705. 웰니스센터(민방위교육장 앞),16247,2025-06-01,2026-06-30,0.24170616113744076,0.21850187726964979,0.1967132393672678,0.06998215055087093,종로구,서울특별시 종로구 운니동 98-7,37.57752991,126.98912811,2020-12-22 00:00:00,6.0,QR,395,41.131645569620254,6.855274261603376,4,4,1,1,5,15,3.15,검토,0
4206,4206. 광흥창역5번출구,6956,2025-06-01,2026-06-30,0.1620184013801035,0.32073030477285797,0.27070155261644624,0.2484186313973548,마포구,마포구 창전동 246-34,37.54737854,126.931633,2020-12-02 00:00:00,7.0,QR,395,17.610126582278482,2.515732368896926,2,3,4,4,3,16,3.15,검토,3
2730,2730.마곡메가박스 앞,27894,2025-06-01,2026-06-30,0.10755001075500108,0.32562558256255825,0.24550082455008246,0.27665447766544776,강서구,강서구 마곡동 727-1179,37.55912781,126.83495331,2020-03-15 00:00:00,30.0,QR,395,70.61772151898734,2.3539240506329113,5,1,4,3,3,16,3.15,검토,3
1247,1247. 문정 법조단지11,9491,2025-06-01,2026-06-30,0.12443367400695396,0.3729849330945106,0.27025603203034454,0.11221156885470446,송파구,서울특별시 송파구 법원로 101,37.4788208,127.12351227,2017-06-27 14:00:07,15.0,QR,395,24.02784810126582,1.601856540084388,3,2,5,4,2,16,3.15,검토,2
2243,2243.서울가정법원,7604,2025-06-01,2026-06-30,0.23974224092582852,0.3494213571804313,0.19516044187269857,0.12467122567069963,서초구,서울특별시 서초구 강남대로 193,37.48149109,127.03672791,2017-06-01 10:42:32,15.0,LCD,395,19.250632911392405,1.2833755274261602,2,4,5,1,2,14,3.15,검토,2
171,171. 임광빌딩 앞,6197,2025-06-01,2026-06-30,0.26996934000322736,0.3075681781507181,0.15927061481361948,0.12183314507019526,서대문구,미근동 317-1,37.56472397,126.96727753,2016-06-29 12:00:00,10.0,QR,395,15.688607594936709,1.568860759493671,2,5,4,1,2,14,3.15,검토,0
4923,4923.수협대치동지점,8982,2025-06-01,2026-06-30,0.16499665998663995,0.3365620129147183,0.2712090848363393,0.2010688042752171,강남구,서울특별시 강남구 영동대로 214-2,37.49861526,127.0683136,2023-01-12 00:00:00,9.0,QR,395,22.739240506329114,2.526582278481013,2,3,4,4,3,16,3.15,검토,3
2280,2280. 서울서초고용센터앞,5611,2025-06-01,2026-05-22,0.20887542327570843,0.34111566565674567,0.19978613437889858,0.10728925325253966,서초구,서울특별시 서초구 반포대로 43,37.48416138,127.01097107,2018-09-20 00:00:00,10.0,LCD,356,15.76123595505618,1.5761235955056179,2,4,5,1,2,14,3.15,검토,2
4147,4147.청량리역광장,9912,2025-09-30,2026-06-30,0.13549233252623083,0.3608757062146893,0.27391041162227603,0.19279661016949154,동대문구,동대문구 전농동 588-29,37.58024597,127.04673767,2025-09-30 00:00:00,35.0,QR,274,36.175182481751825,1.0335766423357664,4,2,5,4,1,16,3.15,검토,3
3788,3788. 정곡나들목,15558,2025-06-01,2026-06-30,0.06871063118652783,0.3154647126880062,0.432896259159275,0.20863864249903585,강서구,강서구 방화동 57-5번지,37.5841713,126.81932831,2020-11-10 00:00:00,15.0,QR,395,39.3873417721519,2.6258227848101265,4,1,4,5,3,17,3.15,검토,3
4089,4089. 동부센트레빌 앞,15453,2025-06-01,2026-06-30,0.22319290752604673,0.22422830518345951,0.25878470199961173,0.1952371707759011,도봉구,서울특별시 도봉구 방학로 131-1 구두수선대,37.66299057,127.03864288,2022-08-05 00:00:00,10.0,QR,395,39.12151898734177,3.9121518987341775,4,4,1,3,4,16,3.1499999999999995,검토,0
1742,1742. 북한산 코오롱 하늘채,18781,2025-06-01,2026-06-30,0.20957350513817155,0.196528406368138,0.25328789734305945,0.1841222512113306,도봉구,서울특별시 도봉구 우이천로 367 북한산 코오롱 하늘채,37.64889145,127.02301788,2018-12-14 00:00:00,10.0,LCD,395,47.54683544303798,4.754683544303798,4,4,1,3,4,16,3.1499999999999995,검토,0
4114,4114. 휘경여중고삼거리,14041,2025-06-01,2026-06-30,0.16145573677088526,0.2576739548465209,0.2455665550886689,0.19528523609429527,동대문구,서울특별시 동대문구 한천로 264 맞은편,37.58392334,127.06827545,2020-09-18 00:00:00,10.0,QR,395,35.54683544303798,3.554683544303798,4,3,2,3,4,16,3.1499999999999995,검토,3
363,363. 신설동역 11번출구 뒤,21869,2025-06-01,2026-06-30,0.18642827747039187,0.24569024646760254,0.2534180803877635,0.2738122456445196,종로구,서울특별시 종로구 종로 411-3 가로판매,37.57559204,127.02285004,2016-06-01 14:30:00,13.0,LCD,395,55.36455696202532,4.2588120740019475,4,3,2,3,4,16,3.1499999999999995,검토,3
4567,4567. 한림대학교 강남성심병원 신관,17982,2025-06-01,2026-06-30,0.18935602268935603,0.254198643087532,0.25770214659103546,0.16588811033255477,영등포구,영등포구 시흥대로 665,37.49128342,126.90802002,2021-05-18 00:00:00,10.0,QR,395,45.52405063291139,4.552405063291139,4,3,2,3,4,16,3.1499999999999995,검토,0
340,340. 혜화동 로터리,14217,2025-06-01,2026-06-30,0.17324330027431947,0.25455440669620877,0.25399170007737215,0.24892734050784274,종로구,서울특별시 종로구 창경궁로 271-1 혜화동 로터리,37.58562851,127.00067902,2015-10-07 00:00:00,8.0,QR,395,35.99240506329114,4.499050632911392,4,3,2,3,4,16,3.1499999999999995,검토,3
1321,1321. 국민은행 종암동지점 앞,20310,2025-06-01,2026-06-30,0.15908419497784343,0.2533234859675037,0.25238798621368785,0.19921221073362874,성북구,서울특별시 성북구 종암로3길 37-2 성북구 종암동 12-33,37.59328842,127.03666687,2017-05-11 10:52:55,14.0,LCD,395,51.41772151898734,3.6726943942133814,4,3,2,3,4,16,3.1499999999999995,검토,3
838,838. 숙대입구역 4번출구,15260,2025-06-01,2026-06-30,0.13872870249017039,0.2853211009174312,0.2564220183486238,0.22929226736566186,용산구,서울특별시 용산구 한강대로 지하 306 숙대입구역 4번출구,37.5444603,126.97238922,2018-12-14 00:00:00,8.0,LCD,395,38.63291139240506,4.829113924050633,4,2,3,3,4,16,3.1499999999999995,검토,3
4804,4804. 동서울농협 앞,17638,2025-06-01,2026-06-30,0.07001927656196848,0.3333144347431682,0.24997165211475225,0.32894886041501303,중랑구,서울특별시 중랑구 망우로 290,37.59596252,127.08477783,2021-02-16 00:00:00,9.0,QR,395,44.653164556962025,4.961462728551336,4,1,4,3,4,16,3.1499999999999995,검토,3
1767,1767.방학초등학교 앞,15011,2025-06-01,2026-06-30,0.21450935980281127,0.22456864965691825,0.2419558990073946,0.2381586836320032,도봉구,서울특별시 도봉구 방학동 726-127,37.66250992,127.03327942,2020-03-21 00:00:00,10.0,QR,395,38.00253164556962,3.800253164556962,4,4,1,3,4,16,3.1499999999999995,검토,0
1199,1199. 우장산역 3번출구,17291,2025-06-01,2026-06-30,0.1367763576427043,0.28980394424845296,0.25417847435081836,0.19727025620264876,강서구,강서구 화곡동 1006-2,37.54782104,126.83612823,2018-12-04 00:00:00,13.0,LCD,395,43.7746835443038,3.3672833495618306,4,2,3,3,4,16,3.1499999999999995,검토,3
520,520. 상왕십리역 4번 출구 앞,9981,2025-06-01,2026-06-30,0.1756337040376716,0.27532311391644126,0.22292355475403267,0.2410580102194169,성동구,서울특별시 성동구 하왕십리동 960-3 상왕십리역 4번 출구 앞,37.56385803,127.03031921,2016-06-29 12:00:00,7.0,QR,395,25.26835443037975,3.6097649186256784,3,3,3,2,4,15,3.1000000000000005,검토,3
3425,3425.광화문 풍림스페이스본 1단지앞,10620,2025-06-01,2026-06-30,0.2849340866290019,0.20094161958568738,0.22815442561205274,0.11845574387947269,종로구,서울특별시 종로구 사직동 9-2,37.57529068,126.96895599,2020-05-04 00:00:00,7.0,QR,395,26.88607594936709,3.8408679927667273,3,5,1,2,4,15,3.1000000000000005,검토,0
4880,4880. 송파청소년센터,11932,2025-06-01,2026-06-30,0.29508883674153535,0.19468655715722427,0.23499832383506536,0.17574589339591015,송파구,송파구 문정동 150,37.48995972,127.11196136,2021-09-24 00:00:00,9.0,QR,395,30.207594936708862,3.3563994374120956,3,5,1,2,4,15,3.1000000000000005,검토,0
4825,4825. 신내동 벽산아파트 후문 앞,11392,2025-06-01,2026-06-30,0.285375702247191,0.21532654494382023,0.238500702247191,0.16178019662921347,중랑구,서울특별시 중랑구 용마산로125길 50 벽산아파트,37.6030426,127.10050201,2021-08-28 00:00:00,8.0,QR,395,28.840506329113925,3.6050632911392406,3,5,1,2,4,15,3.1000000000000005,검토,0
640,640. 동대문경찰서 교차로,10493,2025-06-01,2026-06-30,0.22557895740017153,0.25750500333555704,0.235299723625274,0.18917373487086628,동대문구,서울특별시 동대문구 홍릉로 26-1 거리가게,37.58255005,127.04460144,2016-07-06 12:00:00,6.0,LCD,395,26.564556962025318,4.427426160337553,3,4,2,2,4,15,3.1000000000000005,검토,0
1814,1814. 두산위브아파트 옆 상가건물 앞,13116,2025-06-01,2026-06-30,0.32723391277828606,0.21843549862763037,0.22422994815492528,0.16910643488868557,금천구,서울특별시 금천구 가산로 99,37.47422028,126.89412689,2017-05-08 15:49:19,8.0,LCD,395,33.20506329113924,4.150632911392405,3,5,1,2,4,15,3.1000000000000005,검토,0
354,354. 포르투갈 대사관 앞,12475,2025-06-01,2026-06-30,0.14917835671342686,0.28312625250501,0.22701402805611223,0.09955911823647294,종로구,서울특별시 종로구 창덕궁1길 3 포르투갈 대사관 앞,37.57915497,126.98896027,2016-06-01 14:30:00,10.0,QR,395,31.582278481012658,3.1582278481012658,3,3,3,2,4,15,3.1000000000000005,검토,0
1930,1930. 개봉지구대 개봉치안센터,10408,2025-06-01,2026-06-30,0.24279400461183706,0.233858570330515,0.24077632590315143,0.21300922367409686,구로구,서울특별시 구로구 경인로 293,37.49768448,126.85372925,2017-05-11 11:28:34,7.0,LCD,395,26.349367088607593,3.7641952983725133,3,4,2,2,4,15,3.1000000000000005,검토,0
430,430. 장충동먹자골목 앞,9620,2025-06-01,2026-06-30,0.16964656964656966,0.293035343035343,0.22692307692307692,0.17557172557172557,중구,서울특별시 중구 장충단로 193-1  KEB하나은행 장충동지점,37.56212616,127.0062561,2018-11-02 00:00:00,6.0,LCD,395,24.354430379746834,4.059071729957806,3,3,3,2,4,15,3.1000000000000005,검토,3
5869,5869. 영등포아트홀 앞,13429,2025-06-01,2026-06-30,0.12644277310298607,0.3024052423858813,0.2172164718147293,0.18147293171494527,영등포구,국회대로596,37.52668381,126.90019226,2023-07-07 00:00:00,10.0,QR,395,33.99746835443038,3.3997468354430382,3,2,4,2,4,15,3.1000000000000005,검토,3
4113,4113. 한국국방연구원 앞,13819,2025-06-01,2026-06-30,0.1332223749909545,0.32477024386713943,0.2293219480425501,0.16202330125189957,동대문구,서울특별시 동대문구 회기로 37 한국국방연구원,37.59139633,127.04029846,2020-09-17 00:00:00,10.0,QR,395,34.98481012658228,3.498481012658228,3,2,4,2,4,15,3.1000000000000005,검토,3
4914,4914. 도심공항타워 앞,11745,2025-06-01,2026-06-30,0.05789697743720732,0.4357598978288633,0.22017879948914432,0.12337164750957855,강남구,삼성동 159-9,37.50999069,127.05847168,2022-07-27 00:00:00,6.0,QR,395,29.734177215189874,4.955696202531645,3,1,5,2,4,15,3.1000000000000005,검토,2
1022,1022. 길동 사거리(초소앞),20648,2025-06-01,2026-06-30,0.18718519953506393,0.2761526540100736,0.2313056954668733,0.22985277024409143,강동구,서울특별시 강동구 양재대로 1441,37.53377914,127.13799286,2017-04-19 15:06:52,20.0,LCD,395,52.27341772151899,2.6136708860759494,4,3,3,2,3,15,3.1,검토,3
3699,3699. 상일파출소 옆,14185,2025-06-01,2026-06-30,0.1834332040888262,0.2922805780754318,0.22791681353542476,0.20084596404652802,강동구,강동구 상일동 520-1,37.55655289,127.1658783,2022-06-21 00:00:00,15.0,QR,395,35.91139240506329,2.3940928270042194,4,3,3,2,3,15,3.1,검토,3
242,242. 신길선원가와인아파트 앞,12548,2025-06-01,2026-06-30,0.19620656678355117,0.25565827223461907,0.27829136117309533,0.25781000956327704,영등포구,서울특별시 영등포구 신길동 215-28 ,37.51093292,126.91022491,2016-06-29 12:00:00,15.0,LCD,395,31.767088607594935,2.1178059071729955,3,4,2,4,3,16,3.1,검토,3
2230,2230.이수역 4번 출구,19188,2025-06-01,2026-06-30,0.14587242026266417,0.3329685219929122,0.23280175109443402,0.20861997081509276,서초구,서울특별시 동작구 사당로 지하 310,37.4858284,126.98262787,2017-06-01 10:30:19,20.0,LCD,395,48.57721518987342,2.428860759493671,4,2,4,2,3,15,3.1,검토,3
2251,2251. 더케이호텔 입구(양재2) ,8399,2025-06-01,2026-06-30,0.15323252768186688,0.4023097987855697,0.1729967853315871,0.16466245981664485,서초구,서울특별시 서초구 바우뫼로12길 70,37.46750641,127.03447723,2017-06-13 09:35:46,10.0,LCD,395,21.263291139240508,2.1263291139240508,2,3,5,1,3,14,3.1,검토,2
3786,3786. 강서힐스테이트 상가 앞,10332,2025-06-01,2026-06-30,0.15098722415795587,0.2690669763840495,0.2646147890050329,0.21573751451800233,강서구, ,37.54663849,126.83657837,2020-12-21 00:00:00,9.0,QR,395,26.156962025316457,2.9063291139240506,3,3,3,4,3,16,3.1,검토,3
400,400. 상암한화오벨리스크 1차 앞,14015,2025-06-01,2026-06-30,0.3604709240099893,0.20092757759543348,0.22804138423118087,0.11273635390652872,마포구,서울특별시 마포구 구룡길 19,37.58752441,126.88300323,2015-10-07 11:57:12,14.0,QR,395,35.48101265822785,2.534358047016275,4,5,1,2,3,15,3.1,검토,0
2016,2016. 신대방삼거리역 3번출구쪽,11857,2025-06-01,2026-06-30,0.19490596272244243,0.25006325377414185,0.2773888842034241,0.237159483849203,동작구,서울특별시 동작구 상도로 지하 76,37.49964523,126.92709351,2017-05-12 11:00:44,10.0,LCD,395,30.01772151898734,3.001772151898734,3,4,2,4,3,16,3.1,검토,3
3131,3131.연가교 교차로,13506,2025-06-01,2026-06-30,0.32703983414778615,0.20946246112838737,0.2735080704871909,0.11994669035984007,서대문구,서대문구 남가좌동 385-6,37.57215881,126.92118835,2020-05-04 00:00:00,15.0,QR,395,34.19240506329114,2.279493670886076,3,5,1,4,3,16,3.1,검토,0
437,437. 대흥역 1번출구,11831,2025-06-01,2026-06-30,0.10742963401234046,0.34713887245372327,0.2626151635533767,0.22102949877440622,마포구,마포구 대흥동 105-4,37.54846954,126.9409256,2018-12-04 00:00:00,12.0,LCD,395,29.951898734177217,2.4959915611814347,3,1,5,4,3,16,3.1,검토,3
1175,1175. 대한항공 인력개발센터,14828,2025-06-01,2026-06-30,0.1972619368761802,0.2638926355543566,0.21756137038036147,0.17635554356622607,강서구,강서구 공항대로 453 ,37.55437851,126.85753632,2018-10-04 00:00:00,15.0,LCD,395,37.539240506329115,2.5026160337552743,4,4,2,2,3,15,3.1,검토,0
394,394. 경희궁 자이 3단지,9589,2025-06-01,2026-06-30,0.3190113671915737,0.28136406298884137,0.16675357180102202,0.09448326207112316,종로구,서울특별시 종로구 경교장길 35 경희궁자이 3단지,37.56748962,126.96591949,2018-01-26 14:07:43,15.0,QR,395,24.275949367088607,1.6183966244725738,3,5,3,1,2,14,3.1,검토,0
2418,2418.봉은사역 7번 출구 ,8540,2025-06-01,2026-06-30,0.15105386416861827,0.398711943793911,0.19918032786885245,0.1553864168618267,강남구,봉은사로 601,37.51393509,127.05982208,2020-02-14 00:00:00,10.0,QR,395,21.620253164556964,2.162025316455696,2,3,5,1,3,14,3.1,검토,2
678,678.장안힐스테이트(아) 앞,19419,2025-06-01,2026-06-30,0.18265616149132294,0.28178587980843506,0.23734486842782843,0.16653792677274834,동대문구,서울특별시 동대문구 장안벚꽃로1길 7 장안 힐스테이트,37.57655716,127.0743103,2020-04-26 00:00:00,21.0,QR,395,49.1620253164557,2.3410488245931282,4,3,3,2,3,15,3.1,검토,0
3560,3560.성동구 견인차량 보관소 앞,18829,2025-06-01,2026-06-30,0.18843273673588612,0.29327101811036166,0.22725582877476233,0.17212810027085879,성동구,서울특별시 성동구 천호대로78길 9,37.56370926,127.05644989,2020-04-14 00:00:00,22.0,QR,395,47.66835443037974,2.1667433831990794,4,3,3,2,3,15,3.1,검토,0
4640,4640. 원효로2가 교차로,9166,2025-06-01,2026-06-30,0.17215797512546366,0.2950032729653066,0.2664193759546149,0.15721143355880426,용산구,서울특별시 용산구 원효로53길 4,37.53577805,126.96221161,2022-09-07 00:00:00,8.0,QR,395,23.20506329113924,2.900632911392405,3,3,3,4,3,16,3.1,검토,3
2324,2324. 천주교 대치 2동 교회 옆,11226,2025-06-01,2026-06-30,0.11535720648494566,0.3259397826474256,0.27169071797612687,0.23507928024229469,강남구,서울특별시 강남구 도곡로 540,37.50043869,127.06622314,2017-06-13 14:55:09,10.0,LCD,395,28.42025316455696,2.842025316455696,3,2,4,4,3,16,3.1,검토,3
150,150. 서강대역 2번출구 앞,13064,2025-06-01,2026-06-30,0.1685548071034905,0.2854409063074097,0.27212186160440904,0.2342314758113901,마포구,서울특별시 마포구 노고산동 112-13,37.55295563,126.93434143,2016-06-29 12:00:00,15.0,QR,395,33.073417721518986,2.204894514767932,3,3,3,4,3,16,3.1,검토,3
3547,3547.상왕십리역 6번 출입구,10469,2025-06-01,2026-06-30,0.10421243671792912,0.3435858248161238,0.2634444550577897,0.233737701786226,성동구,서울특별시 성동구 하왕십리동 903-1,37.56438065,127.02886963,2020-04-14 00:00:00,12.0,QR,395,26.50379746835443,2.208649789029536,3,1,5,4,3,16,3.1,검토,3
356,356. KT혜화지사 앞,14444,2025-06-01,2026-06-30,0.16304347826086957,0.2664081971752977,0.21392965937413458,0.15854333979507063,종로구,서울특별시 종로구 대학로 65 KT혜화지사 앞,37.57714462,127.00205994,2016-06-01 14:30:00,15.0,QR,395,36.56708860759494,2.437805907172996,4,3,3,2,3,15,3.1,검토,0
4512,4512. 목동13_14단지 사거리,15186,2025-06-01,2026-06-30,0.19024101145792177,0.28710654550243647,0.2344264454102463,0.1342684051099697,양천구,목동동로 130,37.5140686,126.86998749,2021-04-05 00:00:00,15.0,QR,395,38.44556962025317,2.5630379746835446,4,3,3,2,3,15,3.1,검토,0
733,733. 신정이펜하우스314동,9088,2025-06-01,2026-06-30,0.2459286971830986,0.20906690140845072,0.261443661971831,0.14194542253521128,양천구,서울특별시 양천구 신정이펜1로50 ,37.51409912,126.83100128,2017-11-01 16:00:00,10.0,LCD,395,23.00759493670886,2.3007594936708857,3,5,1,4,3,16,3.1,검토,0
817,817. 삼각지역 4번출구 앞,10850,2025-06-01,2026-06-30,0.2097695852534562,0.2430414746543779,0.2786175115207373,0.18940092165898617,용산구,서울특별시 용산구 한강대로 161 삼각지역 4번출구 앞,37.53345108,126.97173309,2016-07-06 12:00:00,9.0,QR,395,27.468354430379748,3.052039381153305,3,4,2,4,3,16,3.1,검토,0
1241,1241. 문정 법조단지5,7020,2025-06-01,2026-06-30,0.2084045584045584,0.3249287749287749,0.251994301994302,0.2123931623931624,송파구,서울특별시 송파구 새말로 62,37.48123932,127.11979675,2017-06-27 13:54:01,10.0,LCD,395,17.772151898734176,1.7772151898734176,2,4,4,3,2,15,3.1,검토,3
4427,4427. 동일하이빌뉴시티,11259,2025-06-01,2026-06-30,0.13180566657784884,0.3119282351896261,0.27151612043698375,0.17905675459632295,성북구,성북구 종암로 167,37.60515213,127.03129578,2024-10-10 00:00:00,10.0,QR,395,28.50379746835443,2.850379746835443,3,2,4,4,3,16,3.1,검토,3
1639,1639. 희성오피앙,10723,2025-06-01,2026-06-30,0.1710342254965961,0.28284994870838387,0.27529609251142406,0.2118810034505269,노원구,서울특별시 노원구 동일로 1701 노원구 상계동 1263,37.68031311,127.05506897,2017-05-08 14:32:09,10.0,LCD,395,27.146835443037975,2.7146835443037975,3,3,3,4,3,16,3.1,검토,3
4008,4008. 하계 어린이 공원,10586,2025-06-01,2026-06-30,0.2259588135273002,0.24740222935953146,0.26591724919705273,0.1450972983185339,노원구,노원구 하계2동 273-3,37.63341522,127.06916046,2021-03-02 00:00:00,10.0,QR,395,26.8,2.68,3,4,2,4,3,16,3.1,검토,0
1965,1965. 삼환로즈빌아파트 105동 옆,12586,2025-06-01,2026-06-30,0.1585094549499444,0.2923883680279676,0.2759415223263944,0.22207214365167646,구로구,서울특별시 구로구 경인로 343,37.49724197,126.85912323,2017-11-13 09:41:27,15.0,LCD,395,31.863291139240506,2.1242194092827003,3,3,3,4,3,16,3.1,검토,3
4485,4485. 잠실나루역 고가하부,9718,2025-06-01,2026-06-30,0.10290183165260341,0.3647869932084791,0.27114632640461,0.20096727721753446,송파구,오금로20,37.51988602,127.1043396,2021-01-04 00:00:00,10.0,QR,395,24.60253164556962,2.460253164556962,3,1,5,4,3,16,3.1,검토,3
4117,4117. 휘경119안전센터 앞,9765,2025-06-01,2026-06-30,0.1456221198156682,0.2972862263184844,0.2612391193036354,0.20931899641577062,동대문구,서울특별시 동대문구 망우로 114,37.59087372,127.06536102,2020-09-21 00:00:00,10.0,QR,395,24.72151898734177,2.472151898734177,3,2,4,4,3,16,3.1,검토,3
4360,4360. 르노삼성자동차 성수사업소 앞,11719,2025-06-01,2026-06-30,0.16477515146343544,0.47555252154620703,0.13055721477941803,0.07901698097107261,성동구,서울특별시 성동구 광나루로270,37.54824448,127.05957794,2020-11-03 00:00:00,15.0,QR,395,29.668354430379747,1.9778902953586497,3,3,5,1,2,14,3.1,검토,2
834,834. 효창공원앞역 3번출구 앞,17130,2025-06-01,2026-06-30,0.33315820198482193,0.21885580852305897,0.22580268534734385,0.1796847635726795,용산구,서울특별시 용산구 백범로 지하 287 효창공원앞역 3번출구 뒤,37.53900909,126.96138,2017-12-22 14:18:31,15.0,QR,395,43.36708860759494,2.891139240506329,4,5,1,2,3,15,3.1,검토,0
1734,1734. 쌍문현대1차아파트 108동 앞,9945,2025-06-01,2026-06-30,0.2720965309200603,0.22624434389140272,0.2711915535444947,0.1606837606837607,도봉구,서울특별시 도봉구 해등로 218 쌍문현대1차아파트 108동 앞,37.65814972,127.03266907,2018-10-27 00:00:00,10.0,LCD,395,25.17721518987342,2.517721518987342,3,5,1,4,3,16,3.1,검토,0
122,122. 신성기사식당 앞,10037,2025-06-01,2026-06-30,0.19647304971605062,0.2603367540101624,0.2690046826741058,0.19159111288233535,마포구,서울특별시 마포구 독막로 223-1,37.54745865,126.93837738,2015-09-07 10:31:45,10.0,QR,395,25.41012658227848,2.541012658227848,3,4,2,4,3,16,3.1,검토,3
4573,4573. 두산위브아파트,9880,2025-06-01,2026-06-30,0.357085020242915,0.21720647773279353,0.26831983805668014,0.1395748987854251,영등포구,영등포구 신길로60나길 9,37.51470184,126.91213989,2021-05-17 00:00:00,10.0,QR,395,25.0126582278481,2.50126582278481,3,5,1,4,3,16,3.1,검토,0
2108,2108. 은천치안센터,13973,2025-06-01,2026-06-30,0.18156444571673944,0.2823302082587848,0.27596078150719244,0.20818721820654118,관악구,서울특별시 관악구 봉천로 375,37.48334122,126.94319916,2017-05-26 09:45:53,20.0,QR,395,35.3746835443038,1.7687341772151899,4,3,3,4,2,16,3.0999999999999996,검토,3
4907,4907. 극동스포츠 앞,7510,2025-06-01,2026-06-30,0.13462050599201064,0.3384820239680426,0.26870838881491343,0.17563249001331557,강남구,강남구 신사동 575,37.5257225,127.02588654,2022-06-07 00:00:00,5.0,QR,395,19.0126582278481,3.80253164556962,2,2,4,4,4,16,3.0999999999999996,검토,3
1337,1337. 돈암성당 옆,21240,2025-06-01,2026-06-30,0.07980225988700565,0.28300376647834274,0.33243879472693033,0.342984934086629,성북구,서울특별시 성북구 인촌로7길 120 돈암성당 옆,37.59038162,127.01713562,2017-11-13 09:18:18,13.0,LCD,395,53.77215189873418,4.136319376825706,4,1,3,5,4,17,3.0999999999999996,검토,3
2058,2058. 동작경찰서,18562,2025-06-01,2026-06-30,0.09756491757353733,0.29231763818554035,0.32345652408145675,0.2973278741514923,동작구,서울특별시 동작구 노량진동 113-7 ,37.5135231,126.94352721999999,2017-11-01 16:00:00,14.0,LCD,395,46.99240506329114,3.3566003616636526,4,1,3,5,4,17,3.0999999999999996,검토,3
383,383. 신당역 12번 출구 뒤,34955,2025-06-01,2026-06-30,0.12006865970533544,0.2602202832212845,0.24139608067515378,0.29635245315405523,중구,서울특별시 중구 신당동 99 신당역 5번 출구,37.565849299999996,127.0164032,2016-06-15 09:30:00,22.0,LCD,395,88.49367088607595,4.022439585730725,5,2,2,3,4,16,3.0999999999999996,검토,3
700,700. KB국민은행 염창역 지점 앞,15263,2025-06-01,2026-06-30,0.1414531874467667,0.3000065517919151,0.26600275175260435,0.2297713424621634,양천구,서울특별시 양천구 목동 559,37.5468483,126.87277222,2016-06-29 12:00:00,20.0,LCD,395,38.640506329113926,1.9320253164556962,4,2,4,4,2,16,3.0999999999999996,검토,3
4087,4087. 우이교 교차로,19579,2025-06-01,2026-06-30,0.10884110526584606,0.27667398743551763,0.3199856989631748,0.31921957199039785,도봉구,서울특별시 도봉구 도봉로 420,37.6432457,127.03160095,2022-06-27 00:00:00,10.0,QR,395,49.56708860759494,4.956708860759494,4,1,3,5,4,17,3.0999999999999996,검토,3
1109,1109. 공항시장역 4번출구,8186,2025-06-01,2026-06-30,0.19631077449303688,0.25995602247740046,0.26557537258734426,0.22074273149279258,강서구,서울특별시 강서구 방화동로 지하 30,37.56334686,126.81048584,2017-04-24 09:34:47,6.0,LCD,395,20.724050632911393,3.4540084388185655,2,4,2,4,4,16,3.0999999999999996,검토,3
4169,4169. 신대방삼거리,14026,2025-06-01,2026-06-30,0.1331812348495651,0.2309995722230144,0.2844716954227863,0.39469556537858264,동작구,보라매로 99,37.49845505,126.92797852,2021-02-18 00:00:00,10.0,QR,395,35.50886075949367,3.550886075949367,4,2,2,5,4,17,3.0999999999999996,검토,3
1752,1752. 창동 주공 4단지 입구 옆,8239,2025-06-01,2026-06-30,0.22405631751426144,0.2376502002670227,0.26374560019419835,0.09709916251972327,도봉구,서울특별시 도봉구 덕릉로 357 주공4단지아파트,37.64548111,127.04857635,2020-03-17 00:00:00,6.0,QR,395,20.858227848101265,3.4763713080168777,2,4,2,4,4,16,3.0999999999999996,검토,0
4280,4280.북가좌2동 주민센터,5397,2025-10-17,2026-06-30,0.2531035760607745,0.2151195108393552,0.28089679451547156,0.10524365388178618,서대문구,서대문구 응암로 131,37.5841713,126.91429138,202510-20,5.0,QR,257,21.0,4.2,2,5,1,4,4,16,3.0999999999999996,검토,0
1611,1611. 과기대 입구(우),35973,2025-06-01,2026-06-30,0.08817724404414422,0.2936924915909154,0.24448892224724098,0.25788786033969924,노원구,서울특별시 노원구 공릉로 232 노원구 공릉동 436-4,37.62994003,127.07655334,2017-05-08 14:07:35,20.0,LCD,395,91.07088607594936,4.553544303797468,5,1,3,3,4,16,3.0999999999999996,검토,3
2244,2244. 말죽거리공원 사거리,14130,2025-06-01,2026-06-30,0.09575371549893844,0.3584571832979476,0.26687898089171974,0.20467091295116774,서초구,서울특별시 서초구 바우뫼로1길 35,37.47785187,127.03890991,2017-06-01 10:43:20,20.0,QR,395,35.77215189873418,1.788607594936709,4,1,5,4,2,16,3.0999999999999996,검토,3
2327,2327. 뱅뱅사거리 랜드마크타워 앞,13825,2025-06-01,2026-06-30,0.1166003616636528,0.39529837251356237,0.15927667269439422,0.17880650994575045,강남구,서울특별시 강남구 강남대로 308,37.49055099,127.03146362,2017-06-13 15:00:33,15.0,LCD,395,35.0,2.3333333333333335,3,2,5,1,3,14,3.0500000000000003,검토,2
3903,3903. 현대아파트 앞,8714,2025-06-01,2026-06-30,0.24202432866651366,0.28184530640348865,0.24122102364011935,0.20346568739958687,구로구,서울 구로구 개봉동 412-43,37.49333954,126.85917664,2020-11-02 00:00:00,10.0,QR,395,22.060759493670886,2.2060759493670887,2,4,3,3,3,15,3.0500000000000003,검토,0
177,177. 북가좌 초등학교,7665,2025-06-01,2026-06-30,0.2694063926940639,0.24422700587084148,0.2600130463144162,0.1446836268754077,서대문구,서울특별시 서대문구 거북골로19길 20,37.57767487,126.9098053,2016-07-06 12:00:00,8.0,LCD,395,19.40506329113924,2.425632911392405,2,5,2,3,3,15,3.0500000000000003,검토,0
3956,3956. 대륭테크노타운21차 앞,9103,2025-06-01,2026-06-30,0.1377567834779743,0.4409535318027024,0.17697462375041195,0.129957156981215,금천구,범안로 1126(안양천 연결 엘리베이터),37.46557617,126.88724518,2021-02-16 00:00:00,10.0,QR,395,23.045569620253165,2.3045569620253166,3,2,5,1,3,14,3.0500000000000003,검토,2
6189,6189.데시앙플렉스 지식산업센터,5266,2025-12-02,2026-06-30,0.12723129510064565,0.35434865172806684,0.1805924800607672,0.13805545005696923,강서구,강서구 양천로 424 가양역 데시앙플렉스 지식산업센터,37.56448364,126.84830475,2025-12-02 00:00:00,11.0,QR,211,24.95734597156398,2.2688496337785438,3,2,5,1,3,14,3.0500000000000003,검토,2
461,461. 서울경찰청,10395,2025-06-01,2026-06-30,0.2572390572390572,0.25743145743145746,0.18855218855218855,0.10822510822510822,종로구,서울특별시 종로구 사직로8길 31 서울지방경찰청,37.57436371,126.97236633,2018-10-29 00:00:00,10.0,LCD,395,26.31645569620253,2.631645569620253,3,5,2,1,3,14,3.0500000000000003,검토,0
1806,1806. 에이스하이엔드타워9차 앞,10856,2025-06-01,2026-06-30,0.1316322770817981,0.546518054532056,0.1203942520265291,0.10445836403831982,금천구,서울특별시 금천구 가산디지털1로 233,37.48621368,126.87863922,2017-05-08 15:44:19,10.0,LCD,395,27.48354430379747,2.748354430379747,3,2,5,1,3,14,3.0500000000000003,검토,2
4224,4224. 서부운전면허시험장,11013,2025-06-01,2026-06-30,0.22954689911922274,0.2302733133569418,0.2125669663125397,0.11640788159447925,마포구,서울 마포구 월드컵로42길 13,37.57892227,126.882164,2021-10-26 00:00:00,5.0,QR,395,27.88101265822785,5.57620253164557,3,4,1,2,5,15,3.0500000000000003,검토,0
391,391. 시립미술관,9137,2025-06-01,2026-06-30,0.1748932910145562,0.3312903578855204,0.18572835722884973,0.07037320783627012,중구,서울특별시 중구 덕수궁길 61 서울시립미술관,37.56505203,126.97340393,2017-09-04 13:09:18,8.0,QR,395,23.131645569620254,2.8914556962025317,3,3,4,1,3,14,3.0500000000000003,검토,2
1469,1469.먹골역 4번출구,10370,2025-06-01,2026-06-30,0.14985535197685632,0.2983606557377049,0.2594985535197686,0.20501446480231436,중랑구,서울특별시 중랑구 동일로 890,37.60982132,127.07813263,2020-04-21 00:00:00,20.0,QR,395,26.253164556962027,1.3126582278481014,3,3,4,3,2,15,3.0500000000000003,검토,3
4105,4105. 서울교통공사사거리 교통섬,9847,2025-06-01,2026-06-30,0.1839138824007312,0.3321823905758099,0.16593886462882096,0.16624352594698893,동대문구,서울특별시 동대문구 천호대로 343,37.56324005,127.05799103,2020-09-18 00:00:00,10.0,QR,395,24.929113924050633,2.4929113924050634,3,3,4,1,3,14,3.0500000000000003,검토,2
1735,"1735. 도봉역 1,2번 출구사이 건너편",9878,2025-06-01,2026-06-30,0.1914355132617939,0.2734359182020652,0.25207531889046364,0.19659850172099616,도봉구,"서울특별시 도봉구 도봉로170길 2 도봉역 1,2번 출구사이 건너편",37.67911911,127.04498291,2018-10-27 00:00:00,13.0,LCD,395,25.00759493670886,1.9236611489776045,3,4,3,3,2,15,3.0500000000000003,검토,3
307,307. 서울역사박물관 앞,12092,2025-06-01,2026-06-30,0.11180946080052928,0.35122394971882237,0.18814091961627522,0.10502811776381078,종로구,서울특별시 종로구 새문안로 55 서울역사박물관 앞,37.56999969,126.97109985,2015-10-07 12:09:09,11.0,QR,395,30.6126582278481,2.782968929804373,3,2,5,1,3,14,3.0500000000000003,검토,2
1437,1437. 늘푸른공원 앞,9265,2025-06-01,2026-06-30,0.20172692930383163,0.2855909336211549,0.24533189422558013,0.21651376146788992,중랑구,서울특별시 중랑구 동일로 594 늘푸른공원 앞,37.5834198,127.07992554,2017-04-26 15:16:04,15.0,LCD,395,23.455696202531644,1.5637130801687762,3,4,3,3,2,15,3.0500000000000003,검토,3
472,472.삼일교(시그니쳐 타워),12654,2025-06-01,2026-06-30,0.11593172119487909,0.3639955745218903,0.09269796111901375,0.04607238817765134,중구,서울특별시 중구 수표동 99-1,37.56787109,126.98840332,2020-01-30 00:00:00,12.0,QR,395,32.03544303797468,2.6696202531645565,3,2,5,1,3,14,3.0500000000000003,검토,2
128,128. 신촌역(2호선) 1번출구 옆,10442,2025-06-01,2026-06-30,0.11386707527293621,0.34782608695652173,0.24535529592032176,0.2524420609078721,서대문구,서울특별시 서대문구 연세로 3-5,37.55549622,126.93634033,2015-09-07 10:36:22,20.0,QR,395,26.435443037974682,1.3217721518987342,3,2,5,3,2,15,3.0500000000000003,검토,3
2333,2333. 양재역 3번출구 주변,13629,2025-06-01,2026-06-30,0.14865360628072494,0.3750091716193411,0.20463717073886564,0.1560642747083425,강남구,서울특별시 강남구 강남대로 240,37.48515701,127.03407288,2017-06-13 15:27:03,15.0,LCD,395,34.50379746835443,2.300253164556962,3,2,5,1,3,14,3.0500000000000003,검토,2
2606,2606. 위례동주민센터,10029,2025-06-01,2026-06-26,0.22135806162129823,0.29604147970884437,0.2523681324159936,0.13510818625984644,송파구,송파구 거여동 497,37.48173904,127.14322662,2018-09-14 00:00:00,15.0,LCD,391,25.649616368286445,1.7099744245524298,3,4,3,3,2,15,3.0500000000000003,검토,0
4718,4718. 광화문역 6번출구 옆 A,12010,2025-06-01,2026-06-30,0.15587010824313072,0.33938384679433803,0.16544546211490424,0.11973355537052456,종로구,서울특별시 종로구 세종로 208,37.56993103,126.9764328,2022-06-07 00:00:00,10.0,QR,395,30.40506329113924,3.040506329113924,3,3,4,1,3,14,3.0500000000000003,검토,2
2410,2410. 포스코피앤에스타워 (역삼역 3번출구 부근),10872,2025-06-01,2026-06-30,0.13971670345842532,0.36341059602649006,0.15682487122884473,0.1364054451802796,강남구,강남구 역삼동 804(강남구 테헤란로 134 앞 보도),37.49959946,127.03375244,2018-11-14 00:00:00,10.0,QR,395,27.524050632911393,2.7524050632911394,3,2,5,1,3,14,3.0500000000000003,검토,2
1457,1457. 동원사거리,8115,2025-06-01,2026-06-30,0.16993222427603205,0.29611829944547136,0.24818237831176834,0.23561306223043746,중랑구,서울특별시 중랑구 겸재로 229 동원사거리,37.58975983,127.09323883,2018-02-26 11:06:51,10.0,LCD,395,20.544303797468356,2.0544303797468357,2,3,4,3,3,15,3.0500000000000003,검토,3
1229,1229. 송파체육문화회관 앞,13731,2025-06-01,2026-06-30,0.21265749035030224,0.28453863520501055,0.15592455028767024,0.16859660621950331,송파구,서울특별시 송파구 양산로 15,37.49068832,127.14312744,2017-04-24 13:36:06,15.0,LCD,395,34.7620253164557,2.31746835443038,3,4,3,1,3,14,3.0500000000000003,검토,0
5756,5756. 극동아파트,11761,2025-06-01,2026-06-30,0.21749851203128986,0.27183062664739394,0.20406428024827822,0.1606155939120823,송파구,송파구 풍납동 436,37.52618027,127.11676025,2022-09-01 00:00:00,10.0,QR,395,29.774683544303798,2.9774683544303797,3,4,3,1,3,14,3.0500000000000003,검토,0
4563,4563. 여의도 은하아파트,8077,2025-06-01,2026-06-30,0.21208369444100533,0.2893401015228426,0.2495976228797821,0.13346539556766127,영등포구,영등포구 여의도동 52,37.51850891,126.93448639,2021-05-18 00:00:00,10.0,QR,395,20.448101265822785,2.0448101265822785,2,4,3,3,3,15,3.0500000000000003,검토,0
1074,1074.대명초교입구 사거리,15505,2025-06-01,2026-06-30,0.2325701386649468,0.21605933569816188,0.27584650112866815,0.17613673008706868,강동구,명일동 59 ,37.54683685,127.14916229,2020-01-10 00:00:00,15.0,QR,395,39.25316455696203,2.6168776371308016,4,4,1,4,3,16,3.05,검토,0
1743,1743.창동19단지아파트 관리사무소앞,13231,2025-06-01,2026-06-30,0.2430655279268385,0.22900763358778625,0.2759428614617187,0.15766004081324164,도봉구,서울특별시 도봉구 노해로70길 37 주공19단지아파트,37.65039062,127.05219269,2020-03-17 00:00:00,10.0,QR,395,33.49620253164557,3.349620253164557,3,4,1,4,4,16,3.05,검토,0
1468,1468.먹골역 7번 출구,10327,2025-06-01,2026-06-30,0.13847196668926115,0.2684225815822601,0.26580807591749783,0.26057906458797325,중랑구,서울특별시 중랑구 동일로 901 먹골역,37.6114769,127.07739258,2020-04-21 00:00:00,6.0,QR,395,26.144303797468353,4.357383966244726,3,2,3,4,4,16,3.05,검토,3
4092,4092. 도봉경찰서 교차로,15333,2025-06-01,2026-06-30,0.15261201330463706,0.24965760125220113,0.22917889519337378,0.17224287484510534,도봉구,창동36,37.65265656,127.05309296,2022-12-01 00:00:00,10.0,QR,395,38.81772151898734,3.8817721518987343,4,3,2,2,4,15,3.05,검토,3
3815,3815. 광일빌딩,10089,2025-06-01,2026-06-30,0.21964515809297255,0.19218951333135098,0.2806026365348399,0.271979383486966,관악구,남부순환로 2054,37.47639847,126.97683716,2021-09-28 00:00:00,7.0,QR,395,25.541772151898734,3.6488245931283907,3,4,1,4,4,16,3.05,검토,3
3415,3415.동대문역6번출구,17512,2025-06-01,2026-06-30,0.12739835541343078,0.2943695751484696,0.26376199177706716,0.25245545911375056,종로구,서울특별시 종로구 종로 302 1호선 동대문역,37.57146072,127.01078796,2020-02-26 00:00:00,15.0,QR,395,44.334177215189875,2.9556118143459917,4,2,3,4,3,16,3.05,검토,3
4620,4620. 삼각지역 14번 출구 앞(교통섬),12552,2025-06-01,2026-06-30,0.14690885914595284,0.27820267686424477,0.2699968132568515,0.25852453792224345,용산구,서울특별시 용산구 이태원로 6,37.53528595,126.97408295,2020-10-29 00:00:00,8.0,QR,395,31.777215189873417,3.972151898734177,3,2,3,4,4,16,3.05,검토,3
2015,2015. 신대방삼거리역 6번출구쪽,21314,2025-06-01,2026-06-30,0.2118795158112039,0.2255325138406681,0.26986956929717554,0.24631697475837477,동작구,서울특별시 동작구 상도로 지하 76,37.49985504,126.92956543,2017-05-26 10:01:42,20.0,LCD,395,53.959493670886076,2.6979746835443037,4,4,1,4,3,16,3.05,검토,3
3908,3908. 오류동 다숲오피스텔 앞,12723,2025-06-01,2026-06-30,0.22738347873929105,0.2254971311797532,0.26668238622966284,0.22392517488013833,구로구,서울 구로구 오류동 332-37,37.49267197,126.8416214,2021-04-13 00:00:00,10.0,QR,395,32.210126582278484,3.221012658227848,3,4,1,4,4,16,3.05,검토,0
1286,1286. 위례중앙푸르지오 1단지 앞,12255,2025-06-01,2026-06-30,0.12313341493268054,0.26764585883312936,0.2799673602611179,0.3064871481028152,송파구,서울특별시 송파구 위례광장로 120,37.47437668,127.14067078,2018-02-26 12:00:19,10.0,LCD,395,31.025316455696203,3.1025316455696204,3,2,3,4,4,16,3.05,검토,3
4024,4024. 꿈의숲 SK뷰 아파트,18531,2025-06-01,2026-06-30,0.2156926231719821,0.22076520425233392,0.23862716529059413,0.1839080459770115,노원구,서울특별시 노원구 서울시 노원구 월계로 42길97,37.62045288,127.05445099,2021-03-04 00:00:00,10.0,QR,395,46.913924050632914,4.691392405063292,4,4,1,2,4,15,3.05,검토,0
3658,3658. 프라이어팰리스아파트,6615,2025-06-01,2026-06-30,0.25502645502645505,0.24051398337112623,0.291156462585034,0.15767195767195769,강동구,강동구 고덕로 130,37.5546875,127.1394043,2021-04-15 00:00:00,10.0,QR,395,16.746835443037973,1.6746835443037973,2,5,2,5,2,16,3.05,검토,0
250,250. 대림아파트 사거리,6993,2025-06-01,2026-06-30,0.2616902616902617,0.2358072358072358,0.28185328185328185,0.20363220363220363,영등포구,서울특별시 영등포구 신길동 249,37.50764084,126.92308044,2016-06-29 12:00:00,10.0,LCD,395,17.70379746835443,1.770379746835443,2,5,2,5,2,16,3.05,검토,0
2421,2421. 신논현역 4번출구,3144,2026-01-15,2026-06-30,0.12213740458015267,0.3486005089058524,0.28435114503816794,0.21310432569974555,강남구,봉은사로 110,37.504673,127.02579498,2020-02-14 00:00:00,15.0,QR,167,18.82634730538922,1.2550898203592813,2,2,5,5,2,16,3.05,검토,3
4139,4139. 답십리 사거리,12724,2025-06-01,2026-06-30,0.20795347375039297,0.23027349889971707,0.26116001257466204,0.25392958189248666,동대문구,동대문구 용두동 39-559,37.57305527,127.05721283,2024-08-16 00:00:00,7.0,QR,395,32.2126582278481,4.601808318264014,3,4,1,4,4,16,3.05,검토,3
3121,3121.가좌삼거리,14899,2025-06-01,2026-06-30,0.13383448553594202,0.2845828579099268,0.2729713403584133,0.2265252701523592,서대문구,북가좌동 487-1,37.57065201,126.91298676,2020-04-08 00:00:00,15.0,QR,395,37.71898734177215,2.5145991561181433,4,2,3,4,3,16,3.05,검토,3
1063,1063.강동롯데캐슬퍼스트 아파트(관리동),5890,2025-06-01,2026-06-30,0.25585738539898134,0.24210526315789474,0.33276740237691,0.16146010186757215,강동구,강동구 고덕로 131,37.55666351,127.14273834,2020-01-13 00:00:00,10.0,QR,395,14.91139240506329,1.491139240506329,2,5,2,5,2,16,3.05,검토,0
453,453. 종로오가 지하쇼핑센터 14번출구,14658,2025-06-01,2026-06-30,0.1255969436485196,0.2912402783462955,0.21435393641697367,0.1689862191294856,종로구,서울특별시 종로구 종로 지하 200 종로5가 지하쇼핑센터 14번출구,37.57114029,127.00067139,2018-08-31 00:00:00,10.0,LCD,395,37.10886075949367,3.710886075949367,4,2,3,2,4,15,3.05,검토,3
1081,1081.트레빌빌딩,20366,2025-06-01,2026-06-30,0.14573308455268585,0.2810075616223117,0.27251301188254934,0.2553275066286949,강동구,천호동451-20,37.53699875,127.12953186,2020-01-09 00:00:00,20.0,QR,395,51.55949367088608,2.577974683544304,4,2,3,4,3,16,3.05,검토,3
5323,5323. 하계역 4번출구 앞,15899,2025-06-01,2026-06-30,0.14743065601610164,0.2939178564689603,0.24001509528901188,0.2222152336624945,노원구,노원구 섬밭로196,37.63534546,127.06752777,2023-08-16 00:00:00,13.0,QR,395,40.25063291139241,3.0962025316455697,4,2,3,2,4,15,3.05,검토,3
5774,5774. 가락본동주민센터 인근,16164,2025-06-01,2026-06-27,0.14748824548379114,0.2796337540212819,0.22061370947785203,0.20687948527592182,송파구,송파구 가락동 100-2,37.49428558,127.1217041,2023-04-28 00:00:00,10.0,QR,392,41.234693877551024,4.123469387755103,4,2,3,2,4,15,3.05,검토,3
3656,3656. 둔촌푸르지오아파트,19667,2025-06-01,2026-06-30,0.18960695581430823,0.24263995525499568,0.2789444246707683,0.19133574007220217,강동구,명일로 172,37.53407288,127.14500427,2021-04-15 00:00:00,20.0,QR,395,49.789873417721516,2.489493670886076,4,3,2,4,3,16,3.05,검토,3
1305,1305. 성북구청,17718,2025-06-01,2026-06-30,0.1538548368890394,0.25589795688000905,0.2623320916582007,0.21153629077774014,성북구,서울특별시 성북구 보문로 168 성북구청,37.58932877,127.01643372,2017-08-03 15:10:47,15.0,LCD,395,44.85569620253165,2.990379746835443,4,3,2,4,3,16,3.05,검토,3
1259,1259. 방이역 1번출구,20861,2025-06-01,2026-06-30,0.13498873495997316,0.29102152341690235,0.26834763434159437,0.21384401514788362,송파구,서울특별시 송파구 오금동 17-20,37.50898361,127.12659454,2017-11-01 16:00:00,20.0,LCD,395,52.812658227848104,2.640632911392405,4,2,3,4,3,16,3.05,검토,3
635,635. 시조사 앞,16379,2025-06-01,2026-06-30,0.19347945540020758,0.21869467000427376,0.23444654740826668,0.24415409976189023,동대문구,서울특별시 동대문구 이문로1길 11 시조사 앞 (청량고정문 옆),37.58751678,127.05277252,2016-07-06 12:00:00,12.0,LCD,395,41.46582278481013,3.455485232067511,4,4,1,2,4,15,3.05,검토,3
574,574. 아차산역4번출구,27663,2025-06-01,2026-06-30,0.18750677800672377,0.26117919242309223,0.27014423598308207,0.17626432418754293,광진구,서울특별시 광진구 능동로 216 아차산역4번출구,37.55184937,127.08898163,2016-07-06 12:00:00,45.0,QR,395,70.03291139240507,1.5562869198312237,5,3,2,4,2,16,3.05,검토,3
3103,3103. 홍제삼거리 북측,10152,2025-06-01,2026-06-30,0.1483451536643026,0.272655634357762,0.2779747832939322,0.2988573680063042,서대문구,서대문구 홍제동 161-1,37.58670044,126.94676971,2018-10-12 00:00:00,8.0,LCD,395,25.70126582278481,3.212658227848101,3,2,3,4,4,16,3.05,검토,3
4857,4857. 올림픽공원 장미광장,8580,2025-06-01,2026-06-30,0.1332167832167832,0.355011655011655,0.3543123543123543,0.1583916083916084,송파구,방이동 88-18,37.51275635,127.126297,2021-01-19 00:00:00,15.0,QR,395,21.72151898734177,1.4481012658227848,2,2,5,5,2,16,3.05,검토,3
984,984.상신초등학교앞 버스정류장,11224,2025-06-01,2026-06-30,0.23048823948681396,0.20420527441197434,0.26799714896650034,0.20589807555238773,은평구,서울특별시 은평구 가좌로 316 상신교회,37.59580994,126.91026306,2020-04-10 00:00:00,9.0,QR,395,28.41518987341772,3.1572433192686358,3,4,1,4,4,16,3.05,검토,0
6176,6176. 유광사 여성병원 앞,10313,2025-06-01,2026-06-30,0.18161543682730535,0.2599631533016581,0.26180548821875305,0.24570929894308155,강서구,강서구 강서로 194,37.5434494,126.83891296,2024-09-07 00:00:00,7.0,QR,395,26.10886075949367,3.7298372513562383,3,3,2,4,4,16,3.05,검토,3
4823,4823. 방정환교육지원센터 옆,12377,2025-06-01,2026-06-30,0.13727074412216209,0.273410357921952,0.27187525248444694,0.2704209420699685,중랑구,서울특별시 중랑구 중랑구 망우로 325(상봉동),37.59780884,127.08844757,2021-08-17 00:00:00,8.0,QR,395,31.33417721518987,3.916772151898734,3,2,3,4,4,16,3.05,검토,3
220,220. 미성아파트 A동 앞,18264,2025-06-01,2026-06-30,0.13989268506351293,0.3742882172579939,0.1963425317564608,0.12686158563293912,영등포구,서울특별시 영등포구 의사당대로 110,37.5193634,126.92604828,2015-09-17 15:18:07,30.0,QR,395,46.2379746835443,1.54126582278481,4,2,5,1,2,14,3.05,검토,2
4313,4313. 반포종합운동장,7228,2025-06-01,2026-06-30,0.12562257885998893,0.37368566685113447,0.292612064194798,0.1701715550636414,서초구,반포동15-2,37.49979782,126.99646759,2021-02-19 00:00:00,10.0,QR,395,18.29873417721519,1.8298734177215192,2,2,5,5,2,16,3.05,검토,3
3880,3880. 홍련봉 공원,8066,2025-06-01,2026-06-30,0.2334490453756509,0.26655095462434913,0.2972972972972973,0.1576989833870568,광진구,서울특별시 광진구 광진구 천호대로 717-18,37.54896927,127.09352875,2021-05-18 00:00:00,13.0,QR,395,20.42025316455696,1.5707887049659202,2,4,3,5,2,16,3.05,검토,0
1431,1431. 중랑구청 사거리,12763,2025-06-01,2026-06-30,0.07952675703204576,0.32053592415576276,0.274386899631748,0.32508031027187967,중랑구,서울특별시 중랑구 봉화산로 194 중랑구 신내동 561,37.60649872,127.09545135,2017-06-22 10:38:13,10.0,LCD,395,32.311392405063295,3.2311392405063293,3,1,4,4,4,16,3.05,검토,3
4083,4083.도봉아이나라도서관 앞,13999,2025-06-01,2026-06-30,0.2248732052289449,0.22037288377741268,0.22808772055146795,0.19172798057004073,도봉구,서울특별시 도봉구 창동 808-3,37.65898895,127.04973602,2021-12-15 00:00:00,8.0,QR,395,35.44050632911392,4.43006329113924,4,4,1,2,4,15,3.05,검토,0
3113,3113. 독립문 앞,7766,2025-06-01,2026-06-30,0.31509142415658,0.24748905485449396,0.31444759206798867,0.1447334535153232,서대문구,현저동 935,37.57220459,126.95974731,2020-02-11 00:00:00,15.0,QR,395,19.660759493670888,1.3107172995780592,2,5,2,5,2,16,3.05,검토,0
4636,4636. 용산구꿈나무종합타운 앞,10501,2025-06-01,2026-06-30,0.14722407389772402,0.29244833825349964,0.26254642415008095,0.19817160270450435,용산구,서울특별시 용산구 원효로2가 1-73,37.53786087,126.96565247,2022-06-08 00:00:00,8.0,QR,395,26.58481012658228,3.323101265822785,3,2,3,4,4,16,3.05,검토,3
1526,1526. 강북종합시장 앞,10582,2025-06-01,2026-06-30,0.17057267057267056,0.23832923832923833,0.2643167643167643,0.2886032886032886,강북구,서울특별시 강북구 수유동 140 수유동 채선당앞,37.64173889,127.02462769,2017-11-01 16:00:00,8.0,LCD,395,26.78987341772152,3.34873417721519,3,3,2,4,4,16,3.05,검토,3
3860,3860. 건국대학교 정문 앞,18403,2025-06-01,2026-06-30,0.13823833070694996,0.26729337607998693,0.23387491169917948,0.2301255230125523,광진구,서울특별시 광진구 광진구 광나루로 416,37.5465126,127.07571411,2020-12-09 00:00:00,10.0,QR,395,46.58987341772152,4.658987341772152,4,2,3,2,4,15,3.05,검토,3
4589,4589. KRX한국거래소(1),13861,2025-06-01,2026-06-30,0.12769641440011542,0.3487482865594113,0.17740422768919992,0.08541952240098118,영등포구,영등포구 여의나루로 76,37.52347946,126.92711639,2021-07-23 00:00:00,18.0,QR,395,35.09113924050633,1.949507735583685,4,2,5,1,2,14,3.05,검토,2
2271,2271. 내방역 8번출구 앞,9062,2025-06-01,2026-06-30,0.12315162215846391,0.3209004634738468,0.25844184506731405,0.19929375413815933,서초구,서울특별시 서초구 방배로 162,37.48802185,126.99411774,2017-11-01 16:00:00,8.0,LCD,395,22.941772151898736,2.867721518987342,3,2,4,3,3,15,3.0000000000000004,검토,3
4212,4212. 한화오벨리스크 앞,9776,2025-06-01,2026-06-30,0.2784369885433715,0.22422258592471359,0.25572831423895254,0.18279459901800327,마포구,마포구 상암동 1758,37.58332062,126.88156128,2020-12-02 00:00:00,10.0,QR,395,24.749367088607595,2.4749367088607594,3,5,1,3,3,15,3.0000000000000004,검토,0
3707,3707. 드래곤타워 앞,9643,2025-06-01,2026-06-30,0.2005599917038266,0.23716685678730687,0.25209996888934977,0.21248574095198589,강북구,서울특별시 강북구 도봉로 348-1 구두수선대-15,37.63713455,127.0313797,2020-11-04 00:00:00,10.0,QR,395,24.4126582278481,2.44126582278481,3,4,2,3,3,15,3.0000000000000004,검토,0
4689,4689. 은평서해그랑블아파트앞,9707,2025-06-01,2026-06-30,0.2653755022148965,0.2089213969300505,0.2588853404759452,0.12990625321932625,은평구,은평구 서오릉로 253,37.61705017,126.90658569,2022-11-18 00:00:00,10.0,QR,395,24.5746835443038,2.4574683544303797,3,5,1,3,3,15,3.0000000000000004,검토,0
2427,2427.개포고등학교 정문앞,9584,2025-06-01,2026-06-30,0.16350166944908182,0.2742070116861436,0.2528171953255426,0.18290901502504173,강남구,강남구 개포로402,37.48485184,127.0583725,2020-02-18 00:00:00,10.0,QR,395,24.263291139240508,2.4263291139240506,3,3,3,3,3,15,3.0000000000000004,검토,3
4867,4867. 가락대림아파트 앞,11611,2025-06-01,2026-06-30,0.2165188183618982,0.2581173025579192,0.24442339161140297,0.18069072431315134,송파구,송파구 가락동 94-9,37.5000267,127.11843109,2021-04-28 00:00:00,10.0,QR,395,29.394936708860758,2.9394936708860757,3,4,2,3,3,15,3.0000000000000004,검토,0
1068,1068.명일파출소,10866,2025-06-01,2026-06-30,0.11743051720964476,0.29679734953064607,0.24940180379164367,0.15433462175593596,강동구,동남로 895,37.5536499,127.15622711,2020-01-14 00:00:00,10.0,QR,395,27.508860759493672,2.750886075949367,3,2,4,3,3,15,3.0000000000000004,검토,3
4208,4208. 스타벅스(동교동) 앞,11283,2025-06-01,2026-06-30,0.04475759992909687,0.4045023486661349,0.25791013028449883,0.201808029779314,마포구,마포구 동교동 205-6,37.5566597,126.91986847,2020-12-03 00:00:00,10.0,QR,395,28.564556962025318,2.8564556962025316,3,1,5,3,3,15,3.0000000000000004,검토,3
3683,3683. KT&G강동지사,12046,2025-06-01,2026-06-30,0.19035364436327412,0.26996513365432506,0.24821517516187946,0.22646521666943384,강동구,양재대로 1544,37.5437088,127.14228058,2021-04-14 00:00:00,10.0,QR,395,30.49620253164557,3.049620253164557,3,3,3,3,3,15,3.0000000000000004,검토,3
673,673.안암골벽산아파트(후문),10658,2025-06-01,2026-06-30,0.15509476449615311,0.27125164195909174,0.25727153312066053,0.28232313754925875,동대문구,서울특별시 동대문구 약령시로 25 안암골 벽산아파트,37.58407974,127.03103638,2020-03-28 00:00:00,10.0,QR,395,26.98227848101266,2.698227848101266,3,3,3,3,3,15,3.0000000000000004,검토,3
2277,2277. 길마중4교 하부,12019,2025-06-01,2026-06-30,0.17929944254929694,0.2889591480156419,0.25584491222231465,0.20842000166403196,서초구,서울특별시 잠원동 84-3,37.51483917,127.01560211,2017-11-01 00:00:00,10.0,QR,395,30.427848101265823,3.0427848101265824,3,3,3,3,3,15,3.0000000000000004,검토,3
1178,1178. 개화산역 2번 출구,11504,2025-06-01,2026-06-30,0.1735048678720445,0.28372739916550765,0.2592141863699583,0.21149165507649514,강서구,강서구 양천로 22,37.57247162,126.8061676,2018-10-10 00:00:00,10.0,LCD,395,29.12405063291139,2.912405063291139,3,3,3,3,3,15,3.0000000000000004,검토,3
2105,2105. 미성동 신림체육센터,10436,2025-06-01,2026-06-30,0.1943273284783442,0.24444231506324263,0.2521080873898045,0.2448256036795707,관악구,서울특별시 관악구 난곡로 295,37.48025131,126.91460419,2017-05-12 11:52:13,12.0,LCD,395,26.42025316455696,2.20168776371308,3,4,2,3,3,15,3.0000000000000004,검토,3
2654,2654.올림픽선수촌아파트 136동 앞,9591,2025-06-01,2026-06-30,0.19841518089875926,0.23511625482222917,0.255760608904181,0.13502241684912938,송파구,양재대로 1218,37.50997543,127.13369751,2020-01-16 00:00:00,10.0,QR,395,24.281012658227848,2.428101265822785,3,4,2,3,3,15,3.0000000000000004,검토,0
586,586. 마장동 주민센터,10523,2025-06-01,2026-06-30,0.29848902404257344,0.1775159175140169,0.2592416611232538,0.12154328613513257,성동구,서울특별시 성동구 마장로42길 14 마장동 주민센터,37.56594086,127.0453949,2016-09-02 11:00:00,10.0,QR,395,26.640506329113926,2.6640506329113927,3,5,1,3,3,15,3.0000000000000004,검토,0
2012,2012. 대림사거리(동작상떼빌아파트),11287,2025-06-01,2026-06-30,0.1720563480109861,0.2937007176397626,0.24718702932577302,0.1926995658722424,동작구,서울특별시 동작구 시흥대로 634,37.48836136,126.90622711,2017-05-26 09:59:54,10.0,LCD,395,28.5746835443038,2.85746835443038,3,3,3,3,3,15,3.0000000000000004,검토,3
1322,1322. 래미안라센트아파트 103동 앞,10956,2025-06-01,2026-06-30,0.2710843373493976,0.17771084337349397,0.25593282219788244,0.15224534501642936,성북구,서울특별시 성북구 종암로3길 37-2 성북구 종암동 12-33,37.59806824,127.03927612,2017-04-26 14:55:02,10.0,LCD,395,27.736708860759492,2.773670886075949,3,5,1,3,3,15,3.0000000000000004,검토,0
4023,4023. 월계역 1번 출구,11736,2025-06-01,2026-06-30,0.15115882753919563,0.2764996591683708,0.2413940013633265,0.18907634628493525,노원구,서울특별시 노원구 월계동 263-6,37.63441086,127.05886841,2021-02-26 00:00:00,10.0,QR,395,29.71139240506329,2.971139240506329,3,3,3,3,3,15,3.0000000000000004,검토,3
4499,4499. 세양청마루 101동 앞,11364,2025-06-01,2026-06-30,0.27543118620204154,0.22932066173882434,0.25175994368180216,0.13023583245336148,송파구,송이로31길 66,37.49236679,127.1365509,2020-12-30 00:00:00,10.0,QR,395,28.769620253164558,2.876962025316456,3,5,1,3,3,15,3.0000000000000004,검토,0
2033,2033. 사당동 아르테스 웨딩앞,12094,2025-06-01,2026-06-30,0.1681825698693567,0.27236646270878123,0.2536795105010749,0.22854307921283282,동작구,서울특별시 동작구 동작대로 지하 3,37.48149109,126.98158264,2017-05-26 10:02:22,10.0,LCD,395,30.61772151898734,3.061772151898734,3,3,3,3,3,15,3.0000000000000004,검토,3
1560,1560. 도봉세무서 앞,9499,2025-06-01,2026-06-30,0.11138014527845036,0.3066638593536162,0.259290451626487,0.21318033477208126,강북구,서울특별시 강북구 도봉로 117 도봉세무서,37.6198082,127.02852631,2020-03-27 00:00:00,10.0,QR,395,24.048101265822783,2.4048101265822783,3,2,4,3,3,15,3.0000000000000004,검토,3
982,982. 녹번초등학교(서오릉로),9574,2025-06-01,2026-06-30,0.19500731146856068,0.26436181324420305,0.2601838312095258,0.19928974305410488,은평구,서울특별시 은평구 녹번동 81-27,37.60412598,126.92508698,2020-04-10 00:00:00,10.0,QR,395,24.237974683544305,2.4237974683544303,3,4,2,3,3,15,3.0000000000000004,검토,3
443,443.호암아트홀,2477,2025-06-01,2026-06-30,0.24586192975373436,0.40936616875252324,0.08155026241421073,0.07307226483649576,중구,서울특별시 중구 세종대로7길 57-1 구두수선대207 호암아트홀,37.5621109,126.97071838,2020-01-31 00:00:00,9.0,QR,395,6.270886075949367,0.6967651195499296,1,5,5,1,1,13,3.0000000000000004,검토,2
5335,5335. 하계역 1번 출구,10653,2025-06-01,2026-06-30,0.10203698488688633,0.34675678212710037,0.2441565756125035,0.19046278043743547,노원구,노원구 하계동 273-5,37.63789749,127.06760406,2024-04-11 00:00:00,13.0,QR,395,26.969620253164557,2.0745861733203506,3,1,5,3,3,15,3.0000000000000004,검토,3
5332,5332. 마들역 4번출구,12455,2025-06-01,2026-06-30,0.20915295062224007,0.24456041750301083,0.2518667201926937,0.19614612605379367,노원구,노원구 동일로 1449,37.66401672,127.05817413,2024-04-08 00:00:00,11.0,QR,395,31.531645569620252,2.8665132336018413,3,4,2,3,3,15,3.0000000000000004,검토,0
4281,4281.명지대사거리,5808,2025-11-03,2026-06-30,0.21986914600550964,0.23106060606060605,0.2599862258953168,0.15891873278236915,서대문구,서대문구 남가좌동 389-2,37.57701874,126.92015076,2025-11-03 00:00:00,10.0,QR,240,24.2,2.42,3,4,2,3,3,15,3.0000000000000004,검토,0
401,401. 상암월드컵파크 10단지 앞,12226,2025-06-01,2026-06-30,0.26149190250286275,0.21936855880909537,0.25216751185997055,0.08939964011123834,마포구,서울특별시 마포구 월드컵북로 502-36,37.58618927,126.88161469,2015-10-07 11:14:18,13.0,QR,395,30.951898734177217,2.3809152872444015,3,5,1,3,3,15,3.0000000000000004,검토,0
1016,1016. 해뜨는 주유소옆 리엔파크 109동앞,10841,2025-06-01,2026-06-30,0.1896504012544968,0.28244626879439166,0.25624942348491836,0.18863573471082004,강동구,서울특별시 강동구 상일로 152,37.55939865,127.17118073,2017-04-19 15:00:48,10.0,LCD,395,27.445569620253163,2.7445569620253165,3,3,3,3,3,15,3.0000000000000004,검토,3
2652,2652.송파 레미니스1단지 102동 앞,9108,2025-06-01,2026-06-30,0.26515151515151514,0.26613965744400525,0.24011857707509882,0.10463328941589811,송파구,오금동 96,37.50883102,127.13426208,2020-01-15 00:00:00,41.0,QR,395,23.058227848101264,0.5623958011732015,3,5,3,2,1,14,3.0000000000000004,검토,0
2308,2308. 압구정파출소 앞,11530,2025-06-01,2026-06-30,0.10485689505637467,0.3437987857762359,0.2556808326105811,0.17944492627927147,강남구,서울특별시 강남구 압구정로 311,37.52930069,127.03559875,2017-06-13 10:41:51,14.0,LCD,395,29.189873417721518,2.08499095840868,3,1,5,3,3,15,3.0000000000000004,검토,3
5860,5860. 어울림병원 앞,11301,2025-06-01,2026-06-30,0.2727192283868684,0.2076807362180338,0.25130519423059905,0.2075922484735864,영등포구,영등포로 384-1,37.51350021,126.92086792,2022-11-22 00:00:00,10.0,QR,395,28.610126582278482,2.8610126582278483,3,5,1,3,3,15,3.0000000000000004,검토,0
1606,1606. 태릉입구역 3번출구 ,17726,2025-06-01,2026-06-30,0.11192598442965136,0.2640753695137087,0.27293241566061155,0.32466433487532437,노원구,서울특별시 노원구 동일로 지하 992-1 노원구 공릉동 616-4,37.61917114,127.07492828,2017-05-08 14:05:58,10.0,LCD,395,44.87594936708861,4.487594936708861,4,2,2,4,4,16,3.0,검토,3
1628,1628. 노일초등학교 앞,8612,2025-06-01,2026-06-30,0.15281003251277286,0.26904319554110545,0.25034835113794707,0.20843009753831862,노원구,서울특별시 노원구 동일로 1652 노원구 상계동 1118-9,37.67361832,127.05525208,2017-06-22 13:25:26,5.0,LCD,395,21.80253164556962,4.360506329113924,2,3,3,3,4,15,3.0,검토,3
3408,3408.종로타워빌딩,14681,2025-06-01,2026-06-30,0.11477419794291942,0.33696614672025066,0.1560520400517676,0.10898440160751992,종로구,서울특별시 종로구 공평동 70-4,37.57070541,126.98323822,2020-02-10 00:00:00,13.0,QR,395,37.167088607594934,2.859006815968841,4,2,4,1,3,14,3.0,검토,2
3206,3206.문래동 주민센터,16089,2025-06-01,2026-06-30,0.14687053266206726,0.3307228541239356,0.1847846354652247,0.15339673068556156,영등포구,영등포구 문래동3가 55-6,37.51707077,126.899086,2020-03-04 00:00:00,15.0,QR,395,40.731645569620255,2.715443037974684,4,2,4,1,3,14,3.0,검토,2
4800,4800. 필동 삼거리,9271,2025-06-01,2026-06-30,0.12943587531010678,0.29694747060727,0.15888253694315607,0.15888253694315607,중구,서울특별시 중구 서애로 33 티엔에스빌딩,37.55969238,126.99648285,2022-03-07 00:00:00,5.0,QR,395,23.470886075949366,4.694177215189873,3,2,4,1,4,14,3.0,검토,2
440,440. 하늘공원 입구,10210,2025-06-01,2026-06-30,0.04838393731635651,0.4360430950048972,0.4890303623898139,0.09657198824681684,마포구,마포구 하늘공원로 108-2,37.57012177,126.88134766,2019-08-02 00:00:00,15.0,LCD,395,25.848101265822784,1.7232067510548523,3,1,5,5,2,16,3.0,검토,3
2648,2648.헬리오시티 112동 앞,14219,2025-06-01,2026-06-30,0.23749912089457767,0.25803502356002533,0.29995077009634996,0.17392221675223293,송파구,송파구 가락동 509-11,37.49469757,127.10464478,2020-01-17 00:00:00,30.0,QR,395,35.99746835443038,1.1999156118143461,4,4,2,5,1,16,3.0,검토,0
836,836. 현대자동차서비스 앞,10669,2025-06-01,2026-06-30,0.0880119973755741,0.40378667166557314,0.32233573905708124,0.19861280344924548,용산구,서울특별시 용산구 원효로 74 현대자동차서비스 앞,37.53142166,126.95149994,2017-12-22 14:21:30,15.0,LCD,395,27.01012658227848,1.8006751054852321,3,1,5,5,2,16,3.0,검토,3
2307,2307. 압구정 한양 3차 아파트,8346,2025-06-01,2026-06-30,0.0873472322070453,0.38581356338365685,0.2960699736400671,0.18499880182123174,강남구,서울특별시 강남구 압구정로 321,37.52838135,127.03901672,2017-06-13 10:40:39,10.0,LCD,395,21.129113924050632,2.112911392405063,2,1,5,5,3,16,3.0,검토,3
3510,3510. 중곡SK아파트앞,8117,2025-06-01,2026-06-30,0.23567820623383023,0.23272144881113713,0.28692866822717755,0.1785142293950967,광진구,서울특별시 광진구 용마산로32길 32 중곡SK아파트앞,37.56864929,127.08625031,2018-03-23 14:03:28,10.0,LCD,395,20.549367088607596,2.0549367088607595,2,4,2,5,3,16,3.0,검토,0
181,181. 망원초록길 입구,11406,2025-06-01,2026-06-30,0.08127301420305102,0.3541118709451166,0.40163072067332983,0.20997720497983519,마포구,서울특별시 마포구 마포나루길 467,37.55134201,126.90267181,2016-07-06 12:00:00,15.0,LCD,395,28.87594936708861,1.9250632911392407,3,1,5,5,2,16,3.0,검토,3
1354,1354. 고려대학교 2번출구,18184,2025-06-01,2026-06-30,0.12857457105147382,0.31126264848218216,0.19962604487461505,0.20424549054113506,성북구,서울특별시 성북구 종암로 지하 1 고려대학교 2번출구,37.5907135,127.03619385,2017-11-28 11:51:23,22.0,LCD,395,46.03544303797468,2.0925201380897582,4,2,4,1,3,14,3.0,검토,3
249,249. 여의도중학교 옆,12449,2025-06-01,2026-06-30,0.08763756124989959,0.36565185958711544,0.4077435938629609,0.1910193589846574,영등포구,서울특별시 영등포구 여의도동 8,37.52434921,126.93611908,2016-06-29 12:00:00,16.0,QR,395,31.51645569620253,1.9697784810126582,3,1,5,5,2,16,3.0,검토,3
2348,2348. 포스코사거리(기업은행),20409,2025-06-01,2026-06-30,0.07761281787446715,0.5157528541329806,0.10456171296976824,0.09495810671762457,강남구,서울특별시 강남구 테헤란로 501,37.50723267,127.05685425,2017-06-13 10:49:59,23.0,QR,395,51.66835443037974,2.2464501926252063,4,1,5,1,3,14,3.0,검토,2
2276,2276. 영동1교 (양재천근린공원),10831,2025-06-01,2026-06-30,0.14089188440587203,0.33200997137845073,0.32056135167574556,0.17745360539193056,서초구,서울특별시 양재동 261-23,37.47438812,127.03890228,2017-11-01 16:00:00,15.0,LCD,395,27.42025316455696,1.8280168776371306,3,2,4,5,2,16,3.0,검토,3
1193,1193. 마곡센트럴타워 1차,32767,2025-06-01,2026-06-30,0.03509628589739677,0.4281136509292886,0.17511520737327188,0.19724112674336985,강서구,강서구 마곡동 727-1136,37.55947113,126.83207703,2018-11-20 00:00:00,51.0,"LCD,QR",395,82.95443037974684,1.6265574584264086,5,1,5,1,2,14,3.0,검토,2
3552,3552.서울숲 공영주차장앞,9673,2025-06-01,2026-06-30,0.04962266101519694,0.3631758503049726,0.4792722009717771,0.09438643647265585,성동구,서울특별시 성동구 성수동1가 719,37.54195786,127.04277039,2020-04-13 00:00:00,19.0,QR,395,24.48860759493671,1.2888740839440374,3,1,5,5,2,16,3.0,검토,3
3638,3638. 신청담나들목,5806,2025-06-01,2026-06-30,0.10006889424733034,0.3613503272476748,0.309507406131588,0.19686531174646918,강남구,강변오솔길,37.52796173,127.05162811,2021-06-01 00:00:00,5.0,QR,395,14.69873417721519,2.939746835443038,2,1,5,5,3,16,3.0,검토,3
5894,5894.영등포세무서,10628,2025-08-27,2026-06-30,0.10293564170116673,0.38784343244260444,0.18479488144523898,0.1514866390666165,영등포구,영등포구 선유로 243 영등포세무서 어린이집,37.53440094,126.8963089,2025-08-27 00:00:00,10.0,QR,308,34.506493506493506,3.4506493506493507,3,1,5,1,4,14,3.0,검토,2
809,809. 한남 유수지 복개주차장,8820,2025-06-01,2026-06-30,0.0891156462585034,0.36541950113378685,0.29444444444444445,0.23956916099773243,용산구,서울특별시 용산구 독서당로 18 한남 유수지 복개주차장,37.53016663,127.00743866,2016-06-29 12:00:00,10.0,QR,395,22.329113924050635,2.2329113924050636,2,1,5,5,3,16,3.0,검토,3
1530,1530. 광산사거리,17965,2025-06-01,2026-06-30,0.10926802115224046,0.2500974116337323,0.27748399666017254,0.289006401335931,강북구,서울특별시 강북구 노해로 87 광산사거리,37.64355087,127.0223465,2017-11-01 16:00:00,13.0,LCD,395,45.48101265822785,3.498539435248296,4,2,2,4,4,16,3.0,검토,3
5096,5096. LG사이언스파크 E14동,44505,2025-06-01,2026-06-30,0.09533760251657117,0.5800022469385462,0.021930120211212222,0.01707673295135378,강서구,마곡동 789-2,37.56349564,126.83583069,2023-07-19 00:00:00,57.0,QR,395,112.67088607594937,1.9766822118587608,5,1,5,1,2,14,3.0,검토,2
367,367. 독립문역 3-1번출구 ,14510,2025-06-01,2026-06-30,0.4720192970365265,0.19338387319090283,0.18476912474155754,0.11592005513439008,종로구,서울특별시 종로구 무악동 41-7 독립문역 3번출구 뒤,37.57415771,126.95851898,2016-06-01 14:30:00,13.0,QR,395,36.734177215189874,2.8257059396299904,4,5,1,1,3,14,3.0,검토,0
1385,1385.성신여대입구역 3번출구 앞,17565,2025-06-01,2026-06-30,0.12803871335041275,0.24326786222601765,0.2663820096783376,0.2970680330202106,성북구,서울특별시 성북구 동소문로 98 제일은행,37.59236526,127.01628876,2020-06-17 00:00:00,10.0,QR,395,44.46835443037975,4.446835443037974,4,2,2,4,4,16,3.0,검토,3
3646,3646. 선정릉역 4번 출구,5558,2025-06-01,2026-06-30,0.15221302626844188,0.3636200071968334,0.2114069809283915,0.1635480388629003,강남구,강남구 봉은사로 326,37.5097847,127.04277039,2021-08-03 00:00:00,7.0,QR,395,14.070886075949367,2.010126582278481,2,3,5,2,2,14,3.0,검토,2
654,654. 전농동 텃골공원,8217,2025-06-01,2026-06-30,0.21893635146647195,0.25386394061092854,0.2822197882438846,0.2062796641109894,동대문구,서울특별시 동대문구 사가정로 65 전농동 텃골공원,37.57762146,127.05210876,2017-11-28 11:39:15,10.0,LCD,395,20.80253164556962,2.0802531645569617,2,4,2,5,3,16,3.0,검토,0
4253,4253. 홍은도담도서관,7366,2025-06-01,2026-06-30,0.2860439858810752,0.18490361118653273,0.24993212055389627,0.18259571001900624,서대문구,서대문구 홍은동 11-7,37.60169601,126.94916534,2020-12-22 00:00:00,5.0,QR,395,18.648101265822785,3.729620253164557,2,5,1,3,4,15,3.0,검토,0
4639,4639. 동빙고근린공원,8758,2025-06-01,2026-06-30,0.09145923726878283,0.3427723224480475,0.4521580269467915,0.18234756793788537,용산구,서울특별시 용산구 용산동6가 69-170,37.51794052,126.98370361,2022-06-09 00:00:00,10.0,QR,395,22.172151898734178,2.217215189873418,2,1,5,5,3,16,3.0,검토,3
3987,3987. LG전자가산A와 가산테라타워 사이,12775,2025-06-01,2026-06-30,0.37917808219178084,0.22144814090019568,0.18371819960861058,0.15342465753424658,금천구,금천구 가산동 219-14,37.47520447,126.89012909,2023-03-10 00:00:00,10.0,QR,395,32.34177215189873,3.234177215189873,3,5,1,1,4,14,3.0,검토,0
506,506. 금호 어울림 아파트 앞,10487,2025-06-01,2026-06-30,0.07914560884905121,0.49089348717459713,0.17860207876418424,0.11709735863449985,성동구,서울특별시 성동구 광나루로 249 송정금호어울림 아파트 앞,37.54906082,127.05779266,2015-10-07 11:50:10,7.0,LCD,395,26.549367088607596,3.7927667269439422,3,1,5,1,4,14,3.0,검토,2
2524,2524.반포쇼핑타운 8동 앞,9018,2025-06-01,2026-06-30,0.07496118873364382,0.3520736305167443,0.28387669106231983,0.19516522510534487,서초구,서초구 신반포로 219 반포쇼핑타운,37.50735092,127.00801849,2020-02-21 00:00:00,15.0,QR,395,22.830379746835444,1.5220253164556963,3,1,5,5,2,16,3.0,검토,3
4591,4591. 신길자이아파트,11808,2025-06-01,2026-06-30,0.2534722222222222,0.2054539295392954,0.29014227642276424,0.13084349593495934,영등포구,"영등포구 가마산로79길19
(신길자이@ 104동 쪽)",37.50601196,126.91588593,2021-08-02 00:00:00,20.0,QR,395,29.89367088607595,1.4946835443037974,3,5,1,5,2,16,3.0,검토,0
510,510. 뚝도아리수정수센터 버스정류소 옆,11830,2025-06-01,2026-06-30,0.06863905325443787,0.4099746407438715,0.3873203719357565,0.17295012679628063,성동구,서울특별시 성동구 왕십리로11길 9 서울숲남문 버스정류소 옆,37.54122162,127.04380035,2015-10-07 11:55:30,15.0,QR,395,29.949367088607595,1.9966244725738396,3,1,5,5,2,16,3.0,검토,3
4585,4585. 국회6문,6318,2025-06-01,2026-06-30,0.030389363722697058,0.4142133586578031,0.3366571699905033,0.11997467553023108,영등포구,국회의사당 경내,37.53271866,126.91799164,2021-03-11 00:00:00,6.0,QR,395,15.99493670886076,2.6658227848101266,2,1,5,5,3,16,3.0,검토,3
2729,2729.넥센 유니버시티 앞,23110,2025-06-01,2026-06-30,0.08948507139766335,0.46049329294677627,0.14244915620943316,0.1823453050627434,강서구,강서구 마곡동 301-2,37.56948471,126.82809448,2020-03-13 00:00:00,30.0,QR,395,58.50632911392405,1.950210970464135,5,1,5,1,2,14,3.0,검토,2
1411,1411. 상봉시장앞 교차로 한성빌딩 앞,14438,2025-06-01,2026-06-30,0.1348524726416401,0.25211248095304056,0.2770466823659787,0.3118853026735005,중랑구,서울특별시 중랑구 면목로 456 중랑구 면목동 282-4,37.59254074,127.08673859,2017-06-27 15:12:03,10.0,LCD,395,36.551898734177215,3.6551898734177213,4,2,2,4,4,16,3.0,검토,3
1421,1421. 신내역 4번출구,6788,2025-06-01,2026-06-30,0.19254566882734236,0.3248379493223335,0.21154979375368296,0.15232763700648203,중랑구,서울특별시 중랑구 신내로 지하 232 신내역 4번출구,37.61246109,127.1033783,2017-04-26 15:07:19,13.0,LCD,395,17.184810126582278,1.3219084712755598,2,4,4,2,2,14,3.0,검토,2
4004,4004. 당고개입구오거리 당현천변,15763,2025-06-01,2026-06-30,0.14470595698788302,0.26168876482903003,0.2717122375182389,0.23751823891391233,노원구,서울특별시 노원구 서울 노원구 중계동 140-46,37.66260529,127.07557678,2021-03-03 00:00:00,10.0,QR,395,39.90632911392405,3.9906329113924053,4,2,2,4,4,16,3.0,검토,3
866,866.브라운스톤 남산아파트,8030,2025-06-01,2026-06-30,0.24084682440846825,0.25043586550435865,0.28717310087173104,0.15080946450809465,용산구,서울특별시 용산구 후암로 65 브라운스톤 남산아파트,37.551548,126.97686005,2020-03-30 00:00:00,10.0,QR,395,20.329113924050635,2.0329113924050635,2,4,2,5,3,16,3.0,검토,0
355,355. 서울사대부설초등학교 앞,15595,2025-06-01,2026-06-30,0.15787111253606925,0.2908624559153575,0.19871753767233089,0.14684193651811478,종로구,서울특별시 종로구 연건동 178-3 서울사대부속초교 앞,37.57650757,127.00245667,2016-06-01 14:30:00,15.0,QR,395,39.48101265822785,2.632067510548523,4,3,3,1,3,14,3.0,검토,2
4014,4014. 불암산역 3번 출구,8018,2025-06-01,2026-06-30,0.2120229483661761,0.23359940134696933,0.29408830132202546,0.22324769269144426,노원구,서울특별시 노원구 서울 노원구 상계로 305,37.67030334,127.07884216,2021-03-03 00:00:00,10.0,QR,395,20.29873417721519,2.029873417721519,2,4,2,5,3,16,3.0,검토,3
214,214. 금융감독원 앞,18556,2025-06-01,2026-06-30,0.03502910109937486,0.4970359991377452,0.07997413235611123,0.04666954084932098,영등포구,서울특별시 영등포구 여의대로 38,37.5230217,126.9208374,2015-09-17 15:14:52,21.0,QR,395,46.97721518987342,2.2370102471368294,4,1,5,1,3,14,3.0,검토,2
359,359. 원남동사거리,13118,2025-06-01,2026-06-30,0.11594755298063729,0.30088428114041776,0.2091019972556792,0.1491080957463028,종로구,서울특별시 종로구 율곡로 169 원남동사거리,37.57606125,126.99768066,2016-06-01 14:30:00,8.0,LCD,395,33.210126582278484,4.1512658227848105,3,2,4,1,4,14,3.0,검토,2
332,332. 을지로2가 사거리 남측,9537,2025-06-01,2026-06-30,0.1791968124148055,0.2808010904896718,0.14092481912551116,0.12278494285414701,중구,서울특별시 중구 을지로 100 을지로2가 사거리 남측,37.56599045,126.98779297,2015-10-07 12:25:45,5.0,QR,395,24.144303797468353,4.82886075949367,3,3,3,1,4,14,3.0,검토,2
4128,4128.  종암초등학교 뒤(새울센스빌),7411,2025-06-01,2026-06-30,0.1971393873971124,0.24598569693698555,0.24112805289434625,0.20698961003913102,동대문구,서울특별시 동대문구 약령시로 20 새울센스빌,37.58265686,127.03196716,2022-10-12 00:00:00,5.0,QR,395,18.762025316455695,3.752405063291139,2,4,2,3,4,15,3.0,검토,0
1395,1395.래미안장위포레카운티(102동),10703,2025-06-01,2026-06-30,0.22844062412407737,0.25151826590675513,0.2871157619359058,0.15696533682145192,성북구,서울특별시 성북구 장위동 143-12,37.61817932,127.05183411,2020-03-25 00:00:00,20.0,QR,395,27.09620253164557,1.3548101265822785,3,4,2,5,2,16,3.0,검토,0
550,550. 서울시설공단 앞,16677,2025-06-01,2026-06-30,0.10691371349763147,0.47454578161539845,0.11710739341608203,0.06673862205432632,성동구,서울특별시 성동구 마장동 610 서울시설공단 앞,37.57164001,127.03565979,2016-06-29 12:00:00,20.0,QR,395,42.220253164556965,2.1110126582278483,4,1,5,1,3,14,3.0,검토,2
544,544. 광남중학교,12333,2025-06-01,2026-06-30,0.23392524122273575,0.2368442390334874,0.34671207329927833,0.12738182113030083,광진구,서울특별시 광진구 광장동 561-15 광남중학교,37.54072952,127.10290527,2016-06-29 12:00:00,20.0,LCD,395,31.222784810126583,1.5611392405063291,3,4,2,5,2,16,3.0,검토,0
5783,5783.성내5교 2,5201,2025-08-25,2026-06-30,0.14766391078638724,0.3195539319361661,0.33628148432993654,0.1526629494328014,송파구,송파구 오금동 75-4,37.5018692,127.13741302,2025-08-25 00:00:00,7.0,QR,310,16.77741935483871,2.3967741935483873,2,2,4,5,3,16,3.0,검토,3
409,409. 누리꿈스퀘어 옆,22632,2025-06-01,2026-06-30,0.051343230823612585,0.48806998939554613,0.13940438317426654,0.07082891481088724,마포구,서울특별시 마포구 월드컵북로 396,37.57939911,126.88916016,2015-10-07 11:39:49,30.0,QR,395,57.29620253164557,1.909873417721519,5,1,5,1,2,14,3.0,검토,2
1809,1809. LG전자 별관동(호서대 벤처타워 맞은편),12884,2025-06-01,2026-06-30,0.09903756597330021,0.5085377212045948,0.08421297733623098,0.07676187519403911,금천구,서울특별시 금천구 가산디지털1로 63,37.47077942,126.88515472,2017-05-08 15:45:58,10.0,LCD,395,32.617721518987345,3.2617721518987346,3,1,5,1,4,14,3.0,검토,2
271,271. 샛강생태공원방문자센터 앞,7002,2025-06-01,2026-06-30,0.20037132247929162,0.3361896600971151,0.2300771208226221,0.13353327620679806,영등포구,서울특별시 영등포구 여의동로 48,37.51896286,126.9216156,2016-07-06 12:00:00,10.0,LCD,395,17.72658227848101,1.7726582278481011,2,4,4,2,2,14,3.0,검토,2
2231,2231. 삼성타운(삼성생명) A동 맞은편,17837,2025-06-01,2026-06-30,0.06974266973145708,0.465941582104614,0.15075405056904187,0.17233839771261983,서초구,서울특별시 서초구 서초대로 405,37.49691391,127.02496338,2017-06-01 10:32:48,17.0,LCD,395,45.15696202531645,2.6562918838421443,4,1,5,1,3,14,3.0,검토,2
3505,3505. 신양초교앞 교차로,10351,2025-06-01,2026-06-30,0.1183460535213989,0.2778475509612598,0.2904067239880205,0.268766302772679,광진구,서울특별시 광진구 능동로 42 신양초교앞 교차로,37.5352211,127.06839752,2017-11-01 12:40:55,12.0,LCD,395,26.20506329113924,2.1837552742616033,3,2,3,5,3,16,2.95,검토,3
6061,6061.충무아트센터,13472,2025-07-02,2026-06-30,0.1324228028503563,0.27969121140142517,0.20657660332541566,0.2606146080760095,중구,중구 퇴계로 387 충무아트센터,37.56538773,127.01522064,2025-07-02 00:00:00,10.0,QR,364,37.010989010989015,3.7010989010989013,4,2,3,1,4,14,2.95,검토,3
3803,3803. 남서울중학교,11009,2025-06-01,2026-06-30,0.205286583704242,0.22645108547552004,0.2467072395312926,0.2128258697429376,관악구,남부순환로1537,37.48313141,126.9213562,2021-02-01 00:00:00,7.0,QR,395,27.870886075949368,3.9815551537070526,3,4,1,3,4,15,2.95,검토,0
4539,4539. 목동7단지아파트 A상가,12314,2025-06-01,2026-06-30,0.14723079421796328,0.29421796329381195,0.25385739808348223,0.2264089654052298,양천구,양천구 목동로 212,37.52624512,126.86578369,2022-05-10 00:00:00,8.0,QR,395,31.174683544303797,3.8968354430379746,3,2,3,3,4,15,2.95,검토,3
4527,4527. 목동신시가지아파트6단지,29561,2025-06-01,2026-06-30,0.12178207773755963,0.2250262169750685,0.21629850140387674,0.16599573762727918,양천구,양천구 목동동로 430(6단지 상가동 앞),37.53684616,126.88475037,2021-04-23 00:00:00,15.0,QR,395,74.8379746835443,4.989198312236287,5,2,1,2,5,15,2.95,검토,1
519,519. 양지사거리,11022,2025-06-01,2026-06-30,0.1805479949192524,0.3052077662856106,0.232807113046634,0.21057884231536927,성동구,서울특별시 성동구 홍익동 590 양지사거리,37.56699371,127.02991486,2016-06-29 12:00:00,20.0,QR,395,27.90379746835443,1.3951898734177215,3,3,4,2,2,14,2.95,검토,3
621,621. 전농초등학교 건너편,7153,2025-06-01,2026-06-30,0.3187473787222145,0.23961973996924368,0.2379421221864952,0.16678316790157977,동대문구,서울특별시 동대문구 전농동 693-1,37.57489014,127.05353546,2016-07-06 12:00:00,8.0,QR,395,18.10886075949367,2.2636075949367087,2,5,2,2,3,14,2.95,검토,0
1430,1430. 중랑구청,12360,2025-06-01,2026-06-30,0.15048543689320387,0.31027508090614886,0.21537216828478964,0.16067961165048544,중랑구,서울특별시 중랑구 봉화산로 179 중랑구 신내동 662-1,37.60615158,127.09259796,2017-06-22 10:37:12,20.0,LCD,395,31.29113924050633,1.5645569620253164,3,3,4,2,2,14,2.95,검토,2
782,782.서남병원 후문,10178,2025-06-01,2026-06-30,0.27932796227156614,0.25191589703281586,0.22057378659854587,0.15671055217134996,양천구,양천구 신정이펜1로 20,37.51167297,126.83274078,2020-03-15 00:00:00,20.0,QR,395,25.767088607594935,1.2883544303797467,3,5,2,2,2,14,2.95,검토,0
4846,4846. 상봉동양엔파트 앞,9795,2025-06-01,2026-06-30,0.1532414497192445,0.2318529862174579,0.2539050535987749,0.3174068402246044,중랑구,중랑구 망우로 266,37.59527206,127.08213043,2024-10-10 00:00:00,7.0,QR,395,24.79746835443038,3.54249547920434,3,3,2,3,4,15,2.95,검토,3
2104,2104. 사당역 5번출구,11670,2025-06-01,2026-06-30,0.08114824335904028,0.3051413881748072,0.28286203941730936,0.3117395029991431,관악구,서울특별시 관악구 남현동 1060-12,37.47608948,126.98133087,2017-05-26 09:43:16,13.0,LCD,395,29.544303797468356,2.272638753651412,3,1,4,5,3,16,2.95,검토,3
2325,2325. 대치삼성아파트 앞 교차로,9105,2025-06-01,2026-06-30,0.07666117517847337,0.3185063152114223,0.28500823723228996,0.28841295991213617,강남구,서울특별시 강남구 도곡로 447,37.4986496,127.05931854,2017-06-13 14:56:18,10.0,LCD,395,23.050632911392405,2.3050632911392404,3,1,4,5,3,16,2.95,검토,3
2358,2358. 구룡초사거리 (현대아파트10동 앞 ),6536,2025-06-01,2026-06-30,0.2923806609547124,0.2541309669522644,0.2330171358629131,0.15406976744186046,강남구,서울특별시 강남구 개포로 303,37.48138428,127.05391693,2017-08-21 14:57:31,7.0,LCD,395,16.546835443037974,2.3638336347197106,2,5,2,2,3,14,2.95,검토,0
3558,3558.마장동 금호어울림APT앞,10192,2025-06-01,2026-06-30,0.16660125588697017,0.2449960753532182,0.2839481946624804,0.30631868131868134,성동구,서울특별시 성동구 마장동 336-11,37.56339645,127.04187012,2020-04-14 00:00:00,10.0,QR,395,25.80253164556962,2.5802531645569617,3,3,2,5,3,16,2.95,검토,3
925,925. 불광역 2번출구,10055,2025-06-01,2026-06-30,0.09557434112381899,0.339035305818001,0.252113376429637,0.23898557931377423,은평구,서울특별시 은평구 불광동 285-43 불광역 2번출구,37.60956573,126.93097687,2016-09-02 11:00:00,8.0,LCD,395,25.455696202531644,3.1819620253164556,3,1,4,3,4,15,2.95,검토,3
403,403. 부엉이공원 앞,12112,2025-06-01,2026-06-30,0.2059114927344782,0.2674207397622193,0.22729524438573315,0.18551849405548215,마포구,서울특별시 마포구 가양대로 189,37.58559036,126.88472748,2015-10-07 11:35:00,20.0,QR,395,30.663291139240506,1.5331645569620254,3,4,3,2,2,14,2.95,검토,0
806,806. 전자랜드 본관 앞,12653,2025-06-01,2026-06-30,0.1614636845016992,0.31518217023630757,0.21639136963565953,0.16454595748043943,용산구,서울특별시 용산구 한강로3가 16-8 전자랜드 본관 앞,37.5330658,126.96073151,2016-06-29 12:00:00,20.0,LCD,395,32.03291139240506,1.6016455696202532,3,3,4,2,2,14,2.95,검토,2
2658,2658.가락몰 업무동,18476,2025-06-01,2026-06-30,0.11030526087897813,0.2884823554882009,0.192628274518294,0.24117774410045464,송파구,가락동 600,37.49535751,127.11569214,2020-06-04 00:00:00,10.0,QR,395,46.7746835443038,4.6774683544303794,4,2,3,1,4,14,2.95,검토,3
4025,4025. 한천교 동편,9920,2025-07-01,2026-06-30,0.13074596774193548,0.290625,0.33356854838709676,0.19324596774193548,노원구,서울특별시 노원구 서울 노원구 공릉동 547-1,37.62533569,127.07019043,2021-03-04 00:00:00,10.0,QR,365,27.17808219178082,2.717808219178082,3,2,3,5,3,16,2.95,검토,3
3922,3922. 서울남부교정시설 앞,6714,2025-06-01,2026-06-30,0.21894548704200179,0.47989276139410186,0.19377420315758118,0.024128686327077747,구로구,구로구 천왕동 272,37.47715378,126.83985901,2022-05-18 00:00:00,16.0,QR,395,16.99746835443038,1.0623417721518988,2,4,5,1,1,13,2.95,검토,2
1368,1368. 성신여대입구 교차로,8213,2025-06-01,2026-06-30,0.201388043345915,0.2682332886886643,0.24047242177036407,0.1823937659807622,성북구,서울특별시 성북구 보문로34길 87 성신여대입구 교차로,37.59139633,127.02015686,2018-11-02 00:00:00,10.0,LCD,395,20.792405063291138,2.0792405063291137,2,4,3,2,3,14,2.95,검토,0
4423,4423.현대백화점 미아점,9390,2025-06-01,2026-06-30,0.2308839190628328,0.22917997870074547,0.3058572949946752,0.2,성북구,성북구 길음동 20-1,37.60884857,127.02845764,2023-01-05 00:00:00,10.0,QR,395,23.772151898734176,2.3772151898734175,3,4,1,5,3,16,2.95,검토,0
1127,1127. 화곡역 버스정류장,12410,2025-06-01,2026-06-30,0.1306204673650282,0.28654311039484287,0.25278001611603546,0.27929089443996774,강서구,서울특별시 강서구 화곡로 157,37.54098129,126.83854675,2017-04-24 09:51:28,10.0,LCD,395,31.417721518987342,3.141772151898734,3,2,3,3,4,15,2.95,검토,3
1266,1266. 문정동 글샘 공원,8006,2025-06-01,2026-06-30,0.13389957531851113,0.35523357481888584,0.23707219585311018,0.1261553834624032,송파구,서울특별시 송파구 문정동 627,37.47880936,127.12000275,2017-11-01 16:00:00,10.0,QR,395,20.26835443037975,2.026835443037975,2,2,5,2,3,14,2.95,검토,2
962,962. 은평뉴타운엘크루 앞,11463,2025-06-01,2026-06-30,0.04850388205530838,0.30838349472214954,0.29119776672773273,0.29739160778155804,은평구,서울특별시 은평구 진관2로 15-46 은평구 진관2로 15-46,37.63925934,126.91890717,2018-10-18 00:00:00,10.0,LCD,395,29.020253164556962,2.9020253164556964,3,1,4,5,3,16,2.95,검토,3
4826,4826. 홈플러스 면목점,10181,2025-06-01,2026-06-30,0.18367547392201158,0.2474216678125921,0.25164522149101265,0.20970435124251055,중랑구,서울특별시 중랑구 동일로 540,37.57984543,127.08242035,2021-08-28 00:00:00,8.0,QR,395,25.774683544303798,3.2218354430379748,3,3,2,3,4,15,2.95,검토,3
4792,4792. 퇴계로4가 교차로(중구청),15841,2025-06-01,2026-06-30,0.14052143172779497,0.27750773309765797,0.20901458241272647,0.21696862571807335,중구,서울특별시 중구 퇴계로 235 남산 센트럴 자이,37.5625267,126.9983139,2021-02-02 00:00:00,10.0,QR,395,40.10379746835443,4.010379746835443,4,2,3,1,4,14,2.95,검토,3
285,285. 콤텍시스템 앞,9747,2025-06-01,2026-06-30,0.1429157689545501,0.34010464758387193,0.22365856160870012,0.1393249204883554,영등포구,가마산로 343,37.49985886,126.89723969,2018-09-28 00:00:00,14.0,LCD,395,24.675949367088606,1.7625678119349004,3,2,5,2,2,14,2.95,검토,2
3690,3690. 강일역 4번출구,5638,2025-06-01,2026-06-30,0.21018091521816246,0.3893224547711955,0.17807733238737142,0.16211422490244767,강동구,강동구 강일동 736,37.55707169,127.17514038,2021-09-10 00:00:00,23.0,QR,395,14.273417721518987,0.6205833791964777,2,4,5,1,1,13,2.95,검토,2
4715,4715. 돈의문 박물관 마을,6587,2025-06-01,2026-06-30,0.19158949445878246,0.34537725823591925,0.14543798390769697,0.09397297707605891,종로구,서울특별시 종로구 새문안로 39-1 동서한의원,37.56883621,126.96955109,2021-08-18 00:00:00,15.0,QR,395,16.675949367088606,1.111729957805907,2,4,5,1,1,13,2.95,검토,2
2206,2206. 언남초등학교 앞,10816,2025-06-01,2026-06-30,0.28735207100591714,0.2325258875739645,0.2127403846153846,0.09023668639053255,서초구,서울특별시 서초구 헌릉로8길 42,37.45435715,127.06210327,2017-06-01 10:05:50,20.0,LCD,395,27.38227848101266,1.369113924050633,3,5,2,2,2,14,2.95,검토,0
1256,1256. 문정현대아파트 교차로,8310,2025-06-01,2026-06-30,0.17328519855595667,0.3025270758122744,0.2318892900120337,0.17833935018050542,송파구,서울특별시 송파구 문정동 3-2 ,37.49113083,127.12580872,2017-11-01 16:00:00,8.0,LCD,395,21.037974683544302,2.6297468354430378,2,3,4,2,3,14,2.95,검토,3
3649,3649. 구룡역 5번 출구,4715,2025-06-01,2026-06-30,0.3073170731707317,0.3255567338282078,0.17476139978791091,0.10095440084835632,강남구,개포동 181-1,37.48607635,127.05921936,2021-10-01 00:00:00,6.0,QR,395,11.936708860759493,1.989451476793249,1,5,4,1,2,13,2.95,검토,0
667,667.청량차도 육교 밑,6072,2025-06-01,2026-06-30,0.27322134387351776,0.2574110671936759,0.22974308300395258,0.15480895915678525,동대문구,서울특별시 동대문구 청량리동 49,37.58670807,127.04688263,2020-04-19 00:00:00,7.0,QR,395,15.372151898734177,2.1960216998191684,2,5,2,2,3,14,2.95,검토,0
3212,3212.신풍역 6번출구,12711,2025-06-01,2026-06-30,0.18424986232397136,0.24309653056407834,0.2429391865313508,0.27204783258594917,영등포구,영등포구 신풍로 43,37.50017166,126.91130829,2020-03-03 00:00:00,10.0,QR,395,32.17974683544304,3.217974683544304,3,3,2,3,4,15,2.95,검토,3
1171,1171. 염창동 새마을금고 건너편,12401,2025-06-01,2026-06-30,0.2369163777114749,0.21748246109184743,0.24627046205951134,0.1807918716232562,강서구,강서구 양천로 696,37.55004883,126.87316132,2018-10-04 00:00:00,8.0,LCD,395,31.394936708860758,3.9243670886075948,3,4,1,3,4,15,2.95,검토,0
298,298.KBS 연구동 건너편,6744,2025-06-01,2026-06-30,0.22701660735468565,0.38701067615658363,0.18816725978647686,0.13908659549228944,영등포구,영등포구 여의도동 1-877,37.52750778,126.91429901,2020-03-05 00:00:00,25.0,QR,395,17.073417721518986,0.6829367088607594,2,4,5,1,1,13,2.95,검토,2
1605,1605. 헬스케어,13795,2025-06-01,2026-06-30,0.13599130119608555,0.2951794128307358,0.2484233417905038,0.20579920260964119,노원구,서울특별시 노원구 월계로 378 노원구 월계동 321-4,37.63162231,127.06161499,2017-06-22 13:21:59,10.0,LCD,395,34.924050632911396,3.4924050632911396,3,2,3,3,4,15,2.95,검토,3
407,407. 마포구 육아종합지원센터,14526,2025-06-01,2026-06-30,0.14573867547845243,0.2848685116343109,0.19626875946578548,0.1194410023406306,마포구,서울특별시 마포구 상암산로1길 71,37.58063126,126.88367462,2015-10-07 11:38:35,8.0,QR,395,36.7746835443038,4.596835443037975,4,2,3,1,4,14,2.95,검토,2
1840,1840. 솔브레인이엔지 뒤편,6869,2025-06-01,2026-06-30,0.200611442713641,0.42393361479109043,0.11923132915999418,0.09724850778861552,금천구,서울특별시 가산동 219-18,37.47555161,126.88845825,2017-11-01 16:00:00,20.0,LCD,395,17.389873417721518,0.8694936708860759,2,4,5,1,1,13,2.95,검토,2
399,399. 서울역 센트럴 자이아파트,11371,2025-06-01,2026-06-30,0.31210975288013365,0.2542432503737578,0.2235511388620174,0.15759387916630024,중구,서울특별시 중구 만리재로 175 서울역 센트럴 자이아파트,37.55410767,126.96540833,2018-10-12 00:00:00,15.0,LCD,395,28.787341772151898,1.9191561181434598,3,5,2,2,2,14,2.95,검토,0
2185,2185. 대학동 고시촌,11997,2025-06-01,2026-06-30,0.17137617737767774,0.24989580728515462,0.28982245561390346,0.25789780778527965,관악구,서울특별시 관악구 신림로 97 밀라트,37.47046661,126.93865204,2019-09-26 00:00:00,10.0,LCD,395,30.372151898734177,3.0372151898734177,3,3,2,5,3,16,2.95,검토,3
1271,1271. 송파도서관,12839,2025-06-01,2026-06-30,0.08271672248617494,0.3208972661422229,0.2912999454786198,0.0896487265363346,송파구,서울특별시 송파구 동남로 263,37.49998474,127.13539124,2017-11-01 16:00:00,15.0,QR,395,32.50379746835443,2.1669198312236286,3,1,4,5,3,16,2.95,검토,3
1036,1036. 고덕동 주양쇼핑,11788,2025-06-01,2026-06-30,0.10196810315575161,0.30200203596878183,0.29250084832032575,0.24253478113335594,강동구,서울특별시 명일동 48-2,37.55199051,127.15331268,2017-11-01 16:00:00,10.0,LCD,395,29.843037974683543,2.984303797468354,3,1,4,5,3,16,2.95,검토,3
173,173. 서대문역 8번출구 앞,3840,2025-06-01,2026-06-30,0.19244791666666666,0.35546875,0.14479166666666668,0.09791666666666667,서대문구,서울특별시 서대문구 충정로2가 138,37.56477737,126.96614838,2016-06-29 12:00:00,8.0,LCD,395,9.721518987341772,1.2151898734177216,1,4,5,1,2,13,2.95,검토,2
5321,5321.불암아파트 앞,8023,2025-06-01,2026-06-30,0.18633927458556648,0.23607129502679797,0.2826872740869999,0.2758319830487349,노원구,노원구 상계동 107-1798,37.66751862,127.0791626,2023-02-10 00:00:00,5.0,QR,395,20.31139240506329,4.062278481012658,2,3,2,5,4,16,2.95,검토,3
4929,4929. 투썸플레이스 강남청담점 앞,5585,2025-06-01,2026-06-30,0.135183527305282,0.41181736794986573,0.21199641897940913,0.19301700984780662,강남구,강남구 도산대로 509,37.52464676,127.04914856,2023-07-20 00:00:00,6.0,QR,395,14.139240506329115,2.3565400843881856,2,2,5,2,3,14,2.95,검토,2
762,762. 오목로 무중력지대 앞,11248,2025-06-01,2026-06-30,0.07467994310099574,0.3357041251778094,0.2963193456614509,0.25809032716927455,양천구, 양천구 신목로 126,37.52474213,126.87766266,2018-09-27 00:00:00,10.0,LCD,395,28.475949367088607,2.8475949367088607,3,1,4,5,3,16,2.95,검토,3
1165,1165. 마곡중학교 후문,19708,2025-06-01,2026-06-30,0.23969961436979906,0.20707326973817738,0.2532474122183885,0.13999391110209053,강서구,서울특별시 강서구 마곡중앙5로 58,37.56844711,126.82164764,2017-12-08 09:00:54,20.0,LCD,395,49.89367088607595,2.494683544303798,4,4,1,3,3,15,2.9499999999999997,검토,0
4616,4616. 신용산지하차도 앞,8231,2025-06-01,2026-06-30,0.16753735876564207,0.32243955776940836,0.26874012878143605,0.2482079941683878,용산구,서울특별시 용산구 한강로3가 6,37.53248215,126.96411896,2020-10-30 00:00:00,15.0,QR,395,20.837974683544303,1.3891983122362868,2,3,4,4,2,15,2.9499999999999997,검토,3
2419,"2419.봉은사역 1,2번 출구 ",7840,2025-06-01,2026-06-30,0.14528061224489797,0.3410714285714286,0.2627551020408163,0.2209183673469388,강남구,봉은사로 601,37.51430893,127.05970001,2020-02-14 00:00:00,13.0,QR,395,19.848101265822784,1.5267770204479065,2,2,5,4,2,15,2.9499999999999997,검토,3
1426,1426. 면목도시개발아파트 1동 앞,6091,2025-06-01,2026-06-30,0.20571334756197668,0.2766376621244459,0.2748317189295682,0.16614677392874733,중랑구,서울특별시 중랑구 용마산로 지하 227 면목도시개발아파트 1동 앞,37.57358932,127.08682251,2017-04-26 15:10:32,10.0,LCD,395,15.420253164556962,1.5420253164556963,2,4,3,4,2,15,2.9499999999999997,검토,0
135,135. 명물길 원형무대 앞,5954,2025-06-01,2026-06-30,0.11689620423244877,0.368827678871347,0.2626805508901579,0.19868995633187772,서대문구,서대문구 창천동 31-69,37.55922699,126.93984222,2015-09-07 10:42:59,10.0,QR,395,15.073417721518988,1.5073417721518987,2,2,5,4,2,15,2.9499999999999997,검토,3
3986,3986.청년주택 독산동점,8700,2025-06-01,2026-06-30,0.4152873563218391,0.1945977011494253,0.21701149425287355,0.11482758620689655,금천구,금천구 범안로15길 21,37.46754074,126.89282227,2023-01-02 00:00:00,5.0,QR,395,22.025316455696203,4.405063291139241,2,5,1,2,4,14,2.9000000000000004,검토,0
1602,1602. 광운대역 앞,19639,2025-06-01,2026-06-30,0.10815214623962524,0.27552319364529765,0.24980905341412496,0.3039869647130709,노원구,서울특별시 노원구 석계로 98-2 노원구 월계동 412-1,37.62266159,127.06189728,2017-06-27 15:13:06,13.0,LCD,395,49.71898734177215,3.8245374878286267,4,1,3,3,4,15,2.9000000000000004,검토,3
1993,1993. 금강수목원아파트 앞,9097,2025-06-01,2026-06-30,0.23601187204572935,0.23447290315488623,0.24029899967022095,0.18225788721556557,구로구,구로구 오류동 255-5,37.48937988,126.834198,2018-09-19 00:00:00,10.0,LCD,395,23.030379746835443,2.3030379746835443,3,4,2,2,3,14,2.9000000000000004,검토,0
454,454. 종로2가 버스정류장 (종각방향),13297,2025-06-01,2026-06-30,0.11205535083101452,0.31759043393246594,0.21869594645408738,0.20260209069714974,종로구,서울특별시 종로구 종로 79-1 종로2가 버스정류장 (종각방향),37.57035828,126.98638153,2018-08-31 00:00:00,13.0,QR,395,33.663291139240506,2.589483933787731,3,2,4,2,3,14,2.9000000000000004,검토,3
374,374. 신당동주민센터앞,13417,2025-06-01,2026-06-30,0.12976075128568235,0.3068495192666021,0.227323544756652,0.1970634269956026,중구,서울특별시 중구 청구로 77 청구역 5.6호선,37.5604744,127.01407623,2016-06-15 09:30:00,12.0,LCD,395,33.96708860759494,2.8305907172995783,3,2,4,2,3,14,2.9000000000000004,검토,3
337,337. 창경궁 입구,8296,2025-06-01,2026-06-30,0.18044840887174543,0.279893924783028,0.218900675024108,0.09932497589199614,종로구,서울특별시 종로구 창경궁로 185 창경궁 입구,37.57897949,126.99647522,2015-10-07 12:29:40,5.0,QR,395,21.00253164556962,4.2005063291139235,2,3,3,2,4,14,2.9000000000000004,검토,0
1186,1186. 송정중학교,12691,2025-06-01,2026-06-30,0.26451816247734616,0.2229926719722638,0.22378063194389725,0.11606650382160587,강서구,강서구 공항동 1342,37.55472946,126.81609344,2018-10-10 00:00:00,15.0,LCD,395,32.129113924050635,2.1419409282700426,3,5,1,2,3,14,2.9000000000000004,검토,0
6178,6178. 마스터밸류에이스 지식산업센터,10230,2025-06-01,2026-06-30,0.10009775171065494,0.39100684261974583,0.22130987292277615,0.19648093841642228,강서구,강서구 양천로 547,37.55875015,126.85991669,2024-10-15 00:00:00,10.0,QR,395,25.89873417721519,2.589873417721519,3,1,5,2,3,14,2.9000000000000004,검토,2
3417,3417.창신3동주민센터,10906,2025-06-01,2026-06-30,0.21621125985695946,0.24362736108564093,0.23253255088941868,0.2271226847606822,종로구,서울특별시 종로구 창신동 23-825,37.57772446,127.01525116,2020-02-03 00:00:00,12.0,QR,395,27.610126582278482,2.30084388185654,3,4,2,2,3,14,2.9000000000000004,검토,0
1433,1433. 중화역 2번출구,16078,2025-06-01,2026-06-30,0.08153999253638512,0.287722353526558,0.2566861549944023,0.2818758552058714,중랑구,서울특별시 중랑구 동일로 지하 797 중랑구 중화동 50-3,37.60207748,127.07958221,2017-06-22 10:38:51,10.0,LCD,395,40.70379746835443,4.070379746835443,4,1,3,3,4,15,2.9000000000000004,검토,3
2242,2242.양재역 10번 출구 앞,9041,2025-06-01,2026-06-30,0.2567193894480699,0.294657670611658,0.1750912509678133,0.08516756995907532,서초구,서울특별시 서초구 남부순환로 지하 2585,37.48398972,127.03417969,2017-06-01 10:41:50,20.0,LCD,395,22.88860759493671,1.1444303797468354,3,5,3,1,1,13,2.9000000000000004,검토,0
1139,1139. 용문사 버스정류장,9264,2025-06-01,2026-06-30,0.25615284974093266,0.19699913644214162,0.21664507772020725,0.15630397236614854,강서구,서울특별시 강서구 등촌로 95,37.53852081,126.86343384,2017-04-24 10:02:58,8.0,LCD,395,23.453164556962026,2.9316455696202532,3,5,1,2,3,14,2.9000000000000004,검토,0
4803,4803. 상봉2동 주민센터 앞,11038,2025-06-01,2026-06-30,0.18680920456604458,0.22667149845986592,0.24234462764993658,0.2181554629461859,중랑구,서울특별시 중랑구 상봉동 126-42,37.59287262,127.0803299,2021-02-15 00:00:00,5.0,QR,395,27.944303797468354,5.588860759493671,3,3,1,3,5,15,2.9000000000000004,검토,3
4318,4318. 방배역 2번 출구,6402,2025-06-01,2026-06-30,0.13433302093095909,0.3259918775382693,0.2196188691034052,0.18338019368947203,서초구,방배동 981-16,37.48116684,126.99758911,2021-02-19 00:00:00,5.0,QR,395,16.207594936708862,3.2415189873417725,2,2,4,2,4,14,2.9000000000000004,검토,3
1828,1828. 독산동 한양수자인아파트 앞,10066,2025-06-01,2026-06-30,0.31174249950327837,0.1992847208424399,0.2123981720643751,0.1750447049473475,금천구,서울특별시 금천구 시흥대로150길 6,37.47531891,126.89888763,2017-05-08 16:04:16,10.0,LCD,395,25.48354430379747,2.5483544303797467,3,5,1,2,3,14,2.9000000000000004,검토,0
1214,1214. 오금역 7번 출구 인근,9156,2025-06-01,2026-06-30,0.2392966360856269,0.23197903014416776,0.21308431629532548,0.13248143294014852,송파구,서울특별시 송파구 오금로 지하 321,37.50259399,127.1276474,2017-05-26 10:16:20,10.0,LCD,395,23.179746835443037,2.317974683544304,3,4,2,2,3,14,2.9000000000000004,검토,0
3634,3634. 국악고교 앞 교차로,7387,2025-06-01,2026-06-30,0.21971030188168403,0.26221740896168944,0.23622580208474347,0.17909841613645594,강남구,논현로 34,37.47402191,127.04844666,2021-04-27 00:00:00,5.0,QR,395,18.70126582278481,3.740253164556962,2,4,2,2,4,14,2.9000000000000004,검토,0
3628,3628. 역삼1동 주민센터,10955,2025-06-01,2026-06-30,0.09456869009584665,0.3747147421268827,0.21433135554541305,0.19726152441807393,강남구,역삼로 7길 16,37.49521255,127.03302765,2021-02-24 00:00:00,10.0,QR,395,27.734177215189874,2.7734177215189875,3,1,5,2,3,14,2.9000000000000004,검토,2
3753,3753. 공항중학교 버스정류장,9033,2025-06-01,2026-06-30,0.288608435735636,0.22517436067751578,0.21498948300675302,0.09753127421676076,강서구,공항동9-12,37.56113434,126.81610107,2020-11-09 00:00:00,10.0,QR,395,22.868354430379746,2.2868354430379747,3,5,1,2,3,14,2.9000000000000004,검토,0
4175,4175. 대방역2번출구,9432,2025-06-01,2026-06-30,0.13369380831212893,0.3061916878710772,0.23462680237489397,0.19974554707379136,동작구,서울특별시 동작구노량진로10,37.51262665,126.92741394,2021-04-30 00:00:00,10.0,QR,395,23.878481012658227,2.387848101265823,3,2,4,2,3,14,2.9000000000000004,검토,3
2285,2285. LH서초3단지 301동 맞은편,4065,2025-06-01,2026-06-30,0.23370233702337023,0.3111931119311193,0.2934809348093481,0.11020910209102092,서초구,서울특별시 서초구 양재대로2길 33,37.45742416,127.02265167,2017-11-28 11:46:28,10.0,LCD,395,10.291139240506329,1.0291139240506328,1,4,4,5,1,15,2.9000000000000004,검토,0
656,656. 영휘원 교차로,11728,2025-06-01,2026-06-30,0.23652796725784447,0.2644099590723056,0.226381309686221,0.15322305593451568,동대문구,서울특별시 동대문구 홍릉로 78-1 영휘원 교차로,37.58723831,127.0431366,2018-10-22 00:00:00,10.0,LCD,395,29.691139240506327,2.9691139240506326,3,4,2,2,3,14,2.9000000000000004,검토,0
348,348. 독립문역 사거리,12220,2025-06-01,2026-06-30,0.3067103109656301,0.17299509001636662,0.21456628477905074,0.2099836333878887,종로구,서울특별시 종로구 교북동 10-1 독립문역 사거리,37.57202911,126.96078491,2016-06-01 14:30:00,14.0,LCD,395,30.936708860759495,2.209764918625678,3,5,1,2,3,14,2.9000000000000004,검토,0
5318,5318. 극동의 푸른별 아파트 뒤(중계4동주민센터 앞),10356,2025-06-01,2026-06-30,0.2858246427191966,0.16956353804557744,0.21388567014291232,0.1462920046349942,노원구,서울특별시 노원구 한글비석로14길 36 극동의푸른별 2차아파트,37.65868759,127.07759094,2022-10-11 00:00:00,10.0,QR,395,26.217721518987343,2.6217721518987345,3,5,1,2,3,14,2.9000000000000004,검토,0
867,867.서빙고역 광장(1번출구),4374,2025-06-01,2026-06-30,0.2014174668495656,0.3303612254229538,0.29515317786922723,0.16620941929583904,용산구,서울특별시 용산구 서빙고동 241-37,37.51990891,126.98923492,2020-04-07 00:00:00,10.0,QR,395,11.073417721518988,1.1073417721518988,1,4,4,5,1,15,2.9000000000000004,검토,3
750,750. 연의근린공원 건너편,9314,2025-06-01,2026-06-30,0.31447283659007946,0.21730727936439767,0.24071290530384368,0.15836375348937085,양천구,서울특별시 양천구 신정로7길 92,37.51215744,126.83562469,2018-02-26 11:37:37,10.0,LCD,395,23.57974683544304,2.357974683544304,3,5,1,2,3,14,2.9000000000000004,검토,0
740,740. 으뜸공원,11766,2025-06-01,2026-06-30,0.32882882882882886,0.22114567397586266,0.22828488866224717,0.15961244263131055,양천구,서울특별시 양천구 가로공원로 133,37.53636932,126.83171082,2017-11-01 16:00:00,10.0,LCD,395,29.787341772151898,2.97873417721519,3,5,1,2,3,14,2.9000000000000004,검토,0
5067,5067. 주원 리젠트 앞,9497,2025-06-01,2026-06-30,0.2654522480783405,0.19816784247657154,0.23259976834789933,0.16668421606823208,강서구,강서구 염창동 양천로699,37.55085754,126.87233734,2021-09-28 00:00:00,8.0,QR,395,24.043037974683543,3.005379746835443,3,5,1,2,3,14,2.9000000000000004,검토,0
5328,5328.롯데캐슬시그니처아파트 앞,10466,2025-06-01,2026-06-30,0.22577871201987387,0.24345499713357538,0.2406841200076438,0.1874641696923371,노원구,노원구 상계동 84-9,37.66475296,127.07600403000001,2023-11-08 00:00:00,10.0,QR,395,26.49620253164557,2.649620253164557,3,4,2,2,3,14,2.9000000000000004,검토,0
3539,3539. 서원마을,1943,2025-06-01,2026-06-30,0.16932578486875965,0.4076170869788986,0.3355635615028307,0.0941842511580031,강동구,암사동 117-3,37.56379318,127.13283539,2018-11-14 00:00:00,10.0,LCD,395,4.9189873417721515,0.49189873417721514,1,3,5,5,1,15,2.9000000000000004,검토,3
351,351. 청운초교 앞 삼거리,6049,2025-06-01,2026-06-30,0.2843445197553315,0.20234749545379402,0.23524549512316084,0.12514465200859645,종로구,서울특별시 종로구 청운동 108-22 청운초교 앞 삼거리,37.58496857,126.97041321,2016-06-01 14:30:00,5.0,LCD,395,15.313924050632911,3.0627848101265824,2,5,1,2,4,14,2.9000000000000004,검토,0
2082,2082.7호선 이수역7번출구,10674,2025-06-01,2026-06-30,0.11832490163012929,0.3321154206483043,0.23777403035413153,0.21678845793516957,동작구, 동작구 동작대로 89,37.4846077,126.98179626,2020-04-26 00:00:00,10.0,QR,395,27.02278481012658,2.702278481012658,3,2,4,2,3,14,2.9000000000000004,검토,3
1340,1340. 광운초등학교 앞,9728,2025-06-01,2026-06-30,0.34601151315789475,0.20867598684210525,0.22008634868421054,0.10433799342105263,성북구,서울특별시 성북구 장위동 134-27,37.61784363,127.05500031,2017-11-13 09:21:06,11.0,LCD,395,24.627848101265823,2.2388952819332566,3,5,1,2,3,14,2.9000000000000004,검토,0
2106,2106. 세이브마트,14588,2025-06-01,2026-06-30,0.17411571154373456,0.2020839045791061,0.2571976967370441,0.25226213326021385,관악구,서울특별시 관악구 난곡로 210,37.47372818,126.91840363,2017-05-12 11:53:01,12.0,LCD,395,36.93164556962025,3.0776371308016874,4,3,1,3,4,15,2.9000000000000004,검토,3
4278,4278. 홍은2동주민센터,5116,2025-06-01,2026-06-30,0.2718921032056294,0.28811571540265835,0.1772869429241595,0.08580922595777951,서대문구,서대문구 홍은동 334,37.58026886,126.93424988,2024-11-01 00:00:00,5.0,QR,395,12.951898734177215,2.590379746835443,1,5,3,1,3,13,2.9000000000000004,검토,0
2321,2321. 학여울역 사거리,4373,2025-06-01,2026-06-30,0.19871941458952663,0.30070889549508345,0.33112279899382574,0.1584724445460782,강남구,서울특별시 강남구 남부순환로 지하 3104,37.49611664,127.06944275,2017-06-13 14:28:40,10.0,LCD,395,11.070886075949367,1.1070886075949367,1,4,4,5,1,15,2.9000000000000004,검토,3
1110,1110. 공항중학교앞,13531,2025-06-01,2026-06-30,0.3418816052028675,0.1730101248983815,0.22016111152169093,0.10871332495750499,강서구,서울특별시 강서구 방화대로 241,37.56220245,126.81624603,2017-06-20 10:22:12,15.0,QR,395,34.255696202531645,2.283713080168776,3,5,1,2,3,14,2.9000000000000004,검토,0
2904,2904.중계3차청구아파트,15449,2025-06-01,2026-06-30,0.09935918182406628,0.26739594795779664,0.25619781215612664,0.334325846333096,노원구,서울특별시 노원구 중계로 233 청구3차아파트,37.65050507,127.07398224,2020-03-24 00:00:00,8.0,QR,395,39.11139240506329,4.8889240506329115,4,1,3,3,4,15,2.9000000000000004,검토,3
5329,5329. 상계주공15단지 1509동 앞,10750,2025-06-01,2026-06-30,0.24976744186046512,0.21916279069767441,0.22744186046511627,0.1749767441860465,노원구,노원구 동일로227길 26,37.66940308,127.05632019,2023-12-08 00:00:00,10.0,QR,395,27.21518987341772,2.721518987341772,3,5,1,2,3,14,2.9000000000000004,검토,0
1217,1217. 송파파인타운 7단지,10147,2025-06-01,2026-06-30,0.1598502020301567,0.29131763082684536,0.26865083275845075,0.16911402384941362,송파구,서울특별시 송파구 충민로4길 19,37.47930527,127.12979889,2017-04-24 13:31:21,15.0,LCD,395,25.68860759493671,1.7125738396624473,3,3,3,4,2,15,2.9,검토,3
2655,2655.송이공원,10223,2025-06-01,2026-06-30,0.20962535459258536,0.2500244546610584,0.2800547784407708,0.13205516971534775,송파구,송파동 169,37.50057983,127.11884308,2020-01-17 00:00:00,20.0,QR,395,25.88101265822785,1.2940506329113926,3,4,2,4,2,15,2.9,검토,0
2405,2405. 청담공원앞 교차로,8221,2025-06-01,2026-06-30,0.27393261160442767,0.27952803795158737,0.18720350322345214,0.14998175404452013,강남구,강남구 삼성동 111-44,37.51871109,127.05084991,2018-10-08 00:00:00,14.0,LCD,395,20.8126582278481,1.486618444846293,2,5,3,1,2,13,2.9,검토,0
634,634. 외국어대 정문 앞,23775,2025-06-01,2026-06-30,0.10876971608832807,0.26771819137749736,0.25110410094637226,0.2874868559411146,동대문구,서울특별시 동대문구 이문로 107 외국어대 정문 앞,37.59601974,127.05982971,2016-07-06 12:00:00,24.0,LCD,395,60.18987341772152,2.5079113924050636,5,1,3,3,3,15,2.9,검토,3
4874,4874. 탄천1교 하부보도,8181,2025-06-01,2026-06-30,0.2764943160982765,0.21501038992788168,0.2716049382716049,0.1265126512651265,송파구,송파구 잠실동 348,37.50117111,127.08516693,2021-08-26 00:00:00,10.0,QR,395,20.71139240506329,2.071139240506329,2,5,1,4,3,15,2.9,검토,0
2703,2703.서울도시가스 앞 ,12969,2025-06-01,2026-06-30,0.14681162772765827,0.3231552162849873,0.27079959904387385,0.2409592104248593,강서구,강서구 공항대로 607 ,37.54748535,126.87202454,2020-03-16 00:00:00,20.0,QR,395,32.832911392405066,1.6416455696202532,3,2,4,4,2,15,2.9,검토,3
2252,2252. 잔디마을 마을버스 정류장,16424,2025-06-01,2026-06-30,0.06648806624452021,0.3795056015586946,0.22101802240623478,0.09796639064783244,서초구,서울특별시 서초구 매헌로 16,37.46332169,127.03604126,2017-06-24 09:58:53,25.0,QR,395,41.57974683544304,1.6631898734177215,4,1,5,2,2,14,2.9,검토,2
4797,4797. KG타워 앞,8656,2025-06-01,2026-06-30,0.17814232902033272,0.34450092421441775,0.1583872458410351,0.12696395563770796,중구,서울특별시 중구 통일로 92 케이지타워,37.56339645,126.96894073,2021-06-01 00:00:00,13.0,QR,395,21.91392405063291,1.6856864654333008,2,3,5,1,2,13,2.9,검토,2
1464,1464.중화역 4번출구,10298,2025-06-01,2026-06-30,0.1248786172072247,0.3120994367838415,0.27519906778015146,0.2274228005437949,중랑구,서울특별시 중랑구 동일로 815,37.60305405,127.07900238,2020-04-21 00:00:00,15.0,QR,395,26.070886075949367,1.7380590717299578,3,2,4,4,2,15,2.9,검토,3
186,186. 월드컵공원,30172,2025-06-01,2026-06-30,0.04925096115603871,0.28417075434177386,0.5353970568739228,0.07715762959034866,마포구,서울특별시 마포구 하늘공원로 108-1,37.56396484,126.89820862,2016-07-06 12:00:00,40.0,QR,395,76.38481012658228,1.909620253164557,5,1,3,5,2,16,2.9,검토,3
3647,3647. 구룡역 1번 출구,5565,2025-06-01,2026-06-30,0.241329739442947,0.3108715184186882,0.16298292902066486,0.1326145552560647,강남구,개포동 175-3,37.48642349,127.05931854,2021-10-01 00:00:00,10.0,QR,395,14.08860759493671,1.4088607594936708,2,4,4,1,2,13,2.9,검토,0
711,711. 신일해피트리아파트 앞,14135,2025-06-01,2026-06-30,0.2877255040679165,0.21627166607711354,0.23318004952246196,0.11050583657587548,양천구,서울특별시 양천구 신월동 1063-4,37.51705933,126.84848785,2016-06-29 12:00:00,20.0,LCD,395,35.78481012658228,1.789240506329114,4,5,1,2,2,14,2.9,검토,0
553,553. 중곡 성원아파트 앞,11744,2025-06-01,2026-06-30,0.17149182561307902,0.2836341961852861,0.26958446866485014,0.26294277929155313,광진구,서울특별시 광진구 동일로 459 중곡 성원APT 앞,37.57125473,127.07980347,2016-07-06 12:00:00,19.0,LCD,395,29.73164556962025,1.5648234510326449,3,3,3,4,2,15,2.9,검토,3
2227,2227.방배열린문화센터 앞,8673,2025-06-01,2026-06-30,0.19578000691802144,0.33079672546984895,0.179292055805373,0.16441830969676005,서초구,서울특별시 서초구 서초대로 지하 103,37.48905182,126.99252319,2017-06-01 10:26:55,15.0,LCD,395,21.956962025316457,1.4637974683544306,2,4,4,1,2,13,2.9,검토,2
2212,2212.서초현대4차아파트 201동 맞은편,9986,2025-06-01,2026-06-30,0.24824754656519127,0.21570198277588623,0.26987782896054474,0.15421590226316845,서초구,서울특별시 서초구 고무래로 94,37.50065231,127.01861572,2017-06-01 10:16:54,14.0,LCD,395,25.281012658227848,1.8057866184448463,3,5,1,4,2,15,2.9,검토,0
3694,3694. 강동리엔파크 13단지(1303동 앞),8452,2025-06-01,2026-06-30,0.3077378135352579,0.27094178892569803,0.1756980596308566,0.12257453857075248,강동구,강동구 상일동 34,37.55302811,127.18075562,2021-11-05 00:00:00,14.0,QR,395,21.39746835443038,1.528390596745027,2,5,3,1,2,13,2.9,검토,0
2195,2195.은천교회,11899,2025-06-01,2026-06-30,0.261030338683923,0.20615177746029079,0.2813681822001849,0.21531221111017732,관악구,남부순환로 1654,37.48464584,126.93450928,2020-04-27 00:00:00,15.0,QR,395,30.12405063291139,2.0082700421940927,3,5,1,4,2,15,2.9,검토,0
2013,2013. 장승배기역 5번출구,14007,2025-06-01,2026-06-30,0.1587063611051617,0.2817162847147855,0.2732919254658385,0.21903334047262082,동작구,서울특별시 동작구 상도로 지하 188,37.50585175,126.93936157,2017-05-12 11:00:03,30.0,LCD,395,35.460759493670885,1.1820253164556962,4,3,3,4,1,15,2.9,검토,3
4307,4307. 고투몰 gate 15옆,8638,2025-06-01,2026-06-30,0.1839546191247974,0.2715906459828664,0.2725167862931234,0.1603380412132438,서초구,반포동20-45,37.50723267,127.00945282,2021-02-22 00:00:00,10.0,QR,395,21.868354430379746,2.1868354430379746,2,3,3,4,3,15,2.9,검토,0
1401,1401. 극동늘푸른아파트,17062,2025-06-01,2026-06-30,0.10368069393974914,0.2880084398077599,0.3145000586097761,0.3011370296565467,중랑구,서울특별시 중랑구 동일로 941 중랑구 묵동 189-2,37.61473846,127.07636261,2017-04-26 14:48:36,15.0,LCD,395,43.19493670886076,2.8796624472573837,4,1,3,5,3,16,2.9,검토,3
4632,4632. 용산 푸르지오 파크타운 1단지 앞,4446,2025-06-01,2026-06-30,0.20310391363022942,0.3389563652721547,0.253936122357175,0.10436347278452542,용산구,서울특별시 용산구 용산구 동빙고동 315,37.52529526,126.99583435,2021-07-14 00:00:00,6.0,QR,395,11.255696202531645,1.8759493670886076,1,4,4,3,2,14,2.9,검토,0
4255,4255. 래미안 루센티아 아파트 108동 앞,11979,2025-06-01,2026-06-30,0.21520995074714083,0.23173887636697554,0.27840387344519574,0.18991568578345439,서대문구,서대문구 남가좌동 390,37.57515717,126.91744995,2021-07-15 00:00:00,21.0,QR,395,30.326582278481013,1.444122965641953,3,4,2,4,2,15,2.9,검토,0
175,175. 홍연2교옆,12266,2025-06-01,2026-06-30,0.23993151801728355,0.25281265286156857,0.2775966085113321,0.15979129300505462,서대문구,서울특별시 서대문구 홍은동 387-16,37.57806778,126.93088531,2016-06-29 12:00:00,20.0,LCD,395,31.053164556962024,1.5526582278481011,3,4,2,4,2,15,2.9,검토,0
223,223. 진주아파트상가 앞,13903,2025-06-01,2026-06-30,0.17413507875997986,0.2856937351650723,0.22613824354455872,0.14694670215061498,영등포구,서울특별시 영등포구 국제금융로 108-6,37.51913071,126.9333725,2015-09-17 15:21:48,20.0,QR,395,35.19746835443038,1.759873417721519,4,3,3,2,2,14,2.9,검토,0
6055,6055. 한국경제,5880,2025-06-01,2026-06-30,0.21445578231292517,0.3141156462585034,0.14608843537414967,0.08469387755102041,중구,중구 청파로 463,37.56062698,126.96768188,2023-07-21 00:00:00,8.0,QR,395,14.886075949367088,1.860759493670886,2,4,4,1,2,13,2.9,검토,2
1470,1470.중화동 우리은행 앞,13737,2025-06-01,2026-06-30,0.16910533595399285,0.285943073451263,0.26344907912935867,0.1789328092014268,중랑구,서울특별시 중랑구 동일로 837 우리은행,37.60520172,127.07858276,2020-04-20 00:00:00,20.0,QR,395,34.77721518987342,1.738860759493671,3,3,3,4,2,15,2.9,검토,3
4333,4333. 서울고등학교 건너편,3041,2025-06-01,2026-06-30,0.2624136797106215,0.2660309108845774,0.24268332785268004,0.17823084511673792,서초구,서초구 서초동 1487-1,37.48285294,127.00597382,2022-09-28 00:00:00,5.0,QR,395,7.69873417721519,1.539746835443038,1,5,3,3,2,14,2.9,검토,0
2299,2299. 한전아트센터 앞,8868,2025-06-01,2026-06-30,0.25868290482634193,0.2745827695083446,0.17749210645015787,0.12911592241768155,서초구,서울특별시 서초구 효령로72길 60,37.48646927,127.02806091,2018-10-17 00:00:00,12.0,LCD,395,22.450632911392404,1.870886075949367,2,5,3,1,2,13,2.9,검토,0
3606,3606. 신사동주민센터 옆,8186,2025-06-01,2026-06-30,0.06853163938431468,0.3921329098460787,0.2632543366723675,0.17273393598827266,강남구,압구정로 130,37.52422714,127.02285004,2021-02-24 00:00:00,10.0,QR,395,20.724050632911393,2.0724050632911393,2,1,5,4,3,15,2.9,검토,2
4842,4842. 면목라온프라이빗 아파트,9522,2025-06-01,2026-06-30,0.2825036756983827,0.21991178323881538,0.26685570258349084,0.1280193236714976,중랑구,중랑구 면목동197-4,37.58267593,127.07765961,2023-05-16 00:00:00,20.0,QR,395,24.10632911392405,1.2053164556962026,3,5,1,4,2,15,2.9,검토,0
4807,4807. 라코지스테이 앞,6786,2025-06-01,2026-06-30,0.24550545240200414,0.2225169466548777,0.27026230474506335,0.18287651046271736,중랑구,서울특별시 중랑구 망우로232,37.59432602,127.07846069,2021-02-16 00:00:00,8.0,QR,395,17.179746835443037,2.1474683544303796,2,5,1,4,3,15,2.9,검토,0
120,120. 신수동 사거리,5940,2025-06-01,2026-06-30,0.2531986531986532,0.22087542087542086,0.2797979797979798,0.1468013468013468,마포구,서울특별시 마포구 토정로 211,37.54524231,126.93411255,2015-09-07 01:34:59,5.0,QR,395,15.037974683544304,3.007594936708861,2,5,1,4,3,15,2.9,검토,0
4453,4453. 위례중앙푸르지오 201동 앞,16093,2025-06-01,2026-06-30,0.1219163611508109,0.2576896787423103,0.296899272975828,0.2576896787423103,송파구,위례광장로 290,37.47434616,127.14326477,2020-12-30 00:00:00,15.0,QR,395,40.741772151898736,2.7161181434599158,4,2,2,5,3,16,2.9,검토,3
165,165. 중앙근린공원,13716,2025-06-01,2026-06-30,0.3164916885389326,0.21434820647419073,0.26975794692330124,0.12284922717993584,서대문구,서울특별시 서대문구 북가좌동 470-1,37.57513809,126.91394043,2016-06-29 12:00:00,20.0,LCD,395,34.72405063291139,1.7362025316455696,3,5,1,4,2,15,2.9,검토,0
2362,2362. 신사동 가로수길 입구,8006,2025-06-01,2026-06-30,0.06819885086185361,0.3707219585311017,0.27042218336247814,0.23320009992505622,강남구,서울특별시 강남구 신사동 501-5,37.51763535,127.02245331,2017-11-01 16:00:00,10.0,LCD,395,20.26835443037975,2.026835443037975,2,1,5,4,3,15,2.9,검토,3
4579,4579. 국회의사당 본관,6472,2025-06-01,2026-06-30,0.1611557478368356,0.4411310259579728,0.17552533992583436,0.10506798516687268,영등포구,국회의사당 경내,37.5325737,126.91404724,2021-03-10 00:00:00,10.0,QR,395,16.384810126582277,1.6384810126582277,2,3,5,1,2,13,2.9,검토,2
650,650. 중랑교사거리,16470,2025-06-01,2026-06-30,0.09119611414693382,0.2738312082574378,0.3034608378870674,0.29829993928354587,동대문구,서울특별시 동대문구 망우로 131 중랑교사거리,37.59153366,127.06774139,2017-11-28 11:38:45,20.0,LCD,395,41.69620253164557,2.0848101265822785,4,1,3,5,3,16,2.9,검토,3
579,579. 마장역 4번출구,12117,2025-06-01,2026-06-30,0.1515226541223075,0.23801270941652225,0.23116282908310637,0.2402409837418503,성동구,서울특별시 성동구 마장로 292-1 마장역 4번출구,37.56520462,127.04184723,2016-07-06 12:00:00,8.0,LCD,395,30.675949367088606,3.8344936708860757,3,3,2,2,4,14,2.8500000000000005,검토,3
3873,3873. 동서울우편집중국 앞,13036,2025-06-01,2026-06-30,0.14459957042037436,0.27815280760969624,0.22131021785823873,0.1847959496778153,광진구,서울특별시 광진구 광진구 자양로 80,37.53470993,127.08447266,2020-12-10 00:00:00,8.0,QR,395,33.00253164556962,4.125316455696202,3,2,3,2,4,14,2.8500000000000005,검토,3
5872,5872. 서경팰리스 앞,11505,2025-06-01,2026-06-30,0.17183833116036507,0.23320295523685355,0.2378096479791395,0.20608431116905693,영등포구,영등포구 가마산로 468,37.50576401,126.90866089,2024-03-18 00:00:00,7.0,QR,395,29.126582278481013,4.160940325497288,3,3,2,2,4,14,2.8500000000000005,검토,3
4558,4558. 대영중고 후문,12390,2025-06-01,2026-06-30,0.24213075060532688,0.2135593220338983,0.2188054882970137,0.1248587570621469,영등포구,영등포구 가마산로 426,37.50545502,126.90626526,2021-05-17 00:00:00,10.0,QR,395,31.367088607594937,3.1367088607594935,3,4,1,2,4,14,2.8500000000000005,검토,0
1847,1847. 독산주공 14단지 버스정류소,2643,2025-06-01,2026-06-30,0.23155505107832008,0.39008702232311765,0.23874385168369278,0.09269769201664775,금천구,서울특별시 금천구 안양천로,37.46093369,126.88716888,2017-11-01 16:00:00,10.0,LCD,395,6.691139240506329,0.669113924050633,1,4,5,2,1,13,2.8500000000000005,검토,2
985,985. 은평세무서 버스정류장(은평구청 방면),13562,2025-06-01,2026-06-30,0.17313080666568353,0.2630143046748267,0.23521604483114586,0.20594307624244212,은평구,서울특별시 은평구 은평로 170 상현빌딩,37.60119247,126.92638397,2020-04-10 00:00:00,10.0,QR,395,34.334177215189875,3.4334177215189876,3,3,2,2,4,14,2.8500000000000005,검토,3
341,341. 혜화역 3번출구 뒤,11841,2025-06-01,2026-06-30,0.175660839456127,0.25403259859809135,0.2286969005996115,0.1993919432480365,종로구,서울특별시 종로구 대학로 지하120 혜화역 3번출구 뒤,37.58156967,127.00178528000001,2015-10-07 00:00:00,8.0,QR,395,29.97721518987342,3.7471518987341774,3,3,2,2,4,14,2.8500000000000005,검토,3
297,297.국회3문,2522,2025-06-01,2026-06-30,0.2097541633624108,0.3984932593180016,0.22759714512291832,0.13560666137985725,영등포구,영등포구 여의동로 330,37.52863693,126.91267395,2020-03-06 00:00:00,10.0,QR,395,6.384810126582279,0.6384810126582279,1,4,5,2,1,13,2.8500000000000005,검토,2
4845,4845. 신내역금강펜테리움센트럴파크,2398,2025-06-01,2026-06-30,0.23603002502085071,0.3615512927439533,0.21643035863219348,0.09424520433694746,중랑구,중랑구 망우동 611,37.60910034,127.11160278,2023-11-15 00:00:00,10.0,QR,395,6.0708860759493675,0.6070886075949368,1,4,5,2,1,13,2.8500000000000005,검토,2
1910,1910. 낙원교회 맞은편,6013,2025-06-01,2026-06-30,0.2971894229170131,0.24014634957591885,0.19840345917179444,0.15499750540495594,구로구,서울특별시 구로구 구로동로42길 43,37.49750519,126.88437653,2017-05-11 11:19:39,5.0,LCD,395,15.222784810126582,3.0445569620253163,2,5,2,1,3,13,2.85,검토,0
3930,3930. 온수역 2번 출구 앞,7324,2025-06-01,2026-06-30,0.12424904423812125,0.363599126160568,0.19920808301474605,0.22897323866739486,구로구,구로구 온수동 50-1,37.49179459,126.82500458,2022-12-15 00:00:00,8.0,QR,395,18.541772151898734,2.3177215189873417,2,2,5,1,3,13,2.85,검토,3
1318,1318. 길음역 3번출구 뒤,13093,2025-06-01,2026-06-30,0.10868402963415566,0.3076453066524097,0.26136103261284654,0.28977316123119223,성북구,서울특별시 성북구 동소문로 248 동소문로248,37.60308456,127.0247879,2017-04-26 14:52:43,14.0,LCD,395,33.14683544303797,2.367631103074141,3,1,4,4,3,15,2.85,검토,3
2642,2642.마천동 성내천 쉼터,11554,2025-06-01,2026-06-30,0.20062316081010906,0.20045006058507875,0.2732387052103168,0.2007097109226242,송파구,성내천로 179,37.50149536,127.14778137,2020-01-15 00:00:00,12.0,QR,395,29.250632911392405,2.4375527426160337,3,4,1,4,3,15,2.85,검토,0
1461,1461.동양엔파트 앞,12358,2025-06-01,2026-06-30,0.06902411393429357,0.3177698656740573,0.26881372390354424,0.2963262663861466,중랑구,서울특별시 중랑구 망우로 203 중화동주상복합,37.593853,127.07507324,2020-04-21 00:00:00,12.0,QR,395,31.28607594936709,2.6071729957805907,3,1,4,4,3,15,2.85,검토,3
3920,3920. 개봉역2번출구 B,5509,2025-06-01,2026-06-30,0.2485024505354874,0.2488654928299147,0.2436013795607188,0.18315483753857326,구로구,구로구 개봉동 416-99,37.49555206,126.85697937,2022-03-15 00:00:00,10.0,QR,395,13.946835443037974,1.3946835443037975,2,5,2,3,2,14,2.85,검토,0
1533,"1533. 번동 주공3, 4단지 교차로",11161,2025-06-01,2026-06-30,0.13941403100080638,0.2848311083236269,0.26171490009855747,0.23286443867037004,강북구,"서울특별시 강북구 번동 254 번동 주공3, 4단지 교차로",37.62991714,127.04091644,2017-11-01 16:00:00,10.0,LCD,395,28.255696202531645,2.8255696202531646,3,2,3,4,3,15,2.85,검토,3
1765,1765.쌍문역 1번출구 주변,12226,2025-06-01,2026-06-30,0.08514640929167348,0.30328807459512513,0.27269752985440865,0.26255521020775396,도봉구,서울특별시 도봉구 도봉로 496,37.64966965,127.03561401,2020-03-18 00:00:00,13.0,QR,395,30.951898734177217,2.3809152872444015,3,1,4,4,3,15,2.85,검토,3
4875,4875. 위례포레샤인13단지,4566,2025-06-01,2026-06-30,0.25646079719667103,0.2371879106438896,0.2586508979413053,0.13118703460359177,송파구,송파구 거여동 657,37.4826355,127.1399231,2021-08-26 00:00:00,4.0,QR,395,11.559493670886075,2.889873417721519,1,5,2,3,3,14,2.85,검토,0
1333,1333. 석관초등학교 앞,20958,2025-06-01,2026-06-30,0.13455482393358145,0.2833285618856761,0.23017463498425422,0.2298406336482489,성북구,서울특별시 성북구 돌곶이로22길 21 성북구 석관동 202-3,37.61052322,127.05979919,2017-04-26 15:02:37,20.0,LCD,395,53.05822784810127,2.6529113924050636,4,2,3,2,3,14,2.85,검토,3
195,195. 모래내고가차도 ,9683,2025-06-01,2026-06-30,0.19570381080243726,0.22957761024475887,0.2626252194567799,0.23443147784777446,서대문구,서울특별시 서대문구 연희동 446-76,37.56765747,126.91780853,2016-07-06 12:00:00,10.0,LCD,395,24.513924050632912,2.451392405063291,3,4,1,4,3,15,2.85,검토,3
916,916. 평생학습관 앞,13460,2025-06-01,2026-06-30,0.1339524517087667,0.28870728083209507,0.2789004457652303,0.21062407132243685,은평구,서울특별시 은평구 역촌동 15-40 평생학습관 앞,37.60784912,126.92132568,2016-09-02 11:00:00,13.0,LCD,395,34.075949367088604,2.6212268743914313,3,2,3,4,3,15,2.85,검토,3
948,948. 디지털미디어 시티역 4번출구(DMC역),8913,2025-06-01,2026-06-30,0.1447324133288455,0.3931336250420734,0.20397172669134972,0.12476158420284977,은평구,서울특별시 증산동 239 디지털미디어 시티역 4번출구,37.57720184,126.90235138,2017-11-01 16:00:00,10.0,LCD,395,22.564556962025318,2.256455696202532,2,2,5,1,3,13,2.85,검토,2
1332,1332. 석계역 5번출구 건너편,10358,2025-06-30,2026-06-30,0.11266653794168759,0.27225333075883373,0.2758254489283645,0.2227263950569608,성북구,서울특별시 노원구 화랑로 지하 347-1 성북구 석관동 134-4,37.61355591,127.06609344,2017-04-26 15:01:46,10.0,LCD,366,28.30054644808743,2.830054644808743,3,2,3,4,3,15,2.85,검토,3
846,846. 용산중학교,12192,2025-06-01,2026-06-30,0.17823162729658792,0.24105971128608925,0.27312992125984253,0.2572998687664042,용산구,서울특별시 용산구 두텁바위로 74 용산중학교,37.54650116,126.9809494,2018-12-14 00:00:00,15.0,LCD,395,30.865822784810128,2.057721518987342,3,3,2,4,3,15,2.85,검토,3
479,479.동대입구역 3번 출구,4139,2025-06-01,2026-06-30,0.13553998550374485,0.34621889345252477,0.31891761294998794,0.20053152935491664,중구,서울특별시 중구 장충동2가 199-4,37.55937576,127.00602721999999,2020-01-30 00:00:00,8.0,QR,395,10.478481012658229,1.3098101265822786,1,2,5,5,2,15,2.85,검토,3
4042,4042. 상계문화정보도서관,12089,2025-06-01,2026-06-30,0.1044751426917032,0.3393167342211928,0.26387625113739765,0.1804946645710977,노원구,서울특별시 노원구 노원구 동일로243길 57,37.67851257,127.05174255,2021-08-27 00:00:00,10.0,QR,395,30.605063291139242,3.0605063291139243,3,1,4,4,3,15,2.85,검토,3
1754,1754. 창동시장입구 사거리,9259,2025-06-01,2026-06-30,0.10908305432552111,0.2920401771249595,0.2727076358138028,0.27832379306620586,도봉구,서울특별시 도봉구 도봉로 461 우림빌딩,37.64689636,127.03343201,2020-03-17 00:00:00,11.0,QR,395,23.440506329113923,2.1309551208285384,3,2,3,4,3,15,2.85,검토,3
2009,2009. 보라매역 8번출구,9423,2025-06-01,2026-06-30,0.11323357741695851,0.2815451554706569,0.2664756446991404,0.2506632707205773,동작구,서울특별시 동작구 상도로 지하 2,37.50007629,126.92108154,2017-05-26 09:59:00,10.0,LCD,395,23.855696202531647,2.3855696202531647,3,2,3,4,3,15,2.85,검토,3
2171,2171. 서울대입구역 5번출구,13601,2025-06-01,2026-06-30,0.08484670244834938,0.32732887287699436,0.2733622527755312,0.2803470333063745,관악구,서울특별시 관악구 남부순환로 1817,37.48154831,126.95200348,2017-11-28 14:57:05,17.0,LCD,395,34.43291139240506,2.0254653760238273,3,1,4,4,3,15,2.85,검토,3
3812,3812. KT관악지점,10780,2025-06-01,2026-06-30,0.15009276437847865,0.23218923933209648,0.26419294990723563,0.2784786641929499,관악구,남부순환로1774,37.48163223,126.94718933,2021-06-01 00:00:00,10.0,QR,395,27.29113924050633,2.729113924050633,3,3,2,4,3,15,2.85,검토,3
1384,1384.성신여대입구역 5번출구,13700,2025-06-01,2026-06-30,0.19583941605839417,0.2240875912408759,0.2667153284671533,0.267956204379562,성북구,서울특별시 성북구 동소문동6가 140-5,37.59282684,127.01628876,2020-03-28 00:00:00,13.0,QR,395,34.68354430379747,2.667964946445959,3,4,1,4,3,15,2.85,검토,3
2387,2387. 래미안강남힐즈 사거리,12037,2025-06-01,2026-06-30,0.15817894824291767,0.26252388468887594,0.2736562266345435,0.25047769377751933,강남구,서울특별시 강남구 자곡로 101,37.47245407,127.09607697,2018-02-26 11:47:31,10.0,LCD,395,30.473417721518988,3.0473417721518987,3,3,2,4,3,15,2.85,검토,3
3422,3422.성균관대 정문,19576,2025-06-01,2026-06-30,0.19237842255823456,0.2248671843073151,0.23574785451573355,0.19697588884348183,종로구,서울특별시 종로구 명륜2가 133,37.58479691,126.99713135,2020-02-04 00:00:00,23.0,QR,395,49.55949367088608,2.1547605943863513,4,4,1,2,3,14,2.85,검토,0
4956,4956. 암사역사공원역 1번출구,3419,2025-06-01,2026-06-30,0.20971044164960514,0.2807838549283416,0.298332845861363,0.1181632056156771,강동구,강동구 고덕로27길 36,37.5575676,127.14015961,2024-11-18 00:00:00,5.0,QR,395,8.655696202531646,1.731139240506329,1,4,3,5,2,15,2.85,검토,0
2369,2369. KT선릉타워,13217,2025-06-01,2026-06-30,0.12014829386396307,0.3430430506166301,0.167587198305213,0.17946583944919423,강남구,서울특별시 강남구 대치동 1011,37.50542831,127.0528717,2017-11-01 16:00:00,20.0,LCD,395,33.460759493670885,1.6730379746835442,3,2,5,1,2,13,2.85,검토,2
1187,1187. 강서수산물도매시장,11874,2025-06-01,2026-06-30,0.13432710122957722,0.3415866599292572,0.20768064679130874,0.1471281792150918,강서구,강서구 외발산동 424,37.55302048,126.818367,2018-12-14 00:00:00,15.0,LCD,395,30.060759493670886,2.0040506329113925,3,2,5,1,2,13,2.85,검토,2
441,441.염천교사거리,10454,2025-06-01,2026-06-30,0.14721637650660035,0.4002295771953319,0.09613545054524585,0.07384733116510427,중구,서울특별시 중구 칠패로 5 서소문공원,37.55989075,126.97149658,2020-01-31 00:00:00,15.0,QR,395,26.465822784810126,1.7643881856540085,3,2,5,1,2,13,2.85,검토,2
393,393. 동대문역 8번 출구,25228,2025-06-01,2026-06-30,0.08672903123513556,0.2597114317425083,0.17369589345172032,0.0962026319961947,종로구,서울특별시 종로구 율곡로 지하 308 동대문역 8번출구,37.57014084,127.00937653,2018-01-26 14:06:14,12.0,LCD,395,63.868354430379746,5.3223628691983125,5,1,2,1,5,14,2.85,검토,2
4530,4530. 방아다리어린이공원,11328,2025-06-01,2026-06-30,0.1559851694915254,0.2557379943502825,0.2698622881355932,0.22378177966101695,양천구,양천구 화곡로 64,37.53936005,126.82886505,2021-04-26 00:00:00,10.0,QR,395,28.678481012658228,2.867848101265823,3,3,2,4,3,15,2.85,검토,3
2293,2293. SPC 앞,8738,2025-06-01,2026-06-30,0.12050812542915999,0.3859006637674525,0.2084000915541314,0.188715953307393,서초구,서울특별시 서초구 남부순환로 2620,37.48479843,127.03699493,2017-12-22 14:42:32,10.0,LCD,395,22.121518987341773,2.2121518987341773,2,2,5,1,3,13,2.85,검토,2
6062,6062.서울역파출소,3419,2025-10-23,2026-06-30,0.3574144486692015,0.24539338988008189,0.2430535244223457,0.17431997660134543,중구,중구 퇴계로 33 서울로7017편의시설,37.55709457,126.97183228,2025-10-22 00:00:00,10.0,QR,251,13.621513944223107,1.3621513944223107,2,5,2,3,2,14,2.85,검토,0
558,558. 성동광진 교육지원청 앞,17914,2025-06-01,2026-06-30,0.1147705705035168,0.29245283018867924,0.2301551858881322,0.26967734732611365,성동구,서울특별시 성동구 고산자로 260 성동광진 교육지원청 앞,37.56460571,127.03652191,2016-07-06 12:00:00,20.0,LCD,395,45.35189873417721,2.2675949367088606,4,2,3,2,3,14,2.85,검토,3
2430,2430.강남파이낸스센터앞(역삼역2번출구),8092,2025-06-01,2026-06-30,0.17288680177953533,0.3017795353435492,0.19253583786455758,0.12740978744438952,강남구,테헤란로152,37.50024414,127.03605652,2020-02-14 00:00:00,10.0,QR,395,20.486075949367088,2.048607594936709,2,3,4,1,3,13,2.85,검토,2
1285,1285. 위례별 유치원 뒤,5328,2025-06-01,2026-06-30,0.29954954954954954,0.2334834834834835,0.25375375375375375,0.11317567567567567,송파구,서울특별시 송파구 위례광장로 136,37.4774704,127.14459229,2018-02-26 11:59:40,10.0,LCD,395,13.48860759493671,1.348860759493671,2,5,2,3,2,14,2.85,검토,0
2266,2266. 서초역 3번출구,8862,2025-06-01,2026-06-30,0.18494696456781765,0.33096366508688785,0.24306025727826674,0.1317986910403972,서초구,서울특별시 서초동 1748-14,37.49053955,127.00816345,2017-11-01 16:00:00,15.0,LCD,395,22.435443037974682,1.4956962025316456,2,3,4,3,2,14,2.85,검토,0
2239,2239.교대역 6번출구,8386,2025-06-01,2026-06-30,0.18817076079179584,0.3164798473646554,0.17505366086334367,0.15859766277128548,서초구,서울특별시 서초구 서초대로 지하 294,37.49421692,127.01378632,2017-06-01 10:39:39,10.0,LCD,395,21.230379746835442,2.123037974683544,2,3,4,1,3,13,2.85,검토,2
6059,6059. 덕수중학교,7527,2025-06-01,2026-06-30,0.1628802975953235,0.29985385943935167,0.18360568619635978,0.1620831672645144,중구,중구 인현동2가 240-2,37.56439209,126.99729919,2024-06-03 00:00:00,8.0,QR,395,19.055696202531646,2.3819620253164557,2,3,4,1,3,13,2.85,검토,2
3799,3799. 국립항공박물관,5395,2025-06-01,2026-06-30,0.14050046339202965,0.46691380908248376,0.1936978683966636,0.10454124189063949,강서구,국립항공박물관 경내,37.55688477,126.80926514,2021-02-04 00:00:00,5.0,QR,395,13.658227848101266,2.731645569620253,2,2,5,1,3,13,2.85,검토,2
742,742. 등촌역 5번 출구 뒤,11708,2025-06-01,2026-06-30,0.14443115818243935,0.26605739665186195,0.2749402118209771,0.27562350529552443,양천구,서울특별시 양천구 등촌로 236,37.55073166,126.86457825,2017-11-01 16:00:00,10.0,LCD,395,29.640506329113926,2.9640506329113925,3,2,3,4,3,15,2.85,검토,3
1405,1405. 망우역 1번출구,7715,2025-06-01,2026-06-30,0.22307193778353857,0.28762151652624757,0.25210628645495786,0.19235255994815295,중랑구,서울특별시 중랑구 망우로55길 11-10 망우역 1번출구,37.59909821,127.09294891,2017-04-26 14:56:29,10.0,LCD,395,19.531645569620252,1.9531645569620253,2,4,3,3,2,14,2.85,검토,0
4930,4930. 학여울역 1번출구,5452,2025-06-01,2026-06-30,0.28136463683052093,0.2628393250183419,0.2538517975055026,0.11592076302274394,강남구,강남구 대치동 13-9,37.49662018,127.07099915,2023-10-04 00:00:00,10.0,QR,395,13.802531645569621,1.380253164556962,2,5,2,3,2,14,2.85,검토,0
1042,1042. 강일리버파크 2~5단지,5967,2025-06-01,2026-06-30,0.24183006535947713,0.2743422155186861,0.24903636668342552,0.1885369532428356,강동구,서울특별시 강일동 63-20,37.5685463,127.17700958,2017-11-01 16:00:00,10.0,LCD,395,15.106329113924051,1.510632911392405,2,4,3,3,2,14,2.85,검토,0
2189,2189. 봉천역 4번출구,12827,2025-06-01,2026-06-30,0.06938489124503001,0.33858267716535434,0.26646916660169956,0.27831917049972715,관악구,남부순환로 1719,37.48275375,126.94140625,2020-04-29 00:00:00,15.0,QR,395,32.473417721518985,2.164894514767932,3,1,4,4,3,15,2.85,검토,3
2191,2191.대학동주민센터 ,11176,2025-06-01,2026-06-30,0.1489799570508232,0.25017895490336434,0.2744273443092341,0.2309413027916965,관악구,신림로 115,37.47068787,126.93648529,2020-04-28 00:00:00,10.0,QR,395,28.29367088607595,2.829367088607595,3,3,2,4,3,15,2.85,검토,3
3718,3718. 번동3단지 버스정류장,10377,2025-06-01,2026-06-30,0.1182422665510263,0.29199190517490603,0.2755131540907777,0.24024284475281873,강북구,서울특별시 강북구 서울 강북구 번동 255도,37.628685,127.04390717,2021-01-27 00:00:00,11.0,QR,395,26.270886075949367,2.3882623705408514,3,2,3,4,3,15,2.85,검토,3
666,666.이문대성유니드아파트 앞,8590,2025-06-01,2026-06-30,0.12421420256111758,0.36647264260768336,0.3008149010477299,0.18055878928987196,동대문구,서울특별시 동대문구 한천로58길 151 이문동대성유니드아파트,37.60362244,127.0708313,2020-04-21 00:00:00,20.0,QR,395,21.746835443037973,1.0873417721518988,2,2,5,5,1,15,2.85,검토,3
2229,2229.로고스교회 맞은 편,6709,2025-06-01,2026-06-30,0.1954091518855269,0.27977343866448057,0.2527947533164406,0.1712624832314801,서초구,서울특별시 서초구 방배천로 126,37.48701096,126.98496246,2017-06-01 10:29:26,10.0,LCD,395,16.98481012658228,1.698481012658228,2,4,3,3,2,14,2.85,검토,0
1564,1564.4.19민주묘지역 1번출구,8598,2025-06-01,2026-06-30,0.0799023028611305,0.3141428239125378,0.2792509886020005,0.23656664340544312,강북구,서울특별시 강북구 삼양로 522,37.64959717,127.01384735,2020-03-25 00:00:00,7.0,QR,395,21.767088607594935,3.1095840867992766,2,1,4,4,4,15,2.8499999999999996,검토,3
5100,5100. 강서도로사업소,3733,2025-06-01,2026-06-30,0.11117064023573534,0.4776319314224484,0.11251004553978033,0.08706134476292526,강서구,마곡동 60-8,37.57331848,126.8300705,2023-09-04 00:00:00,2.0,QR,395,9.450632911392406,4.725316455696203,1,2,5,1,4,13,2.8499999999999996,검토,2
4167,4167. 구로교 아래,15102,2025-06-01,2026-06-30,0.09329890080784002,0.3286981856707721,0.2792345384717256,0.2903588928618726,동작구,신대방동 702-2,37.48500824,126.90350342,2021-02-18 00:00:00,25.0,QR,395,38.232911392405065,1.5293164556962027,4,1,4,4,2,15,2.8499999999999996,검토,3
759,759. 보아스아파트 앞,8475,2025-06-01,2026-06-30,0.2814159292035398,0.22607669616519174,0.2448377581120944,0.15516224188790562,양천구,양천구 오목로3길 32,37.52407074,126.83860016,2018-09-20 00:00:00,10.0,LCD,395,21.455696202531644,2.1455696202531644,2,5,1,3,3,14,2.8000000000000003,검토,0
4370,4370. 성동교 사거리,9904,2025-06-01,2026-06-30,0.061591276252019385,0.4432552504038772,0.19981825525040386,0.14670840064620355,성동구,서울특별시 성동구 성동구 광나루로 130,37.55141449,127.04475403000001,2021-05-26 00:00:00,9.0,QR,395,25.073417721518986,2.7859353023909983,3,1,5,1,3,13,2.8000000000000003,검토,2
4271,4271. 충정로역 1번 출구,2921,2025-06-01,2026-06-30,0.16809311879493324,0.3485107839780897,0.26395070181444713,0.1845258473125642,서대문구,서대문구 충정로 28-1,37.55942535,126.96305846999999,2022-07-18 00:00:00,7.0,QR,395,7.39493670886076,1.0564195298372514,1,3,5,4,1,14,2.8000000000000003,검토,3
3220,3220.래미안에스티움 앞 (신풍로),13054,2025-06-01,2026-06-30,0.23862417649762524,0.2349471426382718,0.2583116286195802,0.15581430979010266,영등포구,신풍로77(GS25),37.50013733,126.91397858,2020-03-03 00:00:00,20.0,QR,395,33.04810126582279,1.6524050632911393,3,4,2,3,2,14,2.8000000000000003,검토,0
852,852. 청암자이아파트 앞,10973,2025-06-10,2026-06-30,0.18891825389592637,0.2948145447917616,0.29672833318144537,0.16112275585528116,용산구,서울특별시 용산구 삼개로 60 천년명가 청암자이,37.53452682,126.9471817,2020-03-28 00:00:00,30.0,QR,386,28.427461139896373,0.9475820379965457,3,3,3,5,1,15,2.8000000000000003,검토,3
159,159. 이대역 4번 출구,4195,2025-06-01,2026-06-30,0.10297973778307509,0.3501787842669845,0.2827175208581645,0.1632896305125149,서대문구,서울특별시 서대문구 대현동 60-11,37.55695343,126.94634247,2016-06-29 12:00:00,5.0,QR,395,10.620253164556962,2.124050632911392,1,1,5,5,3,15,2.8000000000000003,검토,3
3516,3516. 구의아리수정수센터앞,10725,2025-06-01,2026-06-30,0.3190675990675991,0.2013986013986014,0.24522144522144523,0.15142191142191141,광진구,서울특별시 광진구 광나루로 571 구의아리수정수센터앞,37.54370499,127.09324646,2017-11-28 10:35:40,15.0,LCD,395,27.151898734177216,1.8101265822784811,3,5,1,3,2,14,2.8000000000000003,검토,0
1130,1130. 화곡본동시장 버스정류장,5810,2025-06-01,2026-06-30,0.16092943201376936,0.2812392426850258,0.2457831325301205,0.2712564543889845,강서구,서울특별시 강서구 화곡로 196,37.54275131,126.84262085,2017-04-24 09:53:42,7.0,LCD,395,14.708860759493671,2.1012658227848102,2,3,3,3,3,14,2.8000000000000003,검토,3
3551,3551.성동도로사업소,9564,2025-06-01,2026-06-30,0.0896068590547888,0.3508992053534086,0.1219155165202844,0.06534922626516101,성동구,서울특별시 성동구 자동차시장길 11 대승모터스,37.55979919,127.05632782,2020-04-14 00:00:00,10.0,QR,395,24.212658227848102,2.42126582278481,3,1,5,1,3,13,2.8000000000000003,검토,2
1089,1089.고덕 래미안힐스테이트(201동),8347,2025-06-01,2026-06-30,0.2979513597699772,0.16892296633521026,0.2428417395471427,0.12962741104588474,강동구,고덕동 675,37.56060028,127.146698,2020-01-13 00:00:00,10.0,QR,395,21.131645569620254,2.113164556962025,2,5,1,3,3,14,2.8000000000000003,검토,0
3123,3123.DMC파크뷰자이1단지 110동 앞,10077,2025-06-01,2026-06-30,0.22834176838344744,0.2336012702193113,0.29016572392577156,0.15262478912374713,서대문구,남가좌동 385-13 ,37.5723877,126.91510773,2020-05-04 00:00:00,30.0,QR,395,25.51139240506329,0.850379746835443,3,4,2,5,1,15,2.8000000000000003,검토,0
4793,4793. 동대문역사문화공원역 5번출구,12010,2025-06-01,2026-06-30,0.12039966694421315,0.3291423813488759,0.20249791840133222,0.17327227310574522,중구,서울특별시 중구 광희동 1가 202-5,37.56430817,127.00647736,2021-02-02 00:00:00,10.0,QR,395,30.40506329113924,3.040506329113924,3,2,4,1,3,13,2.8000000000000003,검토,2
3689,3689. 강일역 3번출구,7344,2025-06-01,2026-06-30,0.21541394335511982,0.32802287581699346,0.21663943355119825,0.1568627450980392,강동구,강동구 강일동 469-9,37.55740356,127.17653656,2021-08-24 00:00:00,20.0,QR,395,18.59240506329114,0.929620253164557,2,4,4,2,1,13,2.8000000000000003,검토,0
2914,2914.서울과학기술대학교(미래관),11420,2025-06-01,2026-06-30,0.04833625218914186,0.36208406304728546,0.11366024518388791,0.1828371278458844,노원구,서울특별시 노원구 노원로 75 한국원자력의학원,37.62950897,127.08103943,2020-06-10 00:00:00,10.0,QR,395,28.911392405063292,2.8911392405063294,3,1,5,1,3,13,2.8000000000000003,검토,2
1027,1027. 프라자 아파트 앞,12096,2025-06-01,2026-06-30,0.27843915343915343,0.20717592592592593,0.2551256613756614,0.11789021164021164,강동구,서울특별시 길동 176-3,37.53596115,127.14781952,2017-11-01 16:00:00,20.0,LCD,395,30.622784810126582,1.531139240506329,3,5,1,3,2,14,2.8000000000000003,검토,0
3801,3801. 이랜드글로벌R&D센터,10415,2025-06-01,2026-06-30,0.03907825252040326,0.6098895823331733,0.0828612578012482,0.05991358617378781,강서구,강서구 마곡동 727-356,37.56719208,126.83475494,2021-04-28 00:00:00,10.0,QR,395,26.367088607594937,2.6367088607594935,3,1,5,1,3,13,2.8000000000000003,검토,2
4073,4073.방아골종합사회복지관,8246,2025-06-01,2026-06-30,0.2619451855445064,0.20094591317002183,0.2550327431481931,0.1739024981809362,도봉구,서울특별시 도봉구 방학동 606-5,37.66927338,127.03243256,2021-04-16 00:00:00,10.0,QR,395,20.87594936708861,2.087594936708861,2,5,1,3,3,14,2.8000000000000003,검토,0
436,436. 이대역 5번출구,8426,2025-06-01,2026-06-30,0.09826726798006172,0.34559696178495136,0.2580109185853311,0.19534773320674104,마포구,마포구 대흥동 2-1,37.55659103,126.94618988,2018-11-21 00:00:00,10.0,LCD,395,21.331645569620253,2.1331645569620252,2,1,5,3,3,14,2.8000000000000003,검토,3
2823,2823.중앙유통단지 앞,11029,2025-06-01,2026-06-30,0.08377912775410282,0.3858917399582918,0.12022848853023846,0.14996826548191133,구로구,구로구 구로동 635-32,37.49981308,126.87431335,2020-03-09 00:00:00,10.0,QR,395,27.921518987341774,2.7921518987341774,3,1,5,1,3,13,2.8000000000000003,검토,2
4871,4871. 오금동 대림아파트 정문,8441,2025-06-01,2026-06-30,0.16076294277929154,0.28349721596967187,0.256841606444734,0.17166212534059946,송파구,송파구 오금동 2,37.51072693,127.13040161,2021-07-13 00:00:00,7.0,QR,395,21.369620253164555,3.0528028933092224,2,3,3,3,3,14,2.8000000000000003,검토,3
3925,3925. 중앙유통단지 앞 B,11597,2025-06-01,2026-06-30,0.036647408812623954,0.45839441234802103,0.06363714753815641,0.09157540743295679,구로구,구로구 구로동 620-4,37.50127029,126.87678528000001,2022-08-24 00:00:00,10.0,QR,395,29.359493670886074,2.9359493670886074,3,1,5,1,3,13,2.8000000000000003,검토,2
4627,4627. 효창공원앞역 5번출구 옆,4736,2025-06-01,2026-06-30,0.25232263513513514,0.2704814189189189,0.23078547297297297,0.1891891891891892,용산구,서울특별시 용산구 용문동 5-47,37.53851318,126.96355438,2020-10-29 00:00:00,7.0,QR,395,11.989873417721519,1.7128390596745027,1,5,3,2,2,13,2.8000000000000003,검토,0
3963,3963. 에이스 하드웨어(시흥대로 396) 앞,9611,2025-06-01,2026-06-30,0.29809593174487564,0.21933201539902195,0.20570180002080948,0.226303194256581,금천구,독산동 1080-1 에이스하드웨어 정문 앞,37.46865845,126.89826202,2021-02-17 00:00:00,10.0,QR,395,24.331645569620253,2.4331645569620255,3,5,1,1,3,13,2.8000000000000003,검토,0
617,617. 청솔우성아파트 앞,9715,2025-06-01,2026-06-30,0.2872876994338652,0.19577972207925887,0.25156973751930006,0.1669583118888317,동대문구,서울특별시 동대문구 답십리동 94-2 청솔우성아파트 앞,37.57420349,127.05769348,2016-06-29 12:00:00,20.0,QR,395,24.59493670886076,1.229746835443038,3,5,1,3,2,14,2.8000000000000003,검토,0
3969,3969. 독산역 롯데캐슬 104동 앞,12164,2025-06-01,2026-06-30,0.2670996382768826,0.21275896086813548,0.2512331469911213,0.14041433738901676,금천구,독산동 산167-9,37.46239853,126.89175415,2021-08-03 00:00:00,20.0,QR,395,30.79493670886076,1.539746835443038,3,5,1,3,2,14,2.8000000000000003,검토,0
4045,4045. 은하수 공원,7328,2025-06-01,2026-06-30,0.28520742358078605,0.21574781659388648,0.24563318777292575,0.13973799126637554,노원구,서울특별시 노원구 노원구 우이천로 102,37.63000488,127.0440979,2021-10-27 00:00:00,8.0,QR,395,18.551898734177215,2.318987341772152,2,5,1,3,3,14,2.8000000000000003,검토,0
3792,3792. 화곡본동시장 입구,8333,2025-06-01,2026-06-30,0.18408736349453977,0.2682107284291372,0.24276971078843154,0.2743309732389296,강서구,화곡로206,37.54382706,126.84368896,2020-12-21 00:00:00,10.0,QR,395,21.09620253164557,2.109620253164557,2,3,3,3,3,14,2.8000000000000003,검토,3
1616,1616. 하계2동 공항버스정류장 옆,8522,2025-06-01,2026-06-30,0.14503637643745598,0.32069936634592816,0.2506453884064774,0.20523351325979816,노원구,서울특별시 노원구 동일로 지하 1196 노원구 하계동 273-5,37.63510895,127.06832886,2017-05-08 14:08:14,10.0,LCD,395,21.5746835443038,2.15746835443038,2,2,4,3,3,14,2.8000000000000003,검토,3
2505,2505. 우성아파트사거리 (기업은행앞),11693,2025-06-01,2026-06-30,0.07748225434020355,0.37355682887197467,0.1961002309073805,0.19823826220815874,서초구,서초동 1374,37.49325943,127.02953339,2018-09-18 00:00:00,12.0,LCD,395,29.60253164556962,2.4668776371308017,3,1,5,1,3,13,2.8000000000000003,검토,2
2297,2297. 남부터미널역 1번출구,8015,2025-06-01,2026-06-30,0.1369931378665003,0.3292576419213974,0.2412975670617592,0.1700561447286338,서초구,서울특별시 서초구 서초중앙로 38,37.485672,127.01592255,2018-02-26 11:43:11,10.0,LCD,395,20.29113924050633,2.029113924050633,2,2,4,3,3,14,2.8000000000000003,검토,3
1642,1642. 서울여대 남문,7703,2025-06-01,2026-06-30,0.15188887446449437,0.26859665065558874,0.247436063871219,0.16513046864857847,노원구,서울특별시 노원구 화랑로 621 서울여자대학교 서울여대 후문,37.62531662,127.08813477,2017-08-23 13:47:08,7.0,LCD,395,19.50126582278481,2.785895117540687,2,3,3,3,3,14,2.8000000000000003,검토,3
5775,5775. 가락시장역 5번출구,10615,2025-06-01,2026-06-30,0.14649081488459728,0.3267074894017899,0.18718794159208668,0.228827131417805,송파구,송파구 가락동 100-2,37.49253845,127.1194458,2023-07-07 00:00:00,10.0,QR,395,26.873417721518987,2.687341772151899,3,2,4,1,3,13,2.8000000000000003,검토,3
1976,1976. 남구로역 5번 출입구 앞,9419,2025-06-01,2026-06-30,0.23813568319354497,0.2550164560993736,0.17167427540078564,0.2452489648582652,구로구,서울특별시 구로구 도림로 지하 7,37.48567963,126.88670349,2017-11-13 09:54:55,10.0,LCD,395,23.845569620253166,2.3845569620253166,3,4,2,1,3,13,2.8000000000000003,검토,0
5857,5857. U레지던스 앞,11526,2025-06-01,2026-06-30,0.3453930244664237,0.2027589796980739,0.2547284400485858,0.15035571750824223,영등포구,영등포로 383,37.51382446,126.92093658,2022-07-19 00:00:00,15.0,QR,395,29.179746835443037,1.9453164556962024,3,5,1,3,2,14,2.8000000000000003,검토,0
5090,5090. 대상연구소,10772,2025-06-01,2026-06-30,0.050222799851466764,0.567861121425919,0.09069810620126253,0.08354994430003714,강서구,마곡동762-4,37.56980896,126.82857513,2022-09-14 00:00:00,10.0,QR,395,27.270886075949367,2.7270886075949368,3,1,5,1,3,13,2.8000000000000003,검토,2
2394,2394. 개포래미안포레스트아파트 107동 앞,8675,2025-06-01,2026-06-30,0.3045533141210375,0.19504322766570606,0.2454178674351585,0.14005763688760806,강남구,강남구 개포로 264,37.48025131,127.05419159,2018-11-04 00:00:00,10.0,QR,395,21.962025316455698,2.1962025316455698,2,5,1,3,3,14,2.8000000000000003,검토,0
2156,2156. 신림푸르지오아파트,9013,2025-06-01,2026-06-30,0.23898812825918117,0.23965383335182514,0.25108177077554644,0.1888383446133363,관악구,서울특별시 금천구 남부순환로 1428,37.48072052,126.90932465,2017-08-21 14:07:54,12.0,LCD,395,22.81772151898734,1.9014767932489451,3,4,2,3,2,14,2.8000000000000003,검토,0
2517,2517. 서초그랑자이 앞,6455,2025-06-01,2026-06-30,0.28086754453911694,0.29589465530596437,0.21704105344694036,0.14887683965917894,서초구,서울특별시 서초구 효령로69길,37.48768234,127.0247879,2020-02-19 00:00:00,20.0,QR,395,16.341772151898734,0.8170886075949367,2,5,3,2,1,13,2.8000000000000003,검토,0
5876,5876. 에이스하이테크시티 4동 앞,10934,2025-06-01,2026-06-30,0.05743552222425462,0.47109932321199927,0.13124199743918052,0.11514541796231938,영등포구,경인로 775,37.5152092,126.89762878,2024-07-29 00:00:00,10.0,QR,395,27.681012658227846,2.768101265822785,3,1,5,1,3,13,2.8000000000000003,검토,2
2388,2388. 강남구 도시관리공단,6817,2025-06-01,2026-06-30,0.293677570778935,0.28032859028898344,0.21461053249229867,0.12894235000733462,강남구,강남구 삼성동 111-61,37.51678467,127.05161285,2018-07-04 00:00:00,18.0,LCD,395,17.258227848101267,0.958790436005626,2,5,3,2,1,13,2.8000000000000003,검토,0
1663,1663. 동해문화예술관앞,29993,2025-06-01,2026-06-30,0.10732504250991898,0.28053212416230455,0.2104157636781916,0.20148034541392992,노원구,서울특별시 노원구 화랑로 429 동해문화예술관앞,37.61938095,127.0578537,2017-11-28 10:47:07,25.0,LCD,395,75.93164556962026,3.03726582278481,5,1,3,2,3,14,2.8000000000000003,검토,3
2311,2311. 학동로 래미안 아파트 앞,4066,2025-06-01,2026-06-30,0.15051647811116575,0.3561239547466798,0.2267584849975406,0.15371372356123955,강남구,서울특별시 강남구 학동로 지하 508,37.51777267,127.04302216,2017-06-13 09:46:25,6.0,LCD,395,10.29367088607595,1.7156118143459915,1,3,5,2,2,13,2.8000000000000003,검토,2
1290,1290. 위례송파꿈에그린아파트24단지 앞 성벽 다리 밑,8596,2025-06-01,2026-06-30,0.3405072126570498,0.15286179618427176,0.24778966961377386,0.22429036761284318,송파구,송파구 위례광장로 121,37.47458267,127.13754272,2018-09-14 00:00:00,10.0,LCD,395,21.762025316455695,2.1762025316455693,2,5,1,3,3,14,2.8000000000000003,검토,0
5504,5504.아현교회,3453,2025-06-01,2026-06-30,0.1520417028670721,0.35708079930495223,0.21169997103967564,0.174920359108022,마포구,마포구 신촌로 212,37.55677795,126.94934082,2023-02-10 00:00:00,7.0,QR,395,8.741772151898735,1.2488245931283906,1,3,5,2,2,13,2.8000000000000003,검토,2
318,318. 광교사거리 남측,11992,2025-06-01,2026-06-30,0.10098398932621748,0.3842561707805203,0.17303202134756504,0.11407605070046697,중구,서울특별시 중구 남대문로 125 DGB금융센터,37.56863403,126.98231506,2015-10-07 12:16:35,10.0,QR,395,30.359493670886074,3.0359493670886075,3,1,5,1,3,13,2.8000000000000003,검토,2
2085,2085.강남중학교 앞,11651,2025-06-01,2026-06-30,0.22204102652132865,0.25946270706377134,0.25568620719251567,0.19998283409149428,동작구, 동작구 대방동 466-45,37.50274277,126.92157745,2020-04-23 00:00:00,20.0,QR,395,29.49620253164557,1.4748101265822784,3,4,2,3,2,14,2.8000000000000003,검토,0
5310,5310. 목련아파트,9588,2025-06-01,2026-06-30,0.2729453483521068,0.20536086775135587,0.20212765957446807,0.17897371714643304,노원구,서울특별시 노원구 노원로 333 목련아파트상가,37.64862823,127.06918335,2022-07-27 00:00:00,9.0,QR,395,24.27341772151899,2.6970464135021097,3,5,1,1,3,13,2.8000000000000003,검토,0
1833,1833. 독산역 1번출구 A,9657,2025-06-01,2026-06-30,0.3320907114010562,0.23040281660971315,0.18287252770011392,0.15170342756549654,금천구,서울특별시 금천구 벚꽃로 115,37.46654129,126.89028168,2017-05-08 16:09:18,10.0,LCD,395,24.448101265822785,2.4448101265822784,3,5,1,1,3,13,2.8000000000000003,검토,0
4962,4962.고덕비즈밸리 디엠스퀘어 앞,9689,2025-06-01,2026-06-30,0.027144184126328828,0.5598100939209413,0.12787697388791414,0.11590463412116833,강동구,고덕동 94-1,37.56755066,127.161026,2025-04-30 00:00:00,10.0,QR,395,24.529113924050634,2.4529113924050634,3,1,5,1,3,13,2.8000000000000003,검토,2
521,521. 왕십리역 11번 출구 앞,16857,2025-06-01,2026-06-30,0.08394138933380792,0.2740701192382986,0.26493444859702203,0.3334519784065967,성동구,서울특별시 성동구 행당동 188-9 왕십리역 11번 출구 앞,37.56144714,127.03491974,2016-06-29 12:00:00,14.0,QR,395,42.675949367088606,3.048282097649186,4,1,3,4,3,15,2.8000000000000003,검토,3
1846,1846. 롯데캐슬골드파크1차 동문,13507,2025-06-01,2026-06-30,0.4878951654697564,0.1524394758273488,0.1957503516695047,0.11549566891241578,금천구,서울특별시 금천구 독산동 441-19 ,37.46017075,126.89604187,2017-11-01 16:00:00,15.0,LCD,395,34.19493670886076,2.279662447257384,3,5,1,1,3,13,2.8000000000000003,검토,0
5861,5861. 보라주유소 앞,8420,2025-06-01,2026-06-30,0.20878859857482185,0.25095011876484563,0.24299287410926365,0.25475059382422804,영등포구,신길동 70-23,37.51319885,126.92352295,2022-11-21 00:00:00,10.0,QR,395,21.31645569620253,2.131645569620253,2,4,2,3,3,14,2.8000000000000003,검토,3
2650,2650.위례22단지 2208동 다리앞,5776,2025-06-01,2026-06-30,0.3410664819944598,0.171398891966759,0.24480609418282548,0.12846260387811634,송파구,위례광장로163,37.47854996,127.13813782,2020-01-21 00:00:00,7.0,QR,395,14.622784810126582,2.0889692585895117,2,5,1,3,3,14,2.8000000000000003,검토,0
2095,2095.경문고등학교 앞,8907,2025-06-01,2026-06-30,0.19838329403839677,0.23082968451779498,0.24261816548781856,0.21556079488043112,동작구, 동작구 동작동 산1-13,37.49150085,126.98240662,2020-04-24 00:00:00,10.0,QR,395,22.549367088607596,2.2549367088607597,2,4,2,3,3,14,2.8000000000000003,검토,0
2535,2535.신반포역 3번출구 뒤,5525,2025-06-01,2026-06-30,0.18642533936651584,0.287420814479638,0.2997285067873303,0.1712217194570136,서초구,서초구 신반포로 ,37.50362396,126.99732208,2020-02-21 00:00:00,10.0,QR,395,13.987341772151899,1.3987341772151898,2,3,3,5,2,15,2.8,검토,3
1772,1772.시립도봉노인복지관 버스정류소,7582,2025-06-01,2026-06-30,0.19612239514639937,0.2342389870746505,0.2823793194407808,0.23832761804273278,도봉구,서울특별시 도봉구 쌍문동 45-13,37.65805054,127.03575897,2020-03-23 00:00:00,10.0,QR,395,19.19493670886076,1.919493670886076,2,4,2,5,2,15,2.8,검토,3
3525,3525. 금호스포츠센터앞,7154,2025-06-01,2026-06-30,0.15683533687447582,0.27564998602180596,0.3262510483645513,0.18842605535364831,성동구,서울특별시 성동구 금호로 30 독서당 인문아카데미센터,37.54608917,127.02507019,2018-10-24 00:00:00,15.0,LCD,395,18.11139240506329,1.2074261603375527,2,3,3,5,2,15,2.8,검토,3
3110,3110.홍은 현대아이파크 아파트 202동 앞,8066,2025-06-01,2026-06-30,0.19873543268038682,0.2599801636498884,0.29518968509794197,0.18819737168361023,서대문구,홍은동 202-6,37.58928299,126.93694305,2020-04-09 00:00:00,15.0,QR,395,20.42025316455696,1.361350210970464,2,4,2,5,2,15,2.8,검토,3
748,748. 목동운동장,7848,2025-06-01,2026-06-30,0.09403669724770643,0.3929663608562691,0.3152395514780836,0.08664627930682976,양천구,서울특별시 양천구 안양천로 939,37.53025055,126.87930298,2017-11-01 16:00:00,15.0,LCD,395,19.868354430379746,1.3245569620253164,2,1,5,5,2,15,2.8,검토,2
2917,2917.신창중학교 후문 맞은편 버스정류장,12902,2025-06-01,2026-06-30,0.16129282281816773,0.21841574949620213,0.26569524104789954,0.18105720043404122,노원구,서울특별시 노원구 월계동 855-26,37.62807083,127.04692078,2020-03-30 00:00:00,10.0,QR,395,32.663291139240506,3.2663291139240505,3,3,1,4,4,15,2.8,검토,3
2539,2539.대한무역투자진흥공사 KOTRA 앞,14084,2025-06-01,2026-06-30,0.05410394774211871,0.48736154501562057,0.062482249360976995,0.03997443907980687,서초구,서초구 헌릉로 13,37.46540833,127.04377747,2020-02-19 00:00:00,20.0,QR,395,35.655696202531644,1.7827848101265822,4,1,5,1,2,13,2.8,검토,2
5341,5341.공릉동효성아파트 앞,12728,2025-06-01,2026-06-30,0.18478944060339408,0.2065524827152734,0.2728629792583281,0.21598051539912005,노원구,노원구 공릉로34길 45,37.62356186,127.08138275,2025-04-04 00:00:00,10.0,QR,395,32.22278481012658,3.2222784810126583,3,3,1,4,4,15,2.8,검토,3
2038,2038. 동작역 7번출구,6951,2025-06-01,2026-06-30,0.11379657603222558,0.33247014818011794,0.3323262839879154,0.21148036253776434,동작구,서울특별시 동작구 현충로 지하 220,37.50318146,126.97608948,2017-05-12 11:08:14,10.0,LCD,395,17.59746835443038,1.759746835443038,2,2,4,5,2,15,2.8,검토,3
810,810. 이태원지하보도,7230,2025-06-01,2026-06-30,0.11645919778699862,0.32378976486860306,0.30940525587828493,0.2557399723374827,용산구,서울특별시 용산구 용산동2가 5-1812 이태원지하보도,37.53841019,126.98664856,2016-06-29 12:00:00,10.0,LCD,395,18.303797468354432,1.8303797468354432,2,2,4,5,2,15,2.8,검토,3
919,919. 서울혁신파크,6218,2025-06-01,2026-06-30,0.12769379221614668,0.3136056609842393,0.3018655516243165,0.194274686394339,은평구,서울특별시 은평구 녹번동 15-2 서울혁신파크,37.60702515,126.93331146,2016-09-02 11:00:00,10.0,LCD,395,15.741772151898735,1.5741772151898734,2,2,4,5,2,15,2.8,검토,3
4809,"4809. 동성1,2차 아파트 앞",12197,2025-06-01,2026-06-30,0.14757727309994262,0.25309502336640155,0.2726080183651718,0.25621054357628925,중랑구,서울특별시 중랑구 신내로 126 동성아파트,37.61022568,127.09628296,2021-02-15 00:00:00,8.0,QR,395,30.878481012658227,3.8598101265822784,3,2,2,4,4,15,2.8,검토,3
4637,4637. 용산시티파크 101동 앞,5789,2025-06-01,2026-06-30,0.15287614441181552,0.2762135083779582,0.31421661772326825,0.18103299360856798,용산구,서울특별시 용산구 한강로3가 64,37.52468109,126.96819305,2022-06-09 00:00:00,10.0,QR,395,14.655696202531646,1.4655696202531645,2,3,3,5,2,15,2.8,검토,3
4941,4941.압구정로 11길,5034,2025-08-19,2026-06-30,0.07965832340087406,0.355383392928089,0.3690901867302344,0.22169249106078665,강남구,강남구 압구정로11길 17 미성아파트,37.52594757,127.02082825,2025-08-19 00:00:00,10.0,QR,316,15.930379746835444,1.5930379746835444,2,1,5,5,2,15,2.8,검토,3
863,863.이촌역2번 출구,6274,2025-06-01,2026-06-30,0.102327064073956,0.3673892253745617,0.358144724258846,0.04670066942939114,용산구,서울특별시 용산구 용산동5가 17,37.52177048,126.977005,2020-04-07 00:00:00,10.0,QR,395,15.883544303797468,1.5883544303797468,2,1,5,5,2,15,2.8,검토,3
869,869.노들섬 동측 앞,5662,2025-06-01,2026-06-30,0.08318615330271989,0.4085128929706817,0.4033910279053338,0.2041681384669728,용산구,서울특별시 용산구 이촌동 303-8,37.51729584,126.95914459,2020-04-03 00:00:00,10.0,QR,395,14.334177215189873,1.4334177215189874,2,1,5,5,2,15,2.8,검토,3
1696,1696.수락리버시티4단지,6777,2025-06-01,2026-06-30,0.24332300427917958,0.23919138261767744,0.2962962962962963,0.14121292607348385,노원구,서울특별시 노원구 누원로 18 수락리버시티4단지,37.68645096,127.05283356,2020-03-21 00:00:00,10.0,QR,395,17.156962025316457,1.7156962025316456,2,4,2,5,2,15,2.8,검토,0
3643,3643. 더시그넘하우스 앞,8479,2025-06-01,2026-06-30,0.18646066753154852,0.2657152966151669,0.20132091048472697,0.09989385540747729,강남구,자곡로 174-14,37.47267914,127.10375977,2021-07-13 00:00:00,5.0,QR,395,21.465822784810126,4.293164556962025,2,3,3,1,4,13,2.8,검토,0
828,828. 숙대입구역 8번,10703,2025-06-01,2026-06-30,0.09679529103989536,0.29290853031860226,0.2708586377651126,0.2858077174623937,용산구,서울특별시 용산구 한강대로 289 숙대입구역 8번,37.54407883,126.97200012,2017-11-28 11:57:13,7.0,LCD,395,27.09620253164557,3.8708860759493673,3,1,3,4,4,15,2.8,검토,3
5099,5099. LG사이언스파크 E7동,21199,2025-06-01,2026-06-30,0.041605736119628284,0.582480305674796,0.050332562856738525,0.05137034765790839,강서구,마곡동 770-1,37.56153488,126.8319397,2023-08-25 00:00:00,40.0,QR,395,53.66835443037974,1.3417088607594936,4,1,5,1,2,13,2.8,검토,2
840,840. 용산 파크타워 앞,5800,2025-06-01,2026-06-30,0.1743103448275862,0.28172413793103446,0.3074137931034483,0.15758620689655173,용산구,서울특별시 용산구 서빙고로 67 용산 파크타워 앞,37.52365112,126.97026825,2018-10-14 00:00:00,10.0,LCD,395,14.683544303797468,1.4683544303797469,2,3,3,5,2,15,2.8,검토,3
299,299.여의도 순복음교회,6444,2025-06-01,2026-06-30,0.05648665425201738,0.41123525760397267,0.468032278088144,0.2191185599006828,영등포구,영등포구 여의도동 8,37.53179169,126.92245483,2020-03-06 00:00:00,10.0,QR,395,16.313924050632913,1.6313924050632913,2,1,5,5,2,15,2.8,검토,3
3761,3761. 나이아가라관광호텔,7020,2025-06-01,2026-06-30,0.21153846153846154,0.25213675213675213,0.28390313390313393,0.19301994301994302,강서구,양천로743,37.5490303,126.87836456,2020-11-11 00:00:00,10.0,QR,395,17.772151898734176,1.7772151898734176,2,4,2,5,2,15,2.8,검토,0
5751,5751. 송파여성축구장,6098,2025-06-01,2026-06-30,0.11511971138078059,0.3258445391931781,0.34617907510659235,0.15726467694326007,송파구,방이동 88-9,37.52471542,127.11743927,2022-05-19 00:00:00,10.0,QR,395,15.437974683544304,1.5437974683544304,2,2,4,5,2,15,2.8,검토,3
1456,1456. 상아빌딩(우림시장 교차로),13668,2025-06-01,2026-06-30,0.14464442493415278,0.23324553702077847,0.2660228270412643,0.239537606087211,중랑구,서울특별시 중랑구 용마산로 494 상아빌딩(우림시장 교차로),37.59511185,127.10032654,2018-02-26 11:05:33,10.0,LCD,395,34.60253164556962,3.460253164556962,3,2,2,4,4,15,2.8,검토,3
490,490.가온문화공원,17420,2025-06-01,2026-06-30,0.05774971297359357,0.4479334098737084,0.18340987370838116,0.1431687715269805,마포구,마포구 상암동 1594,37.58207703,126.88766479,2020-04-06 00:00:00,23.0,QR,395,44.10126582278481,1.9174463401210786,4,1,5,1,2,13,2.8,검토,2
3623,3623. 일원에코파크 앞(개포로 방면),5782,2025-06-01,2026-06-30,0.1900726392251816,0.2812175717744725,0.2943618125216188,0.14095468695952956,강남구,개포로 670,37.49587631,127.08650208,2021-02-24 00:00:00,10.0,QR,395,14.637974683544304,1.4637974683544304,2,3,3,5,2,15,2.8,검토,0
2801,2801. 대륭포스트타워1차,22097,2025-06-01,2026-06-30,0.02701724215956917,0.5913924967190116,0.11671267592885912,0.11187038964565325,구로구,구로구 디지털로31길 33-1,37.48437119,126.89542389,2019-07-18 00:00:00,30.0,LCD,395,55.94177215189873,1.8647257383966245,4,1,5,1,2,13,2.8,검토,2
1641,1641. 한내근린공원 남측,8688,2025-06-01,2026-06-30,0.1796731123388582,0.27578268876611417,0.292817679558011,0.15906998158379373,노원구,서울특별시 노원구 마들로 86 한내근린공원 남측,37.62155533,127.06951141,2017-08-30 12:48:18,15.0,LCD,395,21.99493670886076,1.4663291139240506,2,3,3,5,2,15,2.8,검토,3
864,864.순천향대학병원(한남오거리),7566,2025-06-01,2026-06-30,0.06079830822098863,0.3887126619085382,0.28363732487443827,0.2505947660586836,용산구,서울특별시 용산구 한남동 704-11,37.53514099,127.00600433,2020-04-05 00:00:00,10.0,QR,395,19.154430379746834,1.9154430379746834,2,1,5,5,2,15,2.8,검토,3
851,851.효창 푸르지오 앞,6363,2025-06-01,2026-06-30,0.1962910576771963,0.2585258525852585,0.29655822725129655,0.19126198334119127,용산구,서울특별시 용산구 백범로 260 효창파크 푸르지오,37.54047775,126.95811462,2020-03-28 00:00:00,10.0,QR,395,16.10886075949367,1.610886075949367,2,4,2,5,2,15,2.8,검토,3
1296,1296. 석촌호수교차로 (송파나루근린공원 앞),7803,2025-06-01,2026-06-30,0.11213635781109829,0.3391003460207612,0.34012559272074844,0.2570806100217865,송파구,송파구 잠실동 48,37.50867844,127.1034317,2018-11-05 00:00:00,10.0,LCD,395,19.754430379746836,1.9754430379746837,2,2,4,5,2,15,2.8,검토,3
1334,1334. 석관동주민센터 앞,16012,2025-06-01,2026-06-30,0.13733449912565576,0.23882088433674745,0.21958531101673745,0.2639895078690982,성북구,서울특별시 성북구 화랑로 296 성북구 석관동 384-2,37.61299896,127.06130981,2017-04-26 15:03:20,10.0,LCD,395,40.5367088607595,4.05367088607595,4,2,2,2,4,14,2.8,검토,3
5089,5089. LG사이언스파크 E10동,21585,2025-06-01,2026-06-30,0.05823488533703961,0.4813527912902479,0.04113968033356498,0.029186935371785964,강서구,마곡동 788-5,37.56364822,126.83454132,2022-08-29 00:00:00,40.0,QR,395,54.64556962025316,1.366139240506329,4,1,5,1,2,13,2.8,검토,2
4084,4084. 도봉동실내스포츠센터,10806,2025-06-01,2026-06-30,0.175643161206737,0.26022580048121413,0.24245789376272442,0.20035165648713676,도봉구,서울특별시 도봉구 도봉구 마들로 805 (도봉동실내스포츠센터 앞),37.68125534,127.05047607,2022-02-11 00:00:00,10.0,QR,395,27.356962025316456,2.7356962025316456,3,3,2,3,3,14,2.7500000000000004,검토,3
1557,1557.신창교,11349,2025-06-01,2026-06-30,0.16538902105912415,0.25579346197902897,0.25500044056745086,0.20089875759978854,강북구,서울특별시 강북구 번동 612-3,37.63238144,127.03930664,2020-03-27 00:00:00,10.0,QR,395,28.73164556962025,2.873164556962025,3,3,2,3,3,14,2.7500000000000004,검토,3
720,720. 서울강월초등학교 앞,9294,2025-06-01,2026-06-30,0.18807833010544436,0.23294598665805896,0.2591994835377663,0.2267054013341941,양천구,서울특별시 양천구 신월로 97,37.5161972,126.8348999,2016-07-06 12:00:00,10.0,LCD,395,23.529113924050634,2.3529113924050633,3,3,2,3,3,14,2.7500000000000004,검토,3
3311,3311.서울대입구역 4번 출구,9954,2025-06-01,2026-06-30,0.06801285915209966,0.33936106088004825,0.2596945951376331,0.27034358047016277,관악구,참숯5길 7,37.48122025,126.95157623,2020-04-30 00:00:00,12.0,QR,395,25.2,2.1,3,1,4,3,3,14,2.7500000000000004,검토,3
2089,2089.사당역10번출구(금강빌딩),9939,2025-06-01,2026-06-30,0.12536472482141062,0.2760841130898481,0.25978468658818793,0.29560317939430525,동작구, 동작구 동작대로 29,37.4791069,126.98150635,2020-04-26 00:00:00,10.0,QR,395,25.162025316455697,2.5162025316455696,3,2,3,3,3,14,2.7500000000000004,검토,3
2237,2237.서울남부터미널 대합실 입구,9111,2025-06-01,2026-06-30,0.1482822961255625,0.3625288113269674,0.23169794753594555,0.1468554494567007,서초구,서울특별시 서초구 서초중앙로 지하 31,37.48455811,127.01486969,2017-06-01 10:36:08,20.0,LCD,395,23.065822784810127,1.1532911392405063,3,2,5,2,1,13,2.7500000000000004,검토,2
2603,2603. 송파 글마루 도서관,11110,2025-06-01,2026-06-30,0.18775877587758777,0.24131413141314131,0.2538253825382538,0.10423042304230423,송파구,송파구 충민로 1206,37.48095322,127.13010406,2018-09-14 00:00:00,10.0,LCD,395,28.126582278481013,2.812658227848101,3,3,2,3,3,14,2.7500000000000004,검토,0
4095,4095. 방학브라운스톤아파트,9336,2025-06-01,2026-06-30,0.16966580976863754,0.24443016281062555,0.24507283633247642,0.21604541559554413,도봉구,도봉로146길 36,37.66289139,127.04540253,2023-10-05 00:00:00,8.0,QR,395,23.635443037974685,2.9544303797468356,3,3,2,3,3,14,2.7500000000000004,검토,3
4406,4406. 장곡초등학교 앞,11107,2025-06-01,2026-06-30,0.1760151255964707,0.23759791122715404,0.2536238408211038,0.25605474025389396,성북구,서울특별시 성북구 장위동 237-132,37.61745453,127.04844666,2021-04-12 00:00:00,10.0,QR,395,28.11898734177215,2.8118987341772153,3,3,2,3,3,14,2.7500000000000004,검토,3
1937,1937. 한진아파트 입구,12538,2025-06-01,2026-06-30,0.2088849896315202,0.2088052320944329,0.2580156324772691,0.24948157600893284,구로구,서울특별시 구로구 개봉로3길 87,37.4860611,126.85201263,2017-05-11 11:30:11,15.0,LCD,395,31.741772151898733,2.1161181434599157,3,4,1,3,3,14,2.7500000000000004,검토,3
1454,1454. 한국전력공사(동대문 중랑지사),9207,2025-06-01,2026-06-30,0.17617030520256327,0.24025198218746605,0.24861518409905506,0.2000651678071033,중랑구,서울특별시 중랑구 동일로 862 한국전력공사(동대문 중랑지사),37.6073494,127.07859039,2017-12-22 14:24:48,10.0,LCD,395,23.308860759493673,2.3308860759493673,3,3,2,3,3,14,2.7500000000000004,검토,3
251,251. 서울지방병무청 버스정류장,9599,2025-06-01,2026-06-30,0.1331388686321492,0.27325763100322953,0.25867277841441816,0.2087717470569851,영등포구,서울특별시 영등포구 신길동853,37.50449371,126.92195129,2016-06-29 12:00:00,10.0,QR,395,24.30126582278481,2.430126582278481,3,2,3,3,3,14,2.7500000000000004,검토,3
282,282. 신한은행 대림동지점,9204,2025-06-01,2026-06-30,0.1727509778357236,0.2510864841373316,0.2508691873098653,0.21349413298565842,영등포구,시흥대로 617,37.48752975,126.90487671,2018-09-28 00:00:00,10.0,LCD,395,23.30126582278481,2.330126582278481,3,3,2,3,3,14,2.7500000000000004,검토,3
958,958. 본 서부병원 버스정류장(은평 세무서 방면),12835,2025-06-01,2026-06-30,0.16758862485391507,0.2575769380599922,0.2538371640046747,0.21901051811453057,은평구,서울특별시 은평구 은평로 136 신한은행 응암동 지점 앞,37.60036087,126.92281342,2018-10-16 00:00:00,13.0,LCD,395,32.49367088607595,2.4995131450827652,3,3,2,3,3,14,2.7500000000000004,검토,3
835,835. 남영역 건너편,12073,2025-06-01,2026-06-30,0.14586266876501283,0.2915596786217179,0.2422761534001491,0.23523564979706785,용산구,서울특별시 용산구 한강대로77길 18 남영역 건너편,37.54198074,126.97154236,2017-12-22 14:20:27,10.0,LCD,395,30.564556962025318,3.0564556962025318,3,2,3,3,3,14,2.7500000000000004,검토,3
1277,1277. 성내7교,13060,2025-06-01,2026-06-30,0.23721286370597244,0.21385911179173048,0.24509954058192956,0.145635528330781,송파구,서울특별시 송파구 마천로 164,37.50562668,127.1364212,2018-02-26 11:48:42,15.0,LCD,395,33.063291139240505,2.2042194092827003,3,4,1,3,3,14,2.7500000000000004,검토,0
1339,1339. 삼성전자서비스 성북센터,10355,2025-06-01,2026-06-30,0.16755190729116368,0.2575567358763882,0.24577498792853694,0.2584258812168035,성북구,서울특별시 성북구 월계로 28 삼성전자서비스 성북센터,37.610569,127.0335083,2017-11-13 09:20:27,9.0,LCD,395,26.21518987341772,2.9127988748241913,3,3,2,3,3,14,2.7500000000000004,검토,3
4959,4959. 암사역사공원역 3번출구,2642,2025-06-01,2026-06-30,0.3516275548826647,0.3024224072672218,0.14345193035579107,0.12149886449659349,강동구,강동구 암사동 380-25,37.55744553,127.13816833,2024-09-24 00:00:00,10.0,QR,395,6.688607594936709,0.6688607594936709,1,5,4,1,1,12,2.7500000000000004,검토,0
1983,1983. 구로동롯데아파트,11853,2025-06-01,2026-06-30,0.21741331308529485,0.21403864000674935,0.2545347169492955,0.2709018813802413,구로구,서울특별시 구로구 새말로 31,37.50254822,126.88388062,2017-11-28 10:40:57,10.0,LCD,395,30.00759493670886,3.000759493670886,3,4,1,3,3,14,2.7500000000000004,검토,3
4653,4653. 불광역 9번 출구 맞은편,9873,2025-06-01,2026-06-30,0.1111111111111111,0.29099564468753164,0.2522029778182923,0.22951483844829332,은평구,불광로 41,37.61156845,126.93048859,2020-11-03 00:00:00,10.0,QR,395,24.99493670886076,2.4994936708860758,3,2,3,3,3,14,2.7500000000000004,검토,3
191,191. 서우빌딩,10164,2025-06-01,2026-06-30,0.22225501770956316,0.2081857536402991,0.24950806768988587,0.20228256591892957,서대문구,서울특별시 서대문구 응암로 66,37.57889175,126.91073608,2016-07-06 12:00:00,10.0,LCD,395,25.73164556962025,2.573164556962025,3,4,1,3,3,14,2.7500000000000004,검토,0
4782,4782. 서소문역사공원,1406,2025-06-01,2026-05-26,0.19274537695590327,0.3890469416785206,0.15433854907539118,0.0903271692745377,중구,서울특별시 중구 의주로2가 16-6,37.56157303,126.9684906,2020-10-05 00:00:00,10.0,QR,360,3.9055555555555554,0.39055555555555554,1,4,5,1,1,12,2.7500000000000004,검토,2
2368,2368. 도곡동 경남아파트 건너편,4559,2025-06-01,2026-06-30,0.1441105505593332,0.3410835709585435,0.2660671199824523,0.1789866198727791,강남구,서울특별시 강남구 도곡동 874-1,37.48934174,127.04129791,2017-11-01 16:00:00,7.0,QR,395,11.541772151898734,1.6488245931283905,1,2,5,4,2,14,2.75,검토,3
815,815. LIG강촌아파트 103동앞,14162,2025-06-01,2026-06-30,0.14270583250953256,0.2790566304194323,0.3058183872334416,0.20533822906369156,용산구,서울특별시 용산구 이촌동301-5 LIG강촌아파트 103동앞,37.51850891,126.97879791,2016-06-29 12:00:00,30.0,QR,395,35.85316455696203,1.1951054852320675,4,2,3,5,1,15,2.75,검토,3
1759,1759.서울북부지방법원 앞,7282,2025-06-01,2026-06-30,0.16547651744026368,0.33891787970337817,0.21450151057401812,0.15352925020598737,도봉구,서울특별시 도봉구 마들로 749 서울북부지방법원,37.67721939,127.04863739,2020-03-18 00:00:00,10.0,QR,395,18.435443037974682,1.8435443037974681,2,3,4,2,2,13,2.75,검토,2
939,939. 은평구청 교차로,7445,2025-06-01,2026-06-30,0.11793149764942915,0.3462726662189389,0.21155137676292815,0.22968435191403627,은평구,서울특별시 응암동 82-31 은평구청 교차로,37.60169983,126.92742157,2017-11-01 16:00:00,15.0,LCD,395,18.848101265822784,1.2565400843881855,2,2,5,2,2,13,2.75,검토,3
607,607. 신이문역 2번출구,8992,2025-06-01,2026-06-30,0.1561387900355872,0.3290702846975089,0.22597864768683273,0.1836076512455516,동대문구,서울특별시 동대문구 이문동186-1 신이문역 2번출구,37.60271072,127.06786346,2016-06-29 12:00:00,15.0,LCD,395,22.764556962025317,1.5176371308016878,2,3,4,2,2,13,2.75,검토,3
192,192. 연서어린이공원,5408,2025-06-01,2026-06-30,0.3333949704142012,0.23816568047337278,0.23298816568047337,0.10336538461538461,서대문구,서울특별시 서대문구 연희동 519-7,37.57222748,126.92306519,2016-07-06 12:00:00,10.0,QR,395,13.69113924050633,1.369113924050633,2,5,2,2,2,13,2.75,검토,0
2272,2272. 교대입구 교차로,5883,2025-06-01,2026-06-30,0.1198368179500255,0.3640999490056094,0.20958694543600204,0.17593064762876084,서초구,서울특별시 서초동 1748-33,37.4873085,127.01058197,2017-11-01 16:00:00,10.0,LCD,395,14.893670886075949,1.489367088607595,2,2,5,2,2,13,2.75,검토,2
822,822. 이촌1동 마을공원,5764,2025-06-01,2026-06-30,0.18667591950034698,0.3043025676613463,0.24011103400416378,0.13584316446911868,용산구,서울특별시 용산구 이촌로 219 이촌1동 마을공원,37.52202606,126.96618652,2016-07-06 12:00:00,10.0,QR,395,14.592405063291139,1.4592405063291138,2,3,4,2,2,13,2.75,검토,0
1749,1749. ESA아파트 상가 앞,14198,2025-06-01,2026-06-30,0.105226088181434,0.2646147344696436,0.2807437667277081,0.32476405127482744,도봉구,서울특별시 도봉구 도봉로150길 43 ESA 아파트,37.66627121,127.04598999,2020-03-21 00:00:00,10.0,QR,395,35.94430379746836,3.5944303797468358,4,1,2,4,4,15,2.75,검토,3
1303,1303. 돈암초교 입구,7869,2025-06-01,2026-06-30,0.28351760071165333,0.2399288346676833,0.22671241580887025,0.18236116406150718,성북구,서울특별시 성북구 동소문로13길 38 돈암초교,37.59169388,127.01249695,2017-06-30 10:39:15,10.0,LCD,395,19.921518987341774,1.9921518987341773,2,5,2,2,2,13,2.75,검토,0
4642,4642. 용산더프라임아파트 101동 앞,4882,2025-06-01,2026-06-30,0.19582138467841048,0.29229823842687425,0.26607947562474393,0.1356001638672675,용산구,서울특별시 용산구 문배동 44,37.53930283,126.97050476,2022-10-17 00:00:00,10.0,QR,395,12.359493670886076,1.2359493670886077,1,4,3,4,2,14,2.75,검토,0
3432,3432.종로2가 사거리,15035,2025-06-01,2026-06-30,0.09810442301296973,0.3100764881942135,0.20359161955437313,0.18889258397073494,종로구,서울특별시 종로구 종로 98 와이.비.엠 종로빌딩,37.57001877,126.98880768,2020-02-10 00:00:00,15.0,QR,395,38.063291139240505,2.537552742616034,4,1,4,1,3,13,2.75,검토,3
1750,1750. 창포원 남쪽 입구,9348,2025-06-01,2026-06-30,0.09039366709456569,0.3053059477963201,0.3286264441591784,0.16955498502353444,도봉구,서울특별시 도봉구 마들로 916 방문자센터,37.68826675,127.04889679,2020-03-23 00:00:00,12.0,QR,395,23.66582278481013,1.9721518987341773,3,1,4,5,2,15,2.75,검토,3
1253,1253. 오금역 3번 출구 뒤,7923,2025-06-01,2026-06-30,0.20194370819134166,0.27136185788211536,0.21519626404139847,0.19373974504606842,송파구,서울특별시  송파구 가락동 10-15 ,37.50165176,127.12818146,2017-11-01 16:00:00,10.0,LCD,395,20.058227848101264,2.0058227848101264,2,4,3,2,2,13,2.75,검토,0
4362,4362. 행당중학교 후문,6749,2025-06-01,2026-06-30,0.09453252333679063,0.3181212031412061,0.31752852274411025,0.2424062824122092,성동구,서울특별시 성동구 왕십리로189,37.5540123,127.04154968,2020-11-03 00:00:00,8.0,QR,395,17.08607594936709,2.135759493670886,2,1,4,5,3,15,2.75,검토,3
3411,3411.종묘,12914,2025-06-01,2026-06-30,0.1531671054669351,0.25367817872076814,0.16772494966702803,0.13194982189871457,종로구,서울특별시 종로구 종로 153-2 가로판매대,37.57072067,126.99437714,2020-02-10 00:00:00,10.0,QR,395,32.69367088607595,3.269367088607595,3,3,2,1,4,13,2.75,검토,0
536,536. 행당역 2번출구 앞,7933,2025-06-01,2026-06-30,0.23874952729106266,0.21845455691415605,0.28324719526030506,0.23849741585780915,성동구,서울특별시 성동구 행당동 347-11 행당역 2번출구 앞,37.55735016,127.02921295,2016-06-29 12:00:00,8.0,LCD,395,20.083544303797467,2.5104430379746834,2,4,1,5,3,15,2.75,검토,0
4835,4835. 망우동 본죽 앞,8724,2025-06-01,2026-06-30,0.24105914718019258,0.19188445667125173,0.2545850527281064,0.2038055937643283,중랑구,서울특별시 중랑구 망우로 467,37.60064316,127.10404968,2021-11-11 00:00:00,7.0,QR,395,22.08607594936709,3.1551537070524414,2,4,1,3,4,14,2.75,검토,0
1403,1403. 중화빌딩 앞 (동부시장),9897,2025-06-01,2026-06-30,0.08760230372840255,0.3205011619682732,0.29069414974234614,0.29695867434576134,중랑구,서울특별시 중랑구 망우로 211 중화빌딩,37.59424973,127.07657623,2017-04-26 14:55:07,15.0,LCD,395,25.055696202531646,1.670379746835443,3,1,4,5,2,15,2.75,검토,3
4040,4040. 공릉로 26길,8893,2025-06-01,2026-06-30,0.16248734960080963,0.24041380861351624,0.3095693241875633,0.24648600022489597,노원구,서울특별시 노원구 공릉동 656-6,37.61965561,127.08146667,2021-07-15 00:00:00,10.0,QR,395,22.513924050632912,2.2513924050632914,2,3,2,5,3,15,2.75,검토,3
3416,3416.동묘앞역 6번출구,23423,2025-06-01,2026-06-30,0.12846347607052896,0.21722238825086454,0.2269991034453315,0.2787004226614866,종로구,서울특별시 종로구 창신동 397-6,37.5715332,127.01561737,2020-02-04 00:00:00,15.0,QR,395,59.29873417721519,3.953248945147679,5,2,1,2,4,14,2.75,검토,3
3776,3776. 김포공항사거리,6359,2025-06-01,2026-06-30,0.19971693662525555,0.2714263248938512,0.23321276930334958,0.16291869790847618,강서구,방화동651-1,37.5675354,126.80518341,2020-11-09 00:00:00,10.0,QR,395,16.09873417721519,1.6098734177215188,2,4,3,2,2,13,2.75,검토,0
4774,4774. 을지로입구역 8번출구,6648,2025-06-01,2026-06-30,0.12575210589651023,0.36236462093862815,0.2181107099879663,0.10093261131167268,중구,서울특별시 중구 을지로1가 140-1,37.56590271,126.98178101,2020-09-23 00:00:00,9.0,QR,395,16.830379746835444,1.8700421940928271,2,2,5,2,2,13,2.75,검토,2
4316,4316. 고속터미널역 3번출구,8036,2025-06-01,2026-06-30,0.1441015430562469,0.4035589845694375,0.2651816824290692,0.13750622200099552,서초구,반포동 118-3,37.50365829,127.0059433,2021-02-19 00:00:00,25.0,QR,395,20.344303797468353,0.8137721518987341,2,2,5,4,1,14,2.75,검토,2
2416,2416.한티역 6번 출구,6614,2025-06-01,2026-06-30,0.17750226791654067,0.3096462050196553,0.22195343211369822,0.20078621106743272,강남구,선릉로 227,37.4958992,127.05219269,2020-02-14 00:00:00,10.0,QR,395,16.744303797468355,1.6744303797468354,2,3,4,2,2,13,2.75,검토,3
1652,1652. 파르코 앞,4909,2025-06-01,2026-06-30,0.12487268282745977,0.34426563454878795,0.2678753310246486,0.18435526583825626,노원구,서울특별시 노원구 상계동 1263 파르코 앞,37.68000031,127.05558014,2017-11-01 16:00:00,10.0,LCD,395,12.427848101265823,1.2427848101265824,1,2,5,4,2,14,2.75,검토,3
1086,1086.래미안 솔베뉴(구천면로),8182,2025-06-01,2026-06-30,0.14690784649230018,0.2714495233439257,0.2837936934734784,0.2504277682718162,강동구,양재대로1650,37.55059814,127.14545441,2020-01-10 00:00:00,10.0,QR,395,20.71392405063291,2.0713924050632913,2,2,3,5,3,15,2.75,검토,3
2205,2205. 내곡3단지 어린이공원 앞,7486,2025-06-01,2026-06-30,0.3387656959658028,0.24646005877638258,0.23056371894202513,0.08388992786534866,서초구,서울특별시 서초구 청계산로9길 76,37.45375061,127.05937958,2017-06-01 10:05:00,15.0,LCD,395,18.951898734177217,1.2634599156118145,2,5,2,2,2,13,2.75,검토,0
4615,4615. 크라운호텔앞 버스정류소,7085,2025-06-01,2026-06-30,0.04700070571630205,0.3165843330980946,0.33733239237826396,0.24841213832039521,용산구,서울특별시 용산구 녹사평대로 140,37.53030014,126.99137878,2020-10-29 00:00:00,7.0,QR,395,17.936708860759495,2.5623869801084993,2,1,4,5,3,15,2.75,검토,3
416,416. 상암월드컵파크 1단지 교차로,7799,2025-06-01,2026-06-30,0.11514296704705732,0.3845364790357738,0.22143864598025387,0.2065649442236184,마포구,서울특별시 마포구 월드컵북로 502-7,37.57566452,126.89444733,2015-10-07 11:44:53,12.0,QR,395,19.744303797468355,1.6453586497890296,2,2,5,2,2,13,2.75,검토,2
4462,4462. 가락중학교 앞,7955,2025-06-01,2026-06-30,0.15047140163419234,0.2339409176618479,0.28698931489629165,0.26976744186046514,송파구,송파동166-2,37.50223541,127.11728668,2021-01-05 00:00:00,8.0,QR,395,20.139240506329113,2.517405063291139,2,3,2,5,3,15,2.75,검토,3
2312,2312. 청담역 13번 출구 앞,5712,2025-06-01,2026-06-30,0.23336834733893558,0.2934173669467787,0.22741596638655462,0.19660364145658263,강남구,서울특별시 강남구 영동대로 703,37.52058029,127.05632782,2017-06-13 10:44:15,10.0,LCD,395,14.460759493670887,1.4460759493670887,2,4,3,2,2,13,2.75,검토,0
2215,2215. 반포종합운동장 입구,9002,2025-06-01,2026-06-30,0.1287491668518107,0.28315929793379246,0.29293490335481004,0.20739835592090647,서초구,서울특별시 서초구 신반포로16길 30,37.5017128,126.99547577,2017-06-27 15:27:50,10.0,LCD,395,22.78987341772152,2.278987341772152,2,2,3,5,3,15,2.75,검토,3
1274,1274. 영파여고 앞,18025,2025-06-01,2026-06-30,0.15611650485436893,0.24360610263522886,0.20743411927877947,0.19983356449375866,송파구,서울특별시 송파구 올림픽로 565,37.53284836,127.12104797,2017-11-01 16:00:00,20.0,LCD,395,45.63291139240506,2.2816455696202533,4,3,2,1,3,13,2.75,검토,3
142,142. 아현역 4번출구 앞,8186,2025-06-01,2026-06-30,0.2176887368678231,0.28805277302711946,0.23882237967261177,0.23430246762765697,마포구,서울특별시 마포구 아현동 329-15,37.55720139,126.95566559,2016-06-29 12:00:00,11.0,LCD,395,20.724050632911393,1.8840046029919448,2,4,3,2,2,13,2.75,검토,3
2920,2920.상계중학교(당현2교사거리),10848,2025-06-01,2026-06-30,0.16159660766961653,0.2633665191740413,0.2928650442477876,0.2617994100294985,노원구,서울특별시 노원구 상계동 225-5,37.65103531,127.06871033,2020-03-23 00:00:00,14.0,QR,395,27.463291139240507,1.9616636528028935,3,3,2,5,2,15,2.75,검토,3
4173,4173. 중대후문 마을버스정류장,5811,2025-06-01,2026-06-30,0.13285148855618653,0.26570297711237306,0.30304594734124934,0.30270177250043023,동작구,양녕로 282,37.50444412,126.95025635,2021-04-29 00:00:00,7.0,QR,395,14.711392405063291,2.101627486437613,2,2,3,5,3,15,2.75,검토,3
3814,3814. 난곡사거리 ,14791,2025-06-01,2026-06-30,0.10357649922250017,0.2529240754512879,0.26428233385166655,0.33405449259684944,관악구,남부순환로1483,37.48204803,126.91524506,2021-07-16 00:00:00,10.0,QR,395,37.44556962025317,3.7445569620253165,4,1,2,4,4,15,2.75,검토,3
3686,3686. 고덕 래미안 힐스테이트(101동),8999,2025-06-01,2026-06-30,0.22358039782198022,0.222246916324036,0.2820313368152017,0.18168685409489943,강동구,강동구 아리수로50길 50,37.55885696,127.15148926,2021-07-02 00:00:00,8.0,QR,395,22.782278481012657,2.847784810126582,2,4,1,5,3,15,2.75,검토,0
2518,2518. 서초동 현대아파트 앞,5564,2025-06-01,2026-06-27,0.2187275341480949,0.2778576563623293,0.21908698777857658,0.14791516894320633,서초구,서울특별시 서초구 효령로70길,37.48731613,127.02489471,2020-02-19 00:00:00,10.0,QR,392,14.193877551020408,1.4193877551020408,2,4,3,2,2,13,2.75,검토,0
2026,2026. 흑석역 4번출구,6015,2025-06-01,2026-06-30,0.17755610972568578,0.30440565253532836,0.21612635078969245,0.1827098919368246,동작구,서울특별시 동작구 현충로 지하 90,37.50858688,126.96349335,2017-07-05 11:51:20,10.0,LCD,395,15.227848101265822,1.5227848101265822,2,3,4,2,2,13,2.75,검토,3
180,180. 충정로역 7번출구 아래,7543,2025-06-01,2026-06-30,0.17512925891555084,0.32904679835609174,0.22418136020151133,0.1836139467055548,서대문구,서울특별시 서대문구 충정로3가 56-1,37.55996704,126.96246338,2016-06-29 12:00:00,10.0,LCD,395,19.09620253164557,1.909620253164557,2,3,4,2,2,13,2.75,검토,3
1551,1551.4.19탑 앞,7912,2025-06-01,2026-06-30,0.16835187057633974,0.24115267947421637,0.2991658240647118,0.21688574317492418,강북구,서울특별시 강북구 수유동 567-55,37.64686203,127.00881195,2020-03-25 00:00:00,8.0,QR,395,20.030379746835443,2.5037974683544304,2,3,2,5,3,15,2.75,검토,3
571,571. 세종대학교 대양AI센터,17633,2025-06-01,2026-06-30,0.1597572732943912,0.2635399534962854,0.1822718765950207,0.11591901548233426,광진구,서울특별시 광진구 군자동 98-22,37.55039597,127.07585907,2016-07-06 12:00:00,20.0,QR,395,44.640506329113926,2.2320253164556965,4,3,2,1,3,13,2.75,검토,0
623,623. 서울시립대 정문 앞 B,18738,2025-06-13,2026-06-30,0.12680115273775217,0.27100010673497704,0.25653751734443375,0.24170135553420857,동대문구,서울특별시 동대문구 서울시립대로 161 서울시립대 정문 앞(시더프라자빌딩 앞),37.58369827,127.0538559,2016-07-06 12:00:00,25.0,LCD,383,48.9242819843342,1.956971279373368,4,2,3,3,2,14,2.7499999999999996,검토,3
5314,5314. 월계1동주민센터 앞,11017,2025-06-01,2026-06-30,0.14713624398656622,0.25052192066805845,0.24571117364073705,0.2160297721702823,노원구,서울특별시 노원구 석계로 59 월계1동주민센터,37.61985016,127.06310272,2022-09-06 00:00:00,6.0,QR,395,27.89113924050633,4.648523206751055,3,2,2,3,4,14,2.7,검토,3
1709,1709. 쌍문역4번출구 주변,11945,2025-06-01,2026-06-30,0.10213478442863122,0.377480117203851,0.22444537463373795,0.17095018836333195,도봉구,서울특별시 도봉구 도봉로 지하 486-1 쌍문동 83-5,37.65012741,127.03534698,2017-05-08 15:34:25,17.0,LCD,395,30.240506329113924,1.7788533134772897,3,1,5,2,2,13,2.7,검토,2
592,592. 건국대학교 학생회관,29050,2025-06-01,2026-06-30,0.04895008605851979,0.2930464716006885,0.1420998278829604,0.11662650602409638,광진구,서울특별시 광진구 능동로 120 학생회관,37.54191208,127.07763672,2017-08-30 16:30:22,30.0,LCD,395,73.54430379746836,2.451476793248945,5,1,3,1,3,13,2.7,검토,2
324,324. 신세계백화점 본점 앞,8498,2025-06-01,2026-06-30,0.06201459166862791,0.4135090609555189,0.21522711226170863,0.10343610261237939,중구,서울특별시 중구 충무로1가 53-6,37.56143188,126.98069763,2015-10-07 12:21:14,8.0,QR,395,21.513924050632912,2.689240506329114,2,1,5,2,3,13,2.7,검토,2
4246,4246. 상수역새마을금고,7967,2025-06-01,2026-06-30,0.10267352830425505,0.2864315300615037,0.30663988954437055,0.29835571733400273,마포구,서울 마포구 독막로 8,37.54758835,126.92464447,2021-12-09 00:00:00,5.0,QR,395,20.169620253164556,4.033924050632911,2,1,3,5,4,15,2.7,검토,3
4815,4815. 중랑데시앙플렉스 앞,5110,2025-06-01,2026-06-30,0.1837573385518591,0.4046966731898239,0.13874755381604698,0.12113502935420743,중랑구,서울 중랑구 신내역로3길 40-36,37.61755371,127.10399628,2021-04-26 00:00:00,8.0,QR,395,12.936708860759493,1.6170886075949367,1,3,5,1,2,12,2.7,검토,2
339,339. 종로4가 사거리,14887,2025-06-01,2026-06-30,0.08188352253644118,0.2943507758446967,0.18338147376906025,0.13790555518237388,종로구,서울특별시 종로구 종로 185 종로4가 사거리,37.57106781,126.99819183,2015-10-07 12:30:44,10.0,QR,395,37.688607594936705,3.7688607594936707,4,1,3,1,4,13,2.7,검토,2
1396,1396.래미안장위퍼스트하이(513동),11497,2025-06-01,2026-06-30,0.23901887448899714,0.2504131512568496,0.26102461511698705,0.13481777855092633,성북구,서울특별시 성북구 장위동 201-6,37.61844254,127.05145264,2020-03-25 00:00:00,30.0,QR,395,29.10632911392405,0.9702109704641351,3,4,2,4,1,14,2.7,검토,0
826,826. 서울역 서부교차로2,13492,2025-06-01,2026-06-30,0.2832789801363771,0.22917284316632078,0.23717758671805514,0.18092202786836645,중구,서울특별시 중구 퇴계로 33 서울역 서부교차로2,37.55536652,126.96864319,2017-08-03 13:14:52,20.0,LCD,395,34.15696202531645,1.7078481012658226,3,5,1,2,2,13,2.7,검토,0
2258,2258.구룡사 삼거리,4838,2025-06-01,2026-06-30,0.21331128565522944,0.31686647374948324,0.2445225299710624,0.11409673418768086,서초구,서울특별시 강남구 논현로2길 22,37.47153854,127.05059052,2017-06-01 10:50:12,20.0,LCD,395,12.248101265822784,0.6124050632911392,1,4,4,3,1,13,2.7,검토,0
1501,"1501. 미아역 3번,4번 출구 사이",13223,2025-06-01,2026-06-30,0.10640550555849657,0.28306738259094005,0.24722075172048702,0.2691522347424941,강북구,"서울특별시 강북구 도봉로 196 미아역 3,4번 출구 사이",37.62607956,127.02648163,2017-08-03 15:47:39,9.0,LCD,395,33.47594936708861,3.7195499296765124,3,1,3,3,4,14,2.7,검토,3
2086,2086.삼일수영장 앞,13302,2025-06-01,2026-06-30,0.33198015336039693,0.1638099533904676,0.23207036535859268,0.15441287024507594,동작구, 동작구 사당로27길 103,37.48712158,126.9743576,2020-04-26 00:00:00,22.0,QR,395,33.675949367088606,1.5307249712313002,3,5,1,2,2,13,2.7,검토,0
4097,4097.숭미파출소 사거리,5161,2025-09-03,2026-06-30,0.24723890718852937,0.21391203255183103,0.23425692695214106,0.1507459794613447,도봉구,도봉구 노해로 144 시티프라디움,37.6474762,127.0260849,2025-09-03 00:00:00,8.0,QR,301,17.146179401993354,2.1432724252491693,2,5,1,2,3,13,2.7,검토,0
1336,1336. 성북3교 위,9284,2025-06-01,2026-06-30,0.2152089616544593,0.2433218440327445,0.26378716070659197,0.22641102972856528,성북구,서울특별시 성북구 보문로 192 성북3교 위,37.59125137,127.01400757,2017-11-13 09:14:22,30.0,LCD,395,23.50379746835443,0.7834599156118144,3,4,2,4,1,14,2.7,검토,0
979,979.원풍빌라앞,8245,2025-06-01,2026-06-30,0.25955124317768347,0.1716191631291692,0.22668283808368708,0.19660400242571255,은평구,서울특별시 은평구 신사동 178-9,37.59186172,126.90608215,2020-04-10 00:00:00,10.0,QR,395,20.873417721518987,2.0873417721518988,2,5,1,2,3,13,2.7,검토,0
1829,1829. 홈플러스 금천점 앞,8428,2025-06-01,2026-06-30,0.14226388229710488,0.3157332700522069,0.23766018035121025,0.23255813953488372,금천구,서울특별시 금천구 시흥대로 391,37.4691391,126.89720154,2017-05-08 16:05:35,10.0,LCD,395,21.336708860759494,2.1336708860759495,2,2,4,2,3,13,2.7,검토,3
767,767.신정숲속마을아파트,8438,2025-06-01,2026-06-30,0.4012799241526428,0.16757525479971558,0.22232756577388008,0.08556529983408391,양천구,양천구 신정로 110,37.50574493,126.83631134,2020-03-11 00:00:00,10.0,QR,395,21.362025316455696,2.1362025316455697,2,5,1,2,3,13,2.7,검토,0
5864,5864.장훈고 앞,8976,2025-06-01,2026-06-30,0.26147504456327986,0.18304367201426025,0.21022727272727273,0.2341800356506239,영등포구,신길동 195-3,37.51156998,126.91397858,2023-01-03 00:00:00,8.0,QR,395,22.724050632911393,2.840506329113924,2,5,1,2,3,13,2.7,검토,0
2819,2819.하늘숲초등학교 앞,11000,2025-06-01,2026-06-30,0.29318181818181815,0.21627272727272728,0.218,0.16263636363636363,구로구,구로구 천왕동 산13-1,37.48366547,126.84161377,2020-02-27 00:00:00,20.0,QR,395,27.848101265822784,1.3924050632911391,3,5,1,2,2,13,2.7,검토,0
4944,4944.젠빌딩,807,2026-04-15,2026-06-30,0.19454770755885997,0.3271375464684015,0.20693928128872366,0.1412639405204461,강남구,강남구 도곡로 152,37.49093246,127.03659058,2026-04-14 00:00:00,6.0,QR,77,10.480519480519481,1.746753246753247,1,4,4,1,2,12,2.7,검토,2
1659,1659. 중계동 을지중학교,9519,2025-06-01,2026-06-06,0.1897258115348251,0.21861540077739258,0.2835381867843261,0.19939069229961132,노원구,서울특별시 노원구 중계동 370 중계동 을지중학교,37.65032959,127.07160187,2017-11-01 16:00:00,10.0,LCD,371,25.657681940700808,2.5657681940700807,3,3,1,5,3,15,2.7,검토,3
3115,3115.북아현 치안센터 인근,9164,2025-06-01,2026-06-30,0.2620034919249236,0.18037974683544303,0.2798996071584461,0.2026407682234832,서대문구,북아현동 251-73,37.56145477,126.95574951,2020-05-12 00:00:00,20.0,QR,395,23.2,1.16,3,5,1,4,1,14,2.7,검토,0
3604,3604. 삼성중앙역 5번출구,7020,2025-06-01,2026-06-30,0.21467236467236467,0.31866096866096866,0.1690883190883191,0.13917378917378917,강남구,삼성동145-1,37.51296234,127.05386353,2021-02-23 00:00:00,15.0,QR,395,17.772151898734176,1.1848101265822784,2,4,4,1,1,12,2.7,검토,2
1870,1870.독산3동주민센터 앞,8252,2025-06-01,2026-06-30,0.29677653902084344,0.20976732913233156,0.21691711100339311,0.1305138148327678,금천구,독산로 317,37.47507095,126.90335846,2020-02-26 00:00:00,8.0,QR,395,20.89113924050633,2.6113924050632913,2,5,1,2,3,13,2.7,검토,0
4625,4625. 용산공원갤러리앞,4321,2025-06-01,2026-06-30,0.16199953714417958,0.357093265447813,0.19509372830363342,0.13955102985420043,용산구,서울특별시 용산구 한강로1가 1-1,37.5393219,126.97319031,2020-11-03 00:00:00,8.0,QR,395,10.939240506329114,1.3674050632911392,1,3,5,1,2,12,2.7,검토,2
5330,5330. 구립수락노인종합복지관,9782,2025-06-01,2026-06-30,0.24156614189327336,0.2416683704763852,0.23962379881414844,0.10774892659987732,노원구,노원구 수락산로 214,37.6712532,127.05474854,2023-12-12 00:00:00,15.0,QR,395,24.764556962025317,1.6509704641350211,3,4,2,2,2,13,2.7,검토,0
450,450. 효자동 삼거리,12377,2025-06-01,2026-06-30,0.22889230023430557,0.2620990546982306,0.2801971398561849,0.07247313565484366,종로구,서울특별시 종로구 효자로13길 45 종로구 궁정동 98-2,37.58360291,126.97254944,2017-09-07 16:05:37,51.0,QR,395,31.33417721518987,0.6143956316703897,3,4,2,4,1,14,2.7,검토,0
676,676.FITI시험연구원 앞,8872,2025-06-01,2026-06-30,0.2058160504959423,0.2342200180342651,0.2132551848512173,0.21505861136158702,동대문구,서울특별시 동대문구 제기동 891-2,37.58143234,127.03547668,2020-03-28 00:00:00,9.0,QR,395,22.460759493670885,2.4956399437412093,2,4,2,2,3,13,2.7,검토,0
4226,4226. 마포프레스티지자이 1,10746,2025-06-01,2026-06-30,0.2905267076121347,0.22873627396240462,0.2398101619207147,0.16489856690861715,마포구,서울시 마포구 염리동 30-29,37.55152893,126.94669342,2021-10-26 00:00:00,14.0,QR,395,27.20506329113924,1.9432188065099456,3,5,1,2,2,13,2.7,검토,0
2510,2510. JW타워,5167,2025-06-01,2026-06-30,0.23998451712792723,0.2966905360944455,0.16876330559318753,0.119798722663054,서초구,서초구 서초동 1748-45,37.48303986,127.02146149,2019-03-26 00:00:00,8.0,LCD,395,13.081012658227849,1.635126582278481,1,4,4,1,2,12,2.7,검토,0
1981,1981. 천왕지구삼거리 앞,8643,2025-06-01,2026-06-30,0.3262755987504339,0.19402985074626866,0.22573180608584983,0.13004743723244244,구로구,서울특별시 구로구 천왕로 10,37.47943115,126.84269714,2017-11-13 09:58:38,10.0,LCD,395,21.88101265822785,2.1881012658227847,2,5,1,2,3,13,2.7,검토,0
2634,2634.위례포레샤인아파트 정류장,8228,2025-06-01,2026-06-30,0.3464997569275644,0.16917841516771998,0.2235051045211473,0.08726300437530383,송파구,장지동 390-4,37.477211,127.13717651,2020-01-21 00:00:00,10.0,QR,395,20.830379746835444,2.0830379746835446,2,5,1,2,3,13,2.7,검토,0
442,442.서울역 서부,3698,2025-06-01,2026-06-30,0.26717144402379667,0.28123309897241755,0.24553812871822606,0.16901027582477016,중구,서울특별시 중구 퇴계로 33 서울로7017편의시설,37.55641556,126.9691925,2020-02-03 00:00:00,13.0,QR,395,9.362025316455696,0.7201557935735151,1,5,3,3,1,13,2.7,검토,0
4274,4274. 신촌 파랑고래 입구,9558,2025-06-01,2026-06-30,0.06204226825695752,0.2882402176187487,0.2984934086629002,0.33469345051265953,서대문구,서대문구 창천동 57-18,37.55687714,126.93603516,2022-09-28 00:00:00,10.0,QR,395,24.19746835443038,2.4197468354430383,3,1,3,5,3,15,2.7,검토,3
820,820. 청파동입구 교차로,8737,2025-06-01,2026-06-30,0.18347258784479797,0.28556712830491016,0.21964060890465836,0.1927435046354584,용산구,서울특별시 용산구 한강대로 349 청파동입구 교차로,37.54902649,126.97194672,2016-07-06 12:00:00,10.0,LCD,395,22.11898734177215,2.211898734177215,2,3,3,2,3,13,2.7,검토,3
1070,1070.(시립)고덕평생학습관,12432,2025-06-01,2026-06-30,0.10111003861003862,0.27783140283140284,0.2483108108108108,0.15017696267696268,강동구,고덕로 295,37.55570221,127.15792084,2020-01-14 00:00:00,10.0,QR,395,31.473417721518988,3.147341772151899,3,1,3,3,4,14,2.7,검토,3
4576,4576.보라매sk뷰 108동 앞,10440,2025-06-01,2026-06-30,0.2866858237547893,0.20804597701149424,0.2363984674329502,0.18045977011494252,영등포구,여의대방로35가길19(신길동),37.50160599,126.91744995,2021-03-08 00:00:00,15.0,QR,395,26.430379746835442,1.762025316455696,3,5,1,2,2,13,2.7,검토,0
2820,2820.신세기아파트 앞,8875,2025-06-01,2026-06-30,0.32473239436619716,0.2299718309859155,0.23515492957746478,0.1843380281690141,구로구,구로구 개봉동 412-52,37.49396515,126.8530426,2020-03-03 00:00:00,10.0,QR,395,22.468354430379748,2.2468354430379747,2,5,1,2,3,13,2.7,검토,0
4578,4578.보라매sk뷰,5972,2025-06-01,2026-06-30,0.2056262558606832,0.25619557937039517,0.2716008037508372,0.17263898191560617,영등포구,여의대방로35가길19(신길동),37.50400543,126.92028046,2021-03-08 00:00:00,10.0,QR,395,15.118987341772153,1.5118987341772152,2,4,2,4,2,14,2.6999999999999997,검토,0
2273,2273. 일동제약 사거리,6831,2025-06-01,2026-06-30,0.10071731810862246,0.3687600644122383,0.2678963548528766,0.17742643829600352,서초구,서울특별시 양재동 67-12,37.47782898,127.03826904,2017-11-01 16:00:00,10.0,LCD,395,17.29367088607595,1.7293670886075951,2,1,5,4,2,14,2.6999999999999997,검토,3
3642,3642. 강남자곡힐스테이트,8544,2025-06-01,2026-06-30,0.244499063670412,0.17860486891385768,0.27890917602996257,0.14653558052434457,강남구,자곡로3길 21,37.47092819,127.08970642,2021-08-30 00:00:00,13.0,QR,395,21.630379746835445,1.663875365141188,2,5,1,4,2,14,2.6999999999999997,검토,0
2137,2137. KT&G 관악지점,5717,2025-06-01,2026-06-04,0.19205877208326044,0.2475074339688648,0.27619380794122794,0.22704215497638622,관악구,서울특별시 관악구 남부순환로 1675,37.48490143,126.93653107,2017-05-26 09:54:47,10.0,LCD,369,15.493224932249323,1.5493224932249323,2,4,2,4,2,14,2.6999999999999997,검토,3
4811,4811. 한양수자인아파트 앞,7620,2025-06-01,2026-06-30,0.26023622047244094,0.20236220472440944,0.2656167979002625,0.13123359580052493,중랑구,서울특별시 중랑구 면목동 1085-1,37.58032227,127.09415436,2021-02-17 00:00:00,10.0,QR,395,19.29113924050633,1.929113924050633,2,5,1,4,2,14,2.6999999999999997,검토,0
2139,2139. 서울신성초등학교,5870,2025-06-01,2026-06-30,0.2202725724020443,0.2533219761499148,0.26405451448040884,0.21124361158432708,관악구,서울특별시 관악구 신림로 114,37.4711647,126.93701935,2017-08-21 13:17:52,10.0,LCD,395,14.860759493670885,1.4860759493670885,2,4,2,4,2,14,2.6999999999999997,검토,0
3933,3933. 오류동부골든아파트 후문 옆,5787,2025-06-01,2026-06-30,0.2984275099360636,0.16934508380853638,0.26283048211508553,0.1919820286849836,구로구,구로구 고척로 49,37.49938202,126.84114075,2023-05-30 00:00:00,10.0,QR,395,14.650632911392405,1.4650632911392405,2,5,1,4,2,14,2.6999999999999997,검토,0
4888,4888. 둔촌오륜역 2번출구,6623,2025-06-01,2026-06-30,0.21440434848256076,0.2607579646685792,0.27223312698173036,0.1198852483768685,송파구,방이동 89-29,37.51869202,127.13906097,2021-09-30 00:00:00,10.0,QR,395,16.767088607594935,1.6767088607594935,2,4,2,4,2,14,2.6999999999999997,검토,0
902,902. 진관동 은빛초등학교,5718,2025-06-01,2026-06-30,0.3172437915355019,0.1932493878978664,0.2700244840853445,0.14060860440713535,은평구,서울특별시 은평구 진관동 45-21 진관동 은빛초등학교,37.64310837,126.91822052,2016-09-02 11:00:00,10.0,LCD,395,14.475949367088608,1.4475949367088607,2,5,1,4,2,14,2.6999999999999997,검토,0
4401,4401.뚝섬유수지 공영주차장,5741,2025-08-22,2026-06-30,0.14788364396446613,0.33043023863438425,0.27782616268942695,0.15101898623933113,성동구,성동구 성수동1가 669-4,37.55018234,127.042099,2025-08-22 00:00:00,10.0,QR,313,18.34185303514377,1.8341853035143771,2,2,4,4,2,14,2.6999999999999997,검토,3
4107,4107. 장안동근린공원 입구,7680,2025-06-01,2026-06-30,0.12721354166666668,0.296875,0.27591145833333336,0.239453125,동대문구,서울특별시 동대문구 장한로 191 동대문구청소년독서실,37.57633209,127.07172394,2020-09-18 00:00:00,10.0,QR,395,19.443037974683545,1.9443037974683546,2,2,4,4,2,14,2.6999999999999997,검토,3
1821,1821. 홈플러스 시흥점 맞은편 다비치안경 앞,7830,2025-06-01,2026-06-30,0.26666666666666666,0.22324393358876118,0.2676883780332056,0.20344827586206896,금천구,서울특별시 금천구 시흥대로 198,37.45145798,126.90211487,2017-05-08 15:54:58,10.0,LCD,395,19.82278481012658,1.9822784810126581,2,5,1,4,2,14,2.6999999999999997,검토,0
2529,2529.우리은행 방배동지점 앞,8930,2025-06-01,2026-06-30,0.1316909294512878,0.33437849944008957,0.26394176931690927,0.1829787234042553,서초구,서초구 방배로 183,37.48991776,126.99208069,2020-02-23 00:00:00,12.0,QR,395,22.60759493670886,1.8839662447257384,2,2,4,4,2,14,2.6999999999999997,검토,3
3211,3211.신길 래미안 프레비뉴,7639,2025-06-01,2026-06-30,0.25199633459876947,0.2056551904699568,0.2751669066631758,0.1741065584500589,영등포구,영등포구 가마산로 442,37.50438309,126.90808868,2020-03-04 00:00:00,15.0,QR,395,19.339240506329112,1.2892827004219407,2,5,1,4,2,14,2.6999999999999997,검토,0
1547,1547. 꿈의숲 롯데캐슬,5394,2025-06-01,2026-06-30,0.26937337782721543,0.22339636633296256,0.27660363366703744,0.17593622543566925,강북구,서울특별시 강북구 오현로 56 꿈의숲 롯데캐슬 111동 인근,37.61775208,127.03570557,2018-12-14 00:00:00,10.0,LCD,395,13.655696202531646,1.3655696202531646,2,5,1,4,2,14,2.6999999999999997,검토,0
371,371. 동대입구역 6번출구 뒤,6003,2025-06-01,2026-06-30,0.11944027986006997,0.31001166083624854,0.2658670664667666,0.1729135432283858,중구,서울특별시 중구 동호로 지하256 동대입구역 6번출구 뒤,37.55887222,127.00553894,2016-06-15 09:30:00,10.0,QR,395,15.197468354430379,1.519746835443038,2,2,4,4,2,14,2.6999999999999997,검토,3
4935,4935. 도곡삼성래미안,6324,2025-06-01,2026-06-30,0.33554712207463633,0.21473750790638838,0.26201771030993043,0.1092662871600253,강남구,강남구 남부순환로 2803,37.48920441,127.05106354,2024-05-23 00:00:00,8.0,QR,395,16.01012658227848,2.00126582278481,2,5,1,4,2,14,2.6999999999999997,검토,0
774,774.등촌역 4번 출구 ,8278,2025-06-01,2026-06-30,0.13868084078279777,0.2987436578883788,0.26818071998067167,0.24112104373036966,양천구,양천구 목동 603-2,37.54950714,126.86721802,2020-03-16 00:00:00,11.0,QR,395,20.956962025316457,1.9051783659378598,2,2,4,4,2,14,2.6999999999999997,검토,3
1207,1207. 마천중앙시장,6547,2025-06-01,2026-06-30,0.2187261341072247,0.2359859477623339,0.27325492592026884,0.1903161753474874,송파구,서울특별시 송파구 성내천로 233,37.49975586,127.15250397,2017-05-26 10:14:31,10.0,LCD,395,16.5746835443038,1.6574683544303799,2,4,2,4,2,14,2.6999999999999997,검토,0
4889,4889. 마천역 1번 출구 인근②,7087,2025-06-01,2026-06-30,0.15098066883025257,0.29194299421475944,0.2618879638775222,0.27599830675885423,송파구,거여동 694,37.49459076,127.15109253,2021-09-30 00:00:00,14.0,QR,395,17.941772151898736,1.2815551537070526,2,3,3,4,2,14,2.6999999999999997,검토,3
4555,4555. 대림우성2차아파트,6131,2025-06-01,2026-06-30,0.11270592073071277,0.3035393899853205,0.27793182188876203,0.2247594193443158,영등포구,영등포구 도림로47길 1,37.49519348,126.900177,2021-05-18 00:00:00,10.0,QR,395,15.521518987341771,1.5521518987341771,2,2,4,4,2,14,2.6999999999999997,검토,3
2365,2365. K+ 타워 앞,7696,2025-06-01,2026-06-30,0.03963097713097713,0.35615904365904366,0.2678014553014553,0.31938669438669437,강남구,서울특별시 강남구 도산대로 333 ,37.52330017,127.03847504,2017-11-01 16:00:00,15.0,LCD,395,19.48354430379747,1.298902953586498,2,1,5,4,2,14,2.6999999999999997,검토,3
4033,4033. 녹천역 4번 출구 옆,5315,2025-06-01,2026-06-30,0.15183443085606774,0.2667920978363123,0.2756349952963311,0.10423330197554093,노원구,서울특별시 노원구 서울 노원구 월계동 700-6,37.64292908,127.05194855,2021-03-02 00:00:00,9.0,QR,395,13.455696202531646,1.4950773558368495,2,3,3,4,2,14,2.6999999999999997,검토,0
1299,1299. 송파소방서 (방이119안전센터),7746,2025-06-01,2026-06-30,0.2235992770462174,0.2445132971856442,0.2717531629227989,0.14045959204750838,송파구,송파구 방이동 89-29 ,37.51987839,127.13671112,2018-09-11 00:00:00,15.0,LCD,395,19.610126582278482,1.3073417721518987,2,4,2,4,2,14,2.6999999999999997,검토,0
4891,4891. 위례포레나송파,7395,2025-06-01,2026-06-30,0.25963488843813387,0.21798512508451656,0.2691007437457742,0.15632183908045977,송파구,송파구 거여동 657-12,37.48455429,127.14919281,2021-11-10 00:00:00,10.0,QR,395,18.72151898734177,1.872151898734177,2,5,1,4,2,14,2.6999999999999997,검토,0
3624,3624. 대모산입구역 7번 출구 앞,3017,2025-06-01,2026-06-30,0.2499171362280411,0.24262512429565794,0.2923433874709977,0.13722240636393768,강남구,개포로 522(사진참고),37.49017715,127.07305908,2021-02-24 00:00:00,10.0,QR,395,7.637974683544304,0.7637974683544304,1,5,2,5,1,14,2.6500000000000004,검토,0
346,346. 맥스타일 앞,11168,2025-06-01,2026-06-30,0.058828796561604585,0.3014863896848137,0.21006446991404013,0.30793338108882523,중구,서울특별시 중구 마장로 3 맥스타일,37.56918335,127.00988007,2015-10-07 00:00:00,10.0,QR,395,28.27341772151899,2.827341772151899,3,1,4,2,3,13,2.6500000000000004,검토,3
160,160. 북아현동 가구거리,5730,2025-06-01,2026-06-30,0.1518324607329843,0.32111692844677137,0.24450261780104712,0.23036649214659685,서대문구,서울특별시 서대문구 북아현동 251-78,37.55754852,126.9593811,2016-06-29 12:00:00,13.0,QR,395,14.50632911392405,1.11587147030185,2,3,4,3,1,13,2.6500000000000004,검토,3
855,855.이촌역5번출구 앞,2475,2025-06-01,2026-06-30,0.1296969696969697,0.37777777777777777,0.3393939393939394,0.1503030303030303,용산구,서울특별시 용산구 서빙고로 83 4호선 이촌역,37.52272415,126.97277069,2020-04-07 00:00:00,10.0,QR,395,6.265822784810126,0.6265822784810127,1,2,5,5,1,14,2.6500000000000004,검토,3
1304,1304. 만해공원,2777,2025-06-02,2026-06-30,0.20849837954627295,0.2693554195174649,0.28916096507021966,0.09074540871444005,성북구,서울특별시 성북구 성북로 132-1 만해공원,37.59440231,126.99230957,2017-06-20 10:09:36,10.0,LCD,394,7.048223350253807,0.7048223350253807,1,4,3,5,1,14,2.6500000000000004,검토,0
2541,2541.옛골 입구,1173,2025-06-01,2026-06-30,0.18925831202046037,0.30179028132992325,0.3256606990622336,0.10741687979539642,서초구,청계산로 434,37.43097687,127.07033539,2020-02-19 00:00:00,10.0,QR,395,2.969620253164557,0.29696202531645566,1,3,4,5,1,14,2.6500000000000004,검토,0
3610,3610. 윗반마을 입구,1777,2025-06-01,2026-06-30,0.12943162633652222,0.34608891389983115,0.34440067529544177,0.1637591446257738,강남구,세곡동 97-3,37.46534729,127.1088028,2021-02-23 00:00:00,10.0,QR,395,4.49873417721519,0.449873417721519,1,2,5,5,1,14,2.6500000000000004,검토,3
4478,4478. 문정근린공원2,11338,2025-06-01,2026-06-30,0.21167754454048332,0.22234962074439937,0.2222614217675075,0.21661668724642794,송파구,문정동90,37.4861145,127.12667084,2020-12-30 00:00:00,10.0,QR,395,28.70379746835443,2.870379746835443,3,4,1,2,3,13,2.6500000000000004,검토,0
2302,2302. 교보타워 버스정류장(신논현역 3번출구 후면),11872,2025-06-01,2026-06-30,0.10663746630727763,0.33389487870619944,0.23795485175202155,0.2683625336927224,강남구,서울특별시 강남구 봉은사로 지하 102,37.5055809,127.02427673,2017-06-13 10:32:39,10.0,LCD,395,30.055696202531646,3.0055696202531648,3,1,4,2,3,13,2.6500000000000004,검토,3
344,344. 성균관대 E하우스 앞,10002,2025-06-01,2026-06-30,0.21315736852629474,0.20285942811437713,0.23535292941411717,0.20765846830633874,종로구,서울특별시 종로구 율곡로 259 성균관대 E하우스 앞,37.57419968,127.0065918,2015-10-07 12:34:49,10.0,QR,395,25.321518987341772,2.532151898734177,3,4,1,2,3,13,2.6500000000000004,검토,0
464,464. 삼청동 골목,10526,2025-06-01,2026-06-30,0.16967509025270758,0.2369371081132434,0.21603648109443283,0.10298308949268478,종로구,서울특별시 종로구 팔판길 46 삼청동 골목,37.58419037,126.98169708,2019-08-16 00:00:00,10.0,QR,395,26.648101265822785,2.6648101265822786,3,3,2,2,3,13,2.6500000000000004,검토,0
2354,2354. 청담역 2번출구,1815,2025-06-01,2026-06-30,0.16363636363636364,0.315702479338843,0.3052341597796143,0.17410468319559227,강남구,서울특별시 강남구 영동대로 647,37.51978683,127.0567627,2017-08-21 14:47:27,5.0,LCD,395,4.594936708860759,0.9189873417721518,1,3,4,5,1,14,2.6500000000000004,검토,3
161,161. 무악재역1번 출구,2338,2025-06-01,2026-06-30,0.17536355859709152,0.29897348160821213,0.30710008554319934,0.23438836612489308,서대문구,서울특별시 서대문구 통일로 380-4,37.58224487,126.95064545,2016-06-29 12:00:00,8.0,LCD,395,5.9189873417721515,0.7398734177215189,1,3,4,5,1,14,2.6500000000000004,검토,3
1066,1066.생태공원앞 교차로(조명탑),1447,2025-06-01,2026-06-30,0.2045611610228058,0.2722874913614375,0.3013130615065653,0.14512785072563925,강동구,강동구 둔촌동 564,37.5377655,127.15201569,2020-01-09 00:00:00,10.0,QR,395,3.6632911392405063,0.36632911392405065,1,4,3,5,1,14,2.6500000000000004,검토,0
1031,1031. 올림픽로 836(아리수로),6983,2025-06-01,2026-06-30,0.1721323213518545,0.3077473865100959,0.2523270800515538,0.11127022769583274,강동구,서울특별시 암사동 440-13,37.55582047,127.12991333,2017-11-01 16:00:00,15.0,LCD,395,17.678481012658228,1.178565400843882,2,3,4,3,1,13,2.6500000000000004,검토,0
1032,1032. 선사고등학교,6523,2025-06-01,2026-06-30,0.1992948030047524,0.27027441361336807,0.2486585926720834,0.15453012417599263,강동구,서울특별시 암사동 445,37.55672836,127.13626099,2017-11-01 16:00:00,20.0,LCD,395,16.513924050632912,0.8256962025316457,2,4,3,3,1,13,2.6500000000000004,검토,0
3428,3428.서울미술관,2021,2025-06-01,2026-06-30,0.21721919841662543,0.2736269173676398,0.3359722909450767,0.13854527461652646,종로구,서울특별시 종로구 부암동 202-1,37.59512711,126.96349335,2020-02-13 00:00:00,10.0,QR,395,5.116455696202531,0.5116455696202531,1,4,3,5,1,14,2.6500000000000004,검토,0
1706,1706. 방학동우체국 건너편,12018,2025-06-01,2026-06-30,0.14053919121318023,0.2680146446996172,0.23772674321850557,0.26052587784989184,도봉구,서울특별시 도봉구 도봉로 683 방학동 726-92,37.66566467,127.0426712,2017-06-27 15:16:11,10.0,LCD,395,30.4253164556962,3.0425316455696203,3,2,3,2,3,13,2.6500000000000004,검토,3
4837,4837. 양원지구 힐데스하임 앞,5687,2025-06-01,2026-06-30,0.25655002637594515,0.2465271672234922,0.2593634605240021,0.16142078424476877,중랑구,서울특별시 중랑구 봉화산로 301,37.60924149,127.1062088,2021-12-13 00:00:00,14.0,QR,395,14.39746835443038,1.028390596745027,2,5,2,3,1,13,2.6500000000000004,검토,0
637,637. KAIST 경영대학 앞,10510,2025-06-01,2026-06-30,0.0961941008563273,0.29762131303520456,0.2170313986679353,0.21712654614652713,동대문구,서울특별시 동대문구 회기로 85 KAIST 경영대학 앞,37.59161377,127.04579163,2016-07-06 12:00:00,10.0,LCD,395,26.60759493670886,2.660759493670886,3,1,4,2,3,13,2.6500000000000004,검토,3
2143,2143. 서울산업정보학교,3412,2025-06-01,2026-06-30,0.15328253223915592,0.3007033997655334,0.28868698710433766,0.21219226260257915,관악구,서울특별시 관악구 신림로 67,37.4706955,126.94219971,2017-06-22 14:05:01,10.0,LCD,395,8.637974683544304,0.8637974683544304,1,3,4,5,1,14,2.6500000000000004,검토,3
4103,4103. 휘경sk뷰아파트 앞,3601,2025-06-01,2026-06-30,0.1507914468203277,0.3051930019439045,0.2965842821438489,0.2063315745626215,동대문구,서울특별시 동대문구 휘경로 71 맞은편,37.59383774,127.06781769,2020-09-18 00:00:00,10.0,QR,395,9.116455696202532,0.9116455696202532,1,3,4,5,1,14,2.6500000000000004,검토,3
4784,4784. 중부경찰서앞 사거리,5832,2025-06-01,2026-06-30,0.1304869684499314,0.3501371742112483,0.1598079561042524,0.1440329218106996,중구,서울특별시 중구 저동2가 22-1,37.56459045,126.99076843,2020-10-19 00:00:00,10.0,QR,395,14.764556962025317,1.4764556962025317,2,2,5,1,2,12,2.65,검토,2
4753,4753. 시청역 10번출구,6595,2025-06-01,2026-06-30,0.17028051554207732,0.32115238817285824,0.1425322213798332,0.10507960576194086,중구,서울특별시 중구 서소문로 103,37.56284332,126.9726181,2020-11-03 00:00:00,10.0,QR,395,16.696202531645568,1.6696202531645568,2,3,4,1,2,12,2.65,검토,2
4762,4762. 국제빌딩,5425,2025-06-01,2026-06-30,0.14986175115207373,0.3236866359447005,0.1447004608294931,0.17437788018433178,중구,서울특별시 중구 남대문로 109,37.56693268,126.98258209,2020-09-23 00:00:00,10.0,QR,395,13.734177215189874,1.3734177215189873,2,3,4,1,2,12,2.65,검토,2
1025,1025. 상일초등학교,6700,2025-06-01,2026-06-30,0.12268656716417911,0.41328358208955224,0.17567164179104477,0.19761194029850745,강동구,서울특별시  상일동 440-3,37.54684067,127.17251587,2017-11-01 16:00:00,10.0,LCD,395,16.962025316455698,1.6962025316455698,2,2,5,1,2,12,2.65,검토,2
3685,3685. 강동리엔파크14단지(1401동 앞),7817,2025-06-01,2026-06-30,0.28463604963541,0.2650633235256492,0.20749648202635282,0.14890623001151337,강동구,강동구 상일동 25-1,37.55212402,127.18064117,2021-03-19 00:00:00,15.0,QR,395,19.78987341772152,1.319324894514768,2,5,2,1,2,12,2.65,검토,0
1771,1771.성원APT버스정류소,11776,2025-06-01,2026-06-30,0.21195652173913043,0.2229959239130435,0.27072010869565216,0.197265625,도봉구,서울특별시 도봉구 해등로 242-18 현대아파트,37.65796661,127.03009033,2020-03-18 00:00:00,15.0,QR,395,29.8126582278481,1.9875105485232067,3,4,1,4,2,14,2.65,검토,0
1057,1057. 능골근린공원,7898,2025-06-01,2026-06-30,0.22157508229931627,0.2743732590529248,0.19144087110660926,0.13762977969106102,강동구,상일동 482,37.55580902,127.1737442,2018-09-10 00:00:00,15.0,LCD,395,19.99493670886076,1.3329957805907173,2,4,3,1,2,12,2.65,검토,0
4686,4686. 우물골 근린공원,6234,2025-06-01,2026-06-30,0.23307667629130574,0.22666025024061598,0.2743022136669875,0.15768367019570098,은평구,은평구 진관2로 60 323동 앞,37.63406754,126.92539215,2022-08-26 00:00:00,7.0,QR,395,15.782278481012659,2.254611211573237,2,4,1,4,3,14,2.65,검토,0
2246,2246. 서울시 품질시험소 앞,7041,2025-06-01,2026-06-30,0.1269706007669365,0.3694077545803153,0.1944326090044028,0.1356341428774322,서초구,서울특별시 서초구 태봉로 131,37.46920013,127.02900696,2017-06-24 09:49:21,10.0,QR,395,17.825316455696203,1.7825316455696203,2,2,5,1,2,12,2.65,검토,2
3636,3636. 삼성중앙역·플래티넘아파트 정류소,6993,2025-06-01,2026-06-30,0.13713713713713713,0.2902902902902903,0.23809523809523808,0.25396825396825395,강남구,봉은사로 471,37.51264191,127.05156708,2021-06-01 00:00:00,5.0,QR,395,17.70379746835443,3.540759493670886,2,2,3,2,4,13,2.65,검토,3
4752,4752. 삼성사이버빌리지아파트,4061,2025-06-01,2026-06-30,0.1891159812853977,0.30312730854469344,0.2570795370598375,0.2029056882541246,중구,서울특별시 중구 중림로 10 중림동 삼성 사이버 빌리지,37.55891418,126.96485901,2021-02-02 00:00:00,7.0,QR,395,10.281012658227848,1.4687160940325497,1,3,4,3,2,13,2.65,검토,3
1812,1812. 갑을그레이트밸리 앞,7239,2025-06-01,2026-06-30,0.11783395496615555,0.4467467882304186,0.18151678408619976,0.14781047105953862,금천구,서울특별시 금천구 디지털로9길 32,37.47903061,126.88729858,2017-05-08 15:47:02,10.0,LCD,395,18.326582278481013,1.8326582278481012,2,2,5,1,2,12,2.65,검토,2
1849,1849. 대륭포스트타워5차,6116,2025-06-01,2026-06-30,0.18001962066710267,0.30035971223021585,0.1919555264879006,0.23037933289731852,금천구,서울특별시 금천구 디지털로9길 68,37.48135376,126.88694,2017-11-28 10:43:01,10.0,LCD,395,15.48354430379747,1.548354430379747,2,3,4,1,2,12,2.65,검토,3
4885,4885. 가든파이브 리빙관,4652,2025-06-01,2026-06-30,0.1113499570077386,0.3781169389509888,0.24828030954428204,0.1966895958727429,송파구,송파구 문정동 634,37.47709656,127.123703,2021-11-11 00:00:00,8.0,QR,395,11.777215189873418,1.4721518987341773,1,2,5,3,2,13,2.65,검토,3
491,491.월드컵파크 4단지,4923,2025-06-01,2026-06-30,0.1253300832825513,0.35263050985171646,0.2498476538695917,0.12329880154377412,마포구,마포구 상암동 1761,37.57597733,126.88806915,2020-04-06 00:00:00,10.0,QR,395,12.463291139240507,1.2463291139240507,1,2,5,3,2,13,2.65,검토,2
1831,1831. 한국전력 구로금천지사 앞,6258,2025-06-01,2026-06-30,0.2809204218600192,0.24193032917865132,0.18520294023649728,0.18280600830936403,금천구,서울특별시 금천구 시흥대로 435,37.47249985,126.89795685,2017-05-08 16:08:34,10.0,LCD,395,15.843037974683543,1.5843037974683543,2,5,2,1,2,12,2.65,검토,0
4638,4638. 청파동삼거리 앞,8400,2025-06-01,2026-06-30,0.22547619047619047,0.20773809523809525,0.2798809523809524,0.1467857142857143,용산구,서울특별시 용산구 청파로 312,37.54733658,126.97038269,2022-06-09 00:00:00,10.0,QR,395,21.265822784810126,2.1265822784810124,2,4,1,4,3,14,2.65,검토,0
2385,2385. 학동역,7443,2025-06-01,2026-06-30,0.20878677952438532,0.29020556227327693,0.2071745264006449,0.1807067042859062,강남구,서울특별시 강남구 학동로 지하 180,37.51395035,127.03015137,2017-12-22 14:46:36,10.0,LCD,395,18.843037974683543,1.8843037974683543,2,4,3,1,2,12,2.65,검토,0
134,134. 연세로 명물길,7251,2025-06-01,2026-06-30,0.061922493449179425,0.32685146876292925,0.28092676872155564,0.2951317059715901,서대문구,서울특별시 서대문구 명물길 33,37.55789185,126.93807983,2015-09-07 10:42:59,8.0,QR,395,18.356962025316456,2.294620253164557,2,1,4,4,3,14,2.65,검토,3
4340,4340. 방배래미안아트힐아파트 앞,4180,2025-06-01,2026-06-30,0.12966507177033493,0.4196172248803828,0.2076555023923445,0.08732057416267942,서초구,서초구 남부순환로 2311-12,37.47730637,127.00592041,2023-03-23 00:00:00,5.0,QR,395,10.582278481012658,2.1164556962025314,1,2,5,1,3,12,2.65,검토,2
1565,1565.수유사거리,11298,2025-06-01,2026-06-30,0.11550716941051513,0.2874845105328377,0.2666843689148522,0.3117365905469995,강북구,서울특별시 강북구 수유동 45-33,37.63561249,127.022995,2020-03-25 00:00:00,15.0,QR,395,28.60253164556962,1.9068354430379746,3,2,3,4,2,14,2.65,검토,3
471,471.회현사거리 남측,6170,2025-06-01,2026-06-30,0.16774716369529985,0.32901134521880065,0.17844408427876823,0.12366288492706645,중구,서울특별시 중구 퇴계로 100 스테이트타워 남산,37.56035995,126.98265076,2020-01-31 00:00:00,10.0,QR,395,15.620253164556962,1.562025316455696,2,3,4,1,2,12,2.65,검토,2
3507,3507. 어린이회관,14377,2025-06-01,2026-06-30,0.22549906100020867,0.21061417541907212,0.22890728246504835,0.1590735202058844,광진구,서울특별시 광진구 능동 465-7 어린이회관,37.54595184,127.07800293,2017-11-01 16:00:00,25.0,LCD,395,36.39746835443038,1.4558987341772152,4,4,1,2,2,13,2.65,검토,0
2390,2390. 구룡마을 입구 (래미안블레스티지 아파트),10020,2025-06-01,2026-06-30,0.21017964071856288,0.21347305389221558,0.26706586826347306,0.20658682634730538,강남구,강남구 개포동 146-1,37.48088074,127.06304169,2018-10-08 00:00:00,13.0,"LCD,QR",395,25.367088607594937,1.9513145082765335,3,4,1,4,2,14,2.65,검토,0
4312,4312. 반포미도2차아파트 옆,6644,2025-06-01,2026-06-30,0.18467790487658037,0.3375978326309452,0.196417820590006,0.1493076459963877,서초구,반포동60-1,37.50320435,127.00653076,2021-02-22 00:00:00,10.0,QR,395,16.820253164556963,1.6820253164556962,2,3,4,1,2,12,2.65,검토,2
124,124. 서강대 정문 건너편,14395,2025-06-01,2026-06-30,0.11399791594303578,0.28141715873567213,0.28100034734282736,0.24251476207016326,마포구,서울특별시 마포구 서강로16길 72,37.55113983,126.93698883,2015-09-07 10:33:08,35.0,QR,395,36.44303797468354,1.0412296564195298,4,2,3,4,1,14,2.65,검토,3
4663,"4663. 불광역3,6호선 버스정류장(동명여고 방면)",8886,2025-06-01,2026-06-30,0.1378573036236777,0.28044114337159576,0.2806662165203691,0.23835246455097908,은평구,서울특별시 은평구 통일로760,37.61326218,126.92786407,2021-03-17 00:00:00,10.0,QR,395,22.49620253164557,2.249620253164557,2,2,3,4,3,14,2.65,검토,3
2826,2826.가마산지하보도 옆,6541,2025-06-01,2026-06-30,0.30423482647913164,0.2591346888854915,0.19477144167558477,0.1389695765173521,구로구,구로구 구로동 390-157,37.48864746,126.88047028,2020-03-03 00:00:00,10.0,QR,395,16.559493670886077,1.6559493670886076,2,5,2,1,2,12,2.65,검토,0
2331,2331. 동영문화센터앞,6408,2025-06-01,2026-06-30,0.16448189762796506,0.31491885143570536,0.19631710362047441,0.20177902621722846,강남구,서울특별시 강남구 언주로 337,37.49805069,127.04460144,2017-06-13 15:24:47,10.0,LCD,395,16.222784810126583,1.6222784810126583,2,3,4,1,2,12,2.65,검토,3
2657,2657.송파 파인타운 11단지 ,8682,2025-06-01,2026-06-30,0.21918912692927897,0.20352453351762267,0.2705597788527989,0.14950472241419027,송파구,장지동 854-3,37.47916031,127.13219452,2020-06-04 00:00:00,10.0,QR,395,21.979746835443038,2.1979746835443037,2,4,1,4,3,14,2.65,검토,0
1279,1279. 마천금호어울림 1차아파트 건너편,5076,2025-06-01,2026-06-30,0.22163120567375885,0.2693065405831363,0.25216706067769895,0.1449960598896769,송파구,서울특별시 송파구 성내천로39길 4,37.49751663,127.15467834,2018-02-26 11:53:31,10.0,LCD,395,12.850632911392404,1.2850632911392403,1,4,3,3,2,13,2.65,검토,0
3104,3104. e편한세상 신촌4단지 앞,9099,2025-06-01,2026-06-30,0.16672161776019342,0.23277283217936037,0.2623365204967579,0.28025057698648204,서대문구,북아현동 251-71,37.55812836,126.95620728,2018-10-12 00:00:00,13.0,LCD,395,23.035443037974684,1.7719571567672834,3,3,2,4,2,14,2.65,검토,3
1510,1510. 번동주공5단지 관리사무소 앞,5029,2025-06-01,2026-06-30,0.20580632332471666,0.2734141976536091,0.24139988069198648,0.2014316961622589,강북구,서울특별시 강북구 오현로25마길 27 번동 230,37.63371658,127.03551483,2017-06-22 13:16:00,10.0,LCD,395,12.731645569620254,1.2731645569620254,1,4,3,3,2,13,2.65,검토,0
1768,1768.신동아타워 버스정류소,7811,2025-06-01,2026-06-30,0.15708616054282423,0.2625784150556907,0.26424273460504416,0.17782614261938293,도봉구,서울특별시 도봉구 방학로 217-1,37.66208267,127.02874756,2020-03-21 00:00:00,8.0,QR,395,19.774683544303798,2.4718354430379748,2,3,2,4,3,14,2.65,검토,3
4275,4275.농협생명본사빌딩 서관,6411,2025-06-01,2026-06-05,0.18889408828575885,0.3320854780845422,0.14724691935735454,0.14865075651224458,서대문구,서대문구 통일로 81,37.56233597,126.96909332,2023-01-04 00:00:00,10.0,QR,370,17.32702702702703,1.7327027027027029,2,3,4,1,2,12,2.65,검토,2
118,118. 광흥창역 2번출구 앞,7383,2025-06-01,2026-06-30,0.14343762698090207,0.26601652444805635,0.2619531355817418,0.23012325612894488,마포구,서울특별시 마포구 독막로 지하165,37.54773331,126.9317627,2015-09-07 01:33:32,9.0,QR,395,18.691139240506327,2.0767932489451475,2,2,3,4,3,14,2.65,검토,3
2415,2415.한티역 롯데백화점 앞,10961,2025-06-01,2026-06-30,0.09661527232916704,0.32478788431712435,0.27689079463552596,0.2081014505975732,강남구,선릉로 228,37.49667358,127.05342865,2020-02-14 00:00:00,15.0,QR,395,27.749367088607595,1.849957805907173,3,1,4,4,2,14,2.65,검토,3
1651,1651. 상계동 우방유쉘아파트 앞,13585,2025-06-01,2026-06-30,0.16341553183658447,0.25520794994479207,0.27478836952521163,0.21612072138387928,노원구,서울특별시 노원구 상계동 1118-9 맥도날드 상계점 앞,37.67237473,127.05599213,2017-11-01 16:00:00,20.0,LCD,395,34.392405063291136,1.7196202531645568,3,3,2,4,2,14,2.65,검토,3
3557,3557.서울숲리버뷰자이APT105동 앞,8096,2025-06-01,2026-06-30,0.21862648221343872,0.2166501976284585,0.2792737154150198,0.25,성동구,서울특별시 성동구 행당동 379-1,37.55653,127.03913116,2020-04-13 00:00:00,8.0,QR,395,20.49620253164557,2.562025316455696,2,4,1,4,3,14,2.65,검토,3
1346,1346. 길음8골어린이공원 옆,9259,2025-06-01,2026-06-30,0.22227022356625986,0.19678150988227672,0.26903553299492383,0.23577060157684415,성북구,서울특별시 성북구 길음로13길 22 길음8골어린이공원 옆,37.60897827,127.02024841,2017-11-13 09:26:22,15.0,LCD,395,23.440506329113923,1.5627004219409282,3,4,1,4,2,14,2.65,검토,0
465,465. 삼청공원 앞,2007,2025-06-01,2026-06-30,0.21076233183856502,0.3393124065769806,0.21973094170403587,0.028400597907324365,종로구,서울특별시 종로구 삼청동 25-32,37.58760452,126.9835968,2019-11-20 00:00:00,5.0,LCD,395,5.0810126582278485,1.0162025316455696,1,4,4,2,1,12,2.6000000000000005,검토,2
470,470.회현역 7번출구,3598,2025-06-01,2026-06-30,0.16036687048360201,0.37493051695386326,0.21595330739299612,0.13757643135075043,중구,서울특별시 중구 회현동1가 23-1,37.55974579,126.98000336,2020-01-31 00:00:00,13.0,QR,395,9.108860759493671,0.7006815968841286,1,3,5,2,1,12,2.6000000000000005,검토,2
2068,2068. 총신대 앞(육교),1702,2025-06-01,2026-04-25,0.19388954171562867,0.30669800235017625,0.22209165687426558,0.14336075205640422,동작구,동작구  사당동 1112,37.48815918,126.96647644,2018-10-11 00:00:00,8.0,LCD,329,5.173252279635259,0.6466565349544073,1,4,4,2,1,12,2.6000000000000005,검토,0
4305,4305. 서일스포츠센터,2476,2025-06-01,2026-06-30,0.26978998384491115,0.2681744749596123,0.23909531502423265,0.18134087237479807,서초구,서초동 1313-12,37.49801636,127.02222443,2021-02-18 00:00:00,8.0,QR,395,6.2683544303797465,0.7835443037974683,1,5,3,2,1,12,2.6000000000000005,검토,0
830,830. 강변삼성스위트아파트 앞,3277,2025-06-30,2026-06-30,0.29813854134879464,0.26731766859932865,0.23588648153799208,0.10711016173329264,용산구,서울특별시 용산구 원효로 35 청암자이아파트앞,37.53442383,126.94857025,2017-11-28 11:58:57,10.0,LCD,366,8.953551912568306,0.8953551912568306,1,5,3,2,1,12,2.6000000000000005,검토,0
2247,2247.섬들근린공원,13587,2025-06-01,2026-06-30,0.23677044233458452,0.2544343858099654,0.25590638109958047,0.13696916169868256,서초구,서울특별시 서초구 태봉로2길 24,37.46263885,127.02661896,2017-06-01 10:45:54,30.0,LCD,395,34.39746835443038,1.1465822784810127,3,4,2,3,1,13,2.6000000000000005,검토,0
2386,2386. 크린랩 본사,2936,2025-06-01,2026-06-30,0.19107629427792916,0.329700272479564,0.23773841961852862,0.1505449591280654,강남구,논현동 279-166,37.50958633,127.04090881,2018-07-04 00:00:00,10.0,QR,395,7.432911392405063,0.7432911392405063,1,4,4,2,1,12,2.6000000000000005,검토,0
4622,4622. 한강중학교 앞 버스정류장,4531,2025-06-01,2026-06-30,0.11962039284926065,0.30147870227322887,0.3021408077687045,0.233502538071066,용산구,서울특별시 용산구 녹사평대로73,37.5251503,126.99208832,2020-10-29 00:00:00,6.0,QR,395,11.470886075949368,1.9118143459915613,1,2,4,5,2,14,2.6,검토,3
3968,3968. 독산동 현대홈타운 금천과선교 앞,572,2025-06-01,2025-07-01,0.27972027972027974,0.1993006993006993,0.2517482517482518,0.1853146853146853,금천구,독산동 산167-9,37.46222305,126.89181519,2021-08-02 00:00:00,10.0,QR,31,18.451612903225808,1.8451612903225807,2,5,1,3,2,13,2.6,검토,0
321,321. KEB 하나금융그룹 명동사옥 옆,11834,2025-06-01,2026-06-30,0.11957072840966707,0.3129119486226128,0.17737028899780294,0.12252830826432314,중구,서울특별시 중구 을지로 66 한국외환은행 본점 앞,37.56546402,126.98413849,2015-10-07 12:19:23,15.0,QR,395,29.959493670886076,1.9972995780590717,3,2,4,1,2,12,2.6,검토,2
1998,1998. 고척교 교차로,7112,2025-06-01,2026-06-30,0.12598425196850394,0.33183352080989875,0.30877390326209225,0.21358267716535434,구로구,구로구 구로동 621-12,37.49856949,126.871521,2018-11-26 00:00:00,23.0,LCD,395,18.00506329113924,0.7828288387451844,2,2,4,5,1,14,2.6,검토,3
121,121. 마포소방서 앞,8118,2025-06-01,2026-06-30,0.20078837152007883,0.2535107169253511,0.25203252032520324,0.17319536831731955,마포구,서울특별시 마포구 창전로 76,37.54976654,126.93317413,2015-09-07 10:30:28,15.0,QR,395,20.551898734177215,1.370126582278481,2,4,2,3,2,13,2.6,검토,0
4064,4064. 신창아파트 입구 앞,5788,2025-06-01,2026-06-30,0.2760884588804423,0.20870767104353835,0.2432619212163096,0.1891845196959226,도봉구,서울특별시 도봉구 도봉구 덕릉로62길 14,37.64051056,127.04082489,2021-03-02 00:00:00,10.0,QR,395,14.653164556962025,1.4653164556962026,2,5,1,3,2,13,2.6,검토,0
1041,1041. 묘곡초등학교,7638,2025-06-01,2026-06-30,0.20803875360041896,0.24600680806493846,0.2522911757004451,0.1505629746006808,강동구,서울특별시 고덕동 499-2,37.55916214,127.15332031,2017-11-01 16:00:00,10.0,LCD,395,19.336708860759494,1.9336708860759493,2,4,2,3,2,13,2.6,검토,0
1480,1480. 용마지구대 B,6770,2025-06-01,2026-06-30,0.12348596750369276,0.32363367799113735,0.30960118168389955,0.2741506646971935,중랑구,서울특별시 중랑구 동일로 566 중랑경찰서용마지구대,37.58111191,127.08010101,2020-04-16 00:00:00,15.0,QR,395,17.139240506329113,1.1426160337552742,2,2,4,5,1,14,2.6,검토,3
3985,3985. 디폴리스 지식산업센터,10542,2025-06-01,2026-06-30,0.08670081578448112,0.6293872130525517,0.1133560994118763,0.07531777651299564,금천구,금천구 서부샛길 606,37.48017502,126.87680054,2021-11-10 00:00:00,20.0,QR,395,26.68860759493671,1.3344303797468355,3,1,5,1,2,12,2.6,검토,2
4011,4011. 월계 센트럴 아이파크,13009,2025-06-01,2026-06-30,0.08463371512030134,0.287108924590668,0.2389115227919133,0.2530555769082943,노원구,서울특별시 노원구 서울 노원구 초안산로2라길 26,37.62917328,127.05693054,2021-02-26 00:00:00,10.0,QR,395,32.93417721518988,3.2934177215189875,3,1,3,2,4,13,2.6,검토,3
942,942. 상림마을 생태공원,4500,2025-06-01,2026-06-30,0.3293333333333333,0.14755555555555555,0.2837777777777778,0.13311111111111112,은평구,서울특별시 진관동 16-4 상림마을 생태공원,37.64408112,126.92928314,2017-11-01 16:00:00,9.0,LCD,395,11.39240506329114,1.2658227848101267,1,5,1,5,2,14,2.6,검토,0
1049,1049. 강일리버파크 10단지,5731,2025-06-01,2026-06-30,0.25807014482638285,0.17152329436398533,0.25492933170476356,0.17728145175362067,강동구,서울특별시 강동구 고덕로97길 20,37.561203,127.18026733,2018-01-16 14:05:20,10.0,LCD,395,14.50886075949367,1.450886075949367,2,5,1,3,2,13,2.6,검토,0
2020,2020. 장승배기역2번출구뒷편쪽,6945,2025-06-01,2026-06-30,0.16371490280777537,0.26983441324694024,0.24204463642908566,0.21843052555795536,동작구,서울특별시 동작구 상도로 지하 188,37.50449753,126.93898773,2017-05-12 11:02:05,10.0,LCD,395,17.582278481012658,1.7582278481012659,2,3,3,3,2,13,2.6,검토,3
2145,2145. 은천초등학교 육교,7781,2025-06-01,2026-06-30,0.24572677033800283,0.21603906952833826,0.2534378614573962,0.2201516514586814,관악구,서울특별시 관악구 은천로 69,37.48635864,126.9429245,2017-05-26 09:56:45,12.0,LCD,395,19.69873417721519,1.6415611814345992,2,5,1,3,2,13,2.6,검토,0
3765,3765. 문소빌딩,6157,2025-06-01,2026-06-30,0.32597044014942345,0.1897027773266201,0.2473607276270911,0.17930810459639435,강서구,화곡로229,37.54555511,126.84449768,2020-11-11 00:00:00,10.0,QR,395,15.587341772151898,1.55873417721519,2,5,1,3,2,13,2.6,검토,0
1869,1869.롯데캐슬골드파크3차 301동 앞,10226,2025-06-01,2026-06-30,0.33493056913749264,0.2061412086837473,0.1937218853901819,0.16448269117934677,금천구,"시흥대로291, 롯데캐슬3차 301동 앞",37.45901871,126.89671326,2020-02-26 00:00:00,15.0,QR,395,25.88860759493671,1.7259071729957804,3,5,1,1,2,12,2.6,검토,0
2119,2119. 중앙동 동진빌딩,7892,2025-06-01,2026-06-30,0.21186011150532186,0.2377090724784592,0.24518499746578815,0.19703497212366955,관악구,서울특별시 관악구 관악로 217,37.48425674,126.95469666,2017-06-22 14:01:57,10.0,QR,395,19.979746835443038,1.9979746835443037,2,4,2,3,2,13,2.6,검토,0
1516,1516. 우이동길마을마당,7103,2025-06-01,2026-06-30,0.21244544558637196,0.23708292270871462,0.25580740532169505,0.18541461354357314,강북구,서울특별시 강북구 수유동 409-131,37.63858795,127.01590729,2017-05-11 09:35:11,10.0,LCD,395,17.98227848101266,1.798227848101266,2,4,2,3,2,13,2.6,검토,0
4678,4678. 백련산로 녹번센트레빌 ,7131,2025-06-01,2026-06-30,0.27794138269527413,0.18650960594587015,0.2469499368952461,0.19225915018931425,은평구,은평구 백련산로160,37.59954453,126.92653656,2021-09-24 00:00:00,10.0,QR,395,18.053164556962024,1.8053164556962025,2,5,1,3,2,13,2.6,검토,0
2111,2111. 서울대입구역 1번출구,11556,2025-06-01,2026-06-30,0.09215991692627207,0.2801142263759086,0.277950848044306,0.3183627552786431,관악구,서울특별시 관악구 남부순환로 1830,37.48086929,126.95331573,2017-08-24 17:50:00,10.0,QR,395,29.255696202531645,2.9255696202531647,3,1,3,4,3,14,2.6,검토,3
405,405. DMC빌 앞,6944,2025-06-01,2026-06-30,0.10815092165898617,0.3726958525345622,0.13551267281105991,0.0655241935483871,마포구,서울특별시 마포구 월드컵북로60길 13,37.58265686,126.88578796,2015-10-07 11:36:50,8.0,QR,395,17.57974683544304,2.19746835443038,2,1,5,1,3,12,2.6,검토,2
164,164. 북가좌1동 주민센터 ,5543,2025-06-01,2026-06-30,0.32040411329604906,0.17499548980696375,0.2559985567382284,0.12303806602922605,서대문구,서울특별시 서대문구 북가좌동 477-1,37.57447815,126.91004944,2016-06-29 12:00:00,10.0,QR,395,14.032911392405063,1.4032911392405063,2,5,1,3,2,13,2.6,검토,0
1854,1854. 가산아네스트 오피스텔 앞,8633,2025-06-01,2026-06-30,0.3866558554384339,0.2163790107726167,0.2074597474805977,0.0934785126838874,금천구,금천구 남부순환로1314(가산동),37.47817993,126.89740753,2018-10-01 00:00:00,10.0,LCD,395,21.855696202531647,2.1855696202531645,2,5,1,1,3,12,2.6,검토,0
5315,5315. 불암산역 앞,4040,2025-06-01,2026-06-30,0.1967821782178218,0.2613861386138614,0.25495049504950495,0.22252475247524753,노원구,서울특별시 노원구 상계로 309,37.67073822,127.07962036,2022-09-07 00:00:00,5.0,QR,395,10.227848101265822,2.0455696202531644,1,4,2,3,3,13,2.6,검토,3
408,408. LG CNS앞,9744,2025-06-01,2026-06-30,0.08004926108374384,0.4204638752052545,0.11627668308702792,0.12551313628899835,마포구,서울특별시 마포구 월드컵북로 424,37.58081055,126.88665009,2015-10-07 11:39:10,14.0,QR,395,24.668354430379747,1.7620253164556963,3,1,5,1,2,12,2.6,검토,2
1856,1856. 모두의학교,6823,2025-06-01,2026-06-30,0.3296204015828814,0.20123113000146564,0.24886413601055254,0.09629195368606185,금천구,금천구 남부순환로 128길 42,37.47840881,126.90737152,2018-09-13 00:00:00,10.0,LCD,395,17.27341772151899,1.7273417721518989,2,5,1,3,2,13,2.6,검토,0
904,904. 은평뉴타운 푸르지오,7762,2025-06-01,2026-06-30,0.34308167997938677,0.1795928884308168,0.2827879412522546,0.10912136047410462,은평구,서울특별시 은평구 진관동 5-8 은평뉴타운 푸르지오,37.64867401,126.93070221,2016-09-02 11:00:00,18.0,LCD,395,19.650632911392407,1.0917018284106892,2,5,1,5,1,14,2.6,검토,0
1420,1420. 신내어울공원 앞,8582,2025-06-01,2026-06-30,0.1489163365182941,0.3066884176182708,0.2451642973665812,0.22652062456303892,중랑구,서울특별시 중랑구 신내로16길 33 신내동 의료안심주택,37.61394501,127.09770203,2017-04-26 15:06:33,15.0,LCD,395,21.72658227848101,1.4484388185654007,2,2,4,3,2,13,2.6,검토,3
680,680.꿈마루어린이도서관 앞,17109,2025-06-01,2026-06-30,0.10918230171254895,0.25401835291367114,0.2725466128937986,0.28528844467823955,동대문구,서울특별시 동대문구 이문동 346-131,37.59238434,127.05741119,2020-04-19 00:00:00,22.0,QR,395,43.31392405063291,1.9688147295742233,4,2,2,4,2,14,2.6,검토,3
4641,4641. 아메리칸센터,5535,2025-06-19,2026-06-30,0.10532971996386631,0.3429087624209575,0.25907859078590784,0.16910569105691056,용산구,서울특별시 용산구 이태원로 59,37.54039001,126.97349548,2022-09-14 00:00:00,10.0,QR,377,14.681697612732096,1.4681697612732096,2,1,5,3,2,13,2.6,검토,3
4683,4683. 은평 성모병원 사거리,6008,2025-06-01,2026-06-30,0.17326897470039948,0.27812916111850866,0.25216378162450065,0.17260319573901464,은평구,은평구 통일로 1034,37.63470078,126.9173584,2022-05-04 00:00:00,10.0,QR,395,15.21012658227848,1.521012658227848,2,3,3,3,2,13,2.6,검토,3
3770,3770. 남부순환로 205,6156,2025-06-01,2026-06-30,0.22936972059779076,0.24610136452241715,0.25503573749187786,0.14327485380116958,강서구,남부순환로 205,37.54739761,126.82141113,2021-04-13 00:00:00,10.0,QR,395,15.584810126582278,1.5584810126582278,2,4,2,3,2,13,2.6,검토,0
3912,3912. 삼호아파트 앞,9413,2025-06-01,2026-06-30,0.12663337936895783,0.24912355253372995,0.27037076383724634,0.346966960586423,구로구,서울 구로구 개봉동 204-20,37.49385834,126.8564682,2021-06-01 00:00:00,10.0,QR,395,23.830379746835444,2.3830379746835444,3,2,2,4,3,14,2.6,검토,3
975,975.백련산 힐스테이트상가앞,6610,2025-06-01,2026-06-30,0.35491679273827537,0.1783661119515885,0.24341906202723146,0.11437216338880483,은평구,서울특별시 은평구 백련산로 38 백련산 힐스테이트 2차,37.59036255,126.92301178,2020-04-10 00:00:00,10.0,QR,395,16.734177215189874,1.6734177215189874,2,5,1,3,2,13,2.6,검토,0
1843,1843. 독산고등학교,5689,2025-06-01,2026-06-30,0.28458428546317455,0.2033749340833187,0.2425733872385305,0.15275092283353842,금천구,서울특별시 독산동 906-42,37.47709656,126.91113281,2017-11-01 16:00:00,10.0,LCD,395,14.40253164556962,1.440253164556962,2,5,1,3,2,13,2.6,검토,0
1034,1034. 고덕동 래미안 힐스테이트,6673,2025-06-01,2026-06-30,0.29791697887007346,0.20725310954593137,0.24726509815675107,0.13547130226285028,강동구,서울특별시 고덕동 603,37.5618782,127.15078735,2017-11-01 16:00:00,10.0,LCD,395,16.89367088607595,1.6893670886075949,2,5,1,3,2,13,2.6,검토,0
5072,5072. 김포공항입구 교통섬,6547,2025-06-01,2026-06-30,0.20849243928516878,0.2570643042614938,0.25630059569268365,0.20727050557507254,강서구,방화동 886-15,37.56154633,126.80708313,2021-09-28 00:00:00,10.0,QR,395,16.5746835443038,1.6574683544303799,2,4,2,3,2,13,2.6,검토,0
1056,1056. 강일리버파크 7~11단지,5798,2025-06-01,2026-06-30,0.33408071748878926,0.20351845463953086,0.24560193170058642,0.10814073818558123,강동구,강일동 435-2,37.56335449,127.17905426,2018-09-07 00:00:00,10.0,LCD,395,14.678481012658228,1.4678481012658229,2,5,1,3,2,13,2.6,검토,0
2396,2396. 영동3교 북단(우성캐릭터 앞 보도),6194,2025-06-01,2026-06-30,0.16273813367775267,0.2897965773329028,0.3157894736842105,0.15272844688408138,강남구,강남구 도곡동 466,37.48574066,127.05104828,2018-10-08 00:00:00,15.0,LCD,395,15.681012658227848,1.0454008438818565,2,3,3,5,1,14,2.6,검토,3
4346,4346.장학재단빌딩 앞,5649,2025-06-01,2026-06-30,0.10639051159497256,0.39776951672862454,0.19773411223225348,0.2223402372101257,서초구,서초구 서초중앙로 199,37.4997139,127.01212311,2025-04-08 00:00:00,7.0,QR,395,14.30126582278481,2.043037974683544,2,1,5,1,3,12,2.6,검토,2
4344,4344. 양재대로(구룡지하차도 앞),4234,2025-06-01,2026-06-30,0.3261691072272083,0.19744922059518186,0.24822862541332075,0.1473783656117147,서초구,서초구 양재동 385-14,37.46949005,127.04788208,2024-05-14 00:00:00,5.0,QR,395,10.718987341772152,2.1437974683544305,1,5,1,3,3,13,2.6,검토,0
4202,4202. 프런트원(공덕역4번출구 앞),8719,2025-06-01,2026-06-30,0.14003899529762587,0.3274458080055052,0.20610161715793096,0.16550063080628513,마포구,마포구 마포대로 122,37.54585266,126.95259857,2020-12-02 00:00:00,9.0,QR,395,22.073417721518986,2.4526019690576653,2,2,4,1,3,12,2.6,검토,2
384,384. 중림동삼거리,5250,2025-06-01,2026-06-30,0.36095238095238097,0.22323809523809524,0.24419047619047618,0.1462857142857143,중구,서울특별시 중구 청파로 456 종로학원본원 앞,37.55978012,126.96850586,2016-06-15 09:30:00,10.0,LCD,395,13.291139240506329,1.3291139240506329,2,5,1,3,2,13,2.6,검토,0
2360,2360. 도곡1동 주민센터 교차로,8222,2025-06-01,2026-06-30,0.14704451471661395,0.33142787642909266,0.19399172950620286,0.14290926781804913,강남구,서울특별시 강남구 도곡로 205,37.4928093,127.04138947,2017-08-21 14:54:59,9.0,LCD,395,20.815189873417722,2.312798874824191,2,2,4,1,3,12,2.6,검토,2
1732,1732. 방학역사거리,7528,2025-06-01,2026-06-30,0.16830499468650373,0.2683315621679065,0.24946865037194474,0.2473432518597237,도봉구,서울특별시 도봉구 도봉로 707 우리은행 앞,37.66759872,127.04299927,2018-10-27 00:00:00,10.0,LCD,395,19.058227848101264,1.9058227848101263,2,3,3,3,2,13,2.6,검토,3
2352,2352. 서울본부세관(건설회관 앞),5536,2025-06-01,2026-06-30,0.08363439306358382,0.41636560693641617,0.13276734104046242,0.10350433526011561,강남구,서울특별시 강남구 언주로 721,37.51758957,127.03502655,2017-08-22 10:49:59,6.0,LCD,395,14.015189873417722,2.3358649789029537,2,1,5,1,3,12,2.6,검토,2
737,737. 장수공원,7192,2025-06-01,2026-06-30,0.23442714126807565,0.26265294771968856,0.2422135706340378,0.16031701890989988,양천구,서울특별시 양천구 신월로 894 ,37.52256012,126.84947968,2017-11-01 16:00:00,10.0,LCD,395,18.207594936708862,1.8207594936708862,2,4,2,3,2,13,2.6,검토,0
3537,3537. 아차산 휴먼시아 아파트 옆,6156,2025-06-01,2026-06-30,0.22855750487329435,0.24090318388564003,0.2907732293697206,0.18128654970760233,광진구,서울특별시 광진구 천호대로 716 아차산 휴먼시아 아파트 옆,37.54848862,127.09375763,2018-10-29 00:00:00,15.0,LCD,395,15.584810126582278,1.0389873417721518,2,4,2,5,1,14,2.6,검토,0
843,843. 이태원관광특구 입구(용산구청방향),7061,2025-06-01,2026-06-30,0.04192040787423878,0.370769012887693,0.30817164707548506,0.2196572723410282,용산구,서울특별시 용산구 이태원로 134 녹사평역 광장,37.53379822,126.98867035,2018-10-07 00:00:00,19.0,QR,395,17.87594936708861,0.9408394403730846,2,1,5,5,1,14,2.6,검토,3
390,390. 충무로역 1번출구,9565,2025-06-01,2026-06-30,0.11458442237323575,0.3376894929430214,0.20815473078933613,0.17104025091479352,중구,서울특별시 중구 퇴계로 212 충무로역 1번출구,37.56138992,126.9953537,2017-08-03 10:51:11,12.0,LCD,395,24.21518987341772,2.0179324894514767,3,2,4,1,2,12,2.6,검토,2
2328,2328. 르네상스 호텔 사거리 역삼지하보도 7번출구 앞,8030,2025-06-01,2026-06-30,0.1265255292652553,0.32453300124533,0.19987546699875466,0.16002490660024907,강남구,서울특별시 강남구 언주로 506,37.50321198,127.04273224,2017-06-13 15:04:48,10.0,LCD,395,20.329113924050635,2.0329113924050635,2,2,4,1,3,12,2.6,검토,2
2326,2326. 대치동 삼성로,6191,2025-06-01,2026-06-30,0.12792763689226297,0.33096430302051366,0.2595703440478113,0.21418187691810692,강남구,서울특별시 강남구 삼성로 350,37.50239563,127.05879974,2017-06-13 14:58:47,10.0,LCD,395,15.673417721518987,1.5673417721518987,2,2,4,3,2,13,2.6,검토,3
3563,3563.구의7단지현대아파트,2879,2025-06-01,2026-06-30,0.352552969781174,0.22473080930878778,0.2841264327891629,0.12122264675234456,광진구,서울특별시 광진구 구의강변로3가길 33 구의7단지조합현대아파트,37.53680038,127.09083557,2020-06-09 00:00:00,5.0,QR,395,7.288607594936709,1.4577215189873418,1,5,1,5,2,14,2.6,검토,0
2319,2319. 포스코사거리 서측(수협 삼성동 지점),8087,2025-06-01,2026-06-30,0.08878446890070484,0.42735254111537035,0.13713367132434773,0.14653147026091257,강남구,서울특별시 강남구 테헤란로 435,37.50660706,127.05467987,2017-06-13 14:26:25,10.0,LCD,395,20.473417721518988,2.0473417721518987,2,1,5,1,3,12,2.6,검토,2
3420,3420. 성균관대입구 사거리 B,9725,2025-06-01,2026-06-30,0.107146529562982,0.2704370179948586,0.2670437017994859,0.28503856041131104,종로구,서울특별시 종로구 명륜2가 197-4,37.58327484,126.99885559,2020-02-04 00:00:00,10.0,QR,395,24.620253164556964,2.4620253164556964,3,1,3,4,3,14,2.6,검토,3
260,260. 여의도 마리나선착장 앞,5781,2025-06-01,2026-06-30,0.09444732745199792,0.39577927694170556,0.35253416363950874,0.20013838436256703,영등포구,서울특별시 영등포구 여의서로 160,37.53365707,126.91216278,2016-07-06 12:00:00,15.0,LCD,395,14.635443037974683,0.9756962025316456,2,1,5,5,1,14,2.6,검토,3
1375,1375. 생명의 전화 종합복지관 앞 교차로,12903,2025-06-01,2026-06-30,0.2610245679299388,0.23017902813299232,0.2073936293885143,0.1555452220413857,성북구,서울특별시 성북구 오패산로 21 생명의 전화 종합복지관 앞 교차로,37.60390854,127.0373764,2018-12-27 00:00:00,20.0,LCD,395,32.665822784810125,1.6332911392405063,3,5,1,1,2,12,2.6,검토,0
2409,2409. 역삼동 디오슈페리움 (우성아파트 사거리),11139,2025-06-01,2026-06-30,0.10853757069754916,0.3778615674656612,0.1977735882933836,0.20702037884908878,강남구,강남구 역삼동 858(강남대로 342 앞 도로),37.49206161,127.03074646,2018-11-14 00:00:00,20.0,LCD,395,28.2,1.41,3,1,5,1,2,12,2.6,검토,2
760,760. 잣절보도육교 아래,6025,2025-06-01,2026-06-30,0.2167634854771784,0.23767634854771785,0.2466390041493776,0.16796680497925312,양천구, 양천구 남부순환로 699,37.50682068,126.84429932,2018-10-15 00:00:00,10.0,LCD,395,15.253164556962025,1.5253164556962024,2,4,2,3,2,13,2.6,검토,0
2643,2643.풍납중학교 측면,5496,2025-06-01,2026-06-30,0.14883551673944687,0.32751091703056767,0.2574599708879185,0.2190684133915575,송파구,풍납동460,37.52515793,127.11694336,2020-01-21 00:00:00,10.0,QR,395,13.913924050632911,1.391392405063291,2,2,4,3,2,13,2.6,검토,3
776,776.목마공원,7477,2025-06-01,2026-06-30,0.12839374080513574,0.32499665641299985,0.24408185100976326,0.230974989969239,양천구,양평교 하부,37.53874207,126.88568115,2020-03-13 00:00:00,15.0,QR,395,18.929113924050633,1.2619409282700422,2,2,4,3,2,13,2.6,검토,3
4475,4475. 송파파인타운 4단지 403동,5302,2025-06-01,2026-06-30,0.2861184458694832,0.22218030931723878,0.25707280271595623,0.11637118068653339,송파구,새말로12길 16,37.48174286,127.12878418,2020-12-24 00:00:00,10.0,QR,395,13.422784810126583,1.3422784810126582,2,5,1,3,2,13,2.6,검토,0
757,757. 신정이펜하우스 1단지아파트 입구 사거리,6158,2025-06-01,2026-06-30,0.2864566417668074,0.2159792140305294,0.24926924326079897,0.1481000324780773,양천구,양천구 신정이펜1로 99,37.51427841,126.82874298,2018-09-27 00:00:00,10.0,LCD,395,15.589873417721519,1.5589873417721518,2,5,1,3,2,13,2.6,검토,0
622,622. 전농사거리 교통섬,12344,2025-06-01,2026-06-30,0.14557679844458846,0.24068373298768633,0.26741736876215166,0.2778677900194426,동대문구,서울특별시 동대문구 사가정로 119 전농사거리 교통섬(전농서적 앞),37.57779312,127.05783081,2016-07-06 12:00:00,15.0,QR,395,31.250632911392405,2.0833755274261603,3,2,2,4,3,14,2.6,검토,3
594,594. 중랑물재생센터(서울새활용플라자),11656,2025-06-01,2026-06-30,0.06408716540837336,0.5235929993136582,0.11942347288949898,0.0522477693891558,성동구,서울특별시 성동구 자동차시장길 49 중랑물재생센터,37.55830383,127.05805969,2017-08-28 10:58:50,15.0,LCD,395,29.508860759493672,1.9672573839662448,3,1,5,1,2,12,2.6,검토,2
2908,2908. 광운대학교 중앙도서관,21318,2025-06-01,2026-06-30,0.09015855145886105,0.274556712637208,0.22253494699315132,0.24322169059011164,노원구,서울특별시 노원구 광운로 20 광운대학교,37.62000275,127.05856323,2020-03-24 00:00:00,20.0,QR,395,53.96962025316456,2.698481012658228,4,1,3,2,3,13,2.6,검토,3
3007,3007.MBC 앞,8350,2025-06-01,2026-06-30,0.10419161676646707,0.43952095808383235,0.13748502994011977,0.14946107784431137,마포구,마포구 상암동 1704,37.58194733,126.89029694,2020-04-06 00:00:00,10.0,QR,395,21.139240506329113,2.113924050632911,2,1,5,1,3,12,2.6,검토,2
1203,1203. 밀리아나2빌딩 앞,13404,2025-06-01,2026-06-30,0.07572366457773799,0.3507908087138168,0.19710534168904806,0.18442256042972247,송파구,서울특별시 송파구 송파대로28길 24,37.49372864,127.12062073,2017-05-26 10:13:07,20.0,LCD,395,33.93417721518988,1.6967088607594938,3,1,5,1,2,12,2.6,검토,2
3105,3105. 홍은센트레빌 아파트 앞,4326,2025-06-01,2026-06-30,0.21266759130836801,0.23624595469255663,0.28317152103559873,0.18677762367082756,서대문구,서대문구 홍은동 164-44,37.5971489,126.93852997,2018-10-18 00:00:00,9.0,LCD,395,10.951898734177215,1.2168776371308017,1,4,2,5,2,14,2.6,검토,0
1348,1348. 성북제일새마을금고 본점 앞,5732,2025-06-01,2026-06-30,0.18510118632240055,0.27983251919050944,0.2595952547103978,0.2445917655268667,성북구,서울특별시 성북구 길음로 20 성북제일새마을금고 본점 앞,37.60475159,127.02275848,2017-11-13 09:27:56,12.0,LCD,395,14.51139240506329,1.2092827004219409,2,3,3,3,2,13,2.6,검토,3
2502,2502. 서초역1번출구 앞,6466,2025-06-01,2026-06-30,0.1368697803897309,0.32075471698113206,0.2459016393442623,0.1557377049180328,서초구,서초동 1553-21,37.49195099,127.00855255,2018-10-02 00:00:00,9.0,LCD,395,16.369620253164555,1.8188466947960618,2,2,4,3,2,13,2.6,검토,3
2501,2501. 서초 포레스타5단지,6313,2025-06-01,2026-06-30,0.32171709171550766,0.21479486773324885,0.25075241565024553,0.13400918739109774,서초구,신원동 347-6,37.45066071,127.05706024,2018-09-03 00:00:00,10.0,LCD,395,15.982278481012658,1.5982278481012657,2,5,1,3,2,13,2.6,검토,0
811,811. 녹사평역1번출구,8397,2025-06-01,2026-06-30,0.10015481719661784,0.34059783255924736,0.29236632130522805,0.19495057758723353,용산구,서울특별시 용산구 용산동2가 6-7 녹사평역1번출구,37.53507996,126.98538208,2016-06-29 12:00:00,20.0,QR,395,21.258227848101267,1.0629113924050633,2,1,5,5,1,14,2.6,검토,3
2313,2313. 금원빌딩 앞,6051,2025-06-01,2026-06-30,0.04313336638572137,0.43513468848124276,0.24756238638241612,0.21864154685176004,강남구,서울특별시 강남구 도산대로 539,37.52511597,127.05246735,2017-06-13 10:45:57,10.0,LCD,395,15.318987341772152,1.5318987341772152,2,1,5,3,2,13,2.6,검토,2
952,952. 서울연신중학교,6789,2025-06-01,2026-06-30,0.28177934894682577,0.19428487258801003,0.25349830608337015,0.13359846811017823,은평구,서울특별시 불광동 400-4번지 서울연신중학교,37.62265015,126.92524719,2017-11-01 16:00:00,10.0,LCD,395,17.1873417721519,1.71873417721519,2,5,1,3,2,13,2.6,검토,0
1065,1065.보훈병원 후문옆(더 원커피),8458,2025-06-01,2026-06-30,0.14447860014187752,0.3154410026010877,0.20524946795932844,0.08784582643650982,강동구,동남로 635,37.53120804,127.1492691,2020-01-09 00:00:00,10.0,QR,395,21.4126582278481,2.1412658227848103,2,2,4,1,3,12,2.6,검토,2
162,162. 봉원고가차도 밑,8405,2025-06-01,2026-06-30,0.19119571683521713,0.25770374776918503,0.24854253420582986,0.13135038667459845,서대문구,서울특별시 서대문구 대신동 143-1,37.56526947,126.94624329,2016-06-29 12:00:00,15.0,LCD,395,21.27848101265823,1.418565400843882,2,4,2,3,2,13,2.6,검토,0
3663,3663. 암사정수센터교차로(강동롯데캐슬퍼스트아파트),6231,2025-06-01,2026-06-30,0.30043331728454503,0.17268496228534747,0.2447440218263521,0.09645321778205745,강동구,"암사동 414-22
(강동롯데캐슬퍼스트아파트 107동 뒤편)",37.55845642,127.14415741,2021-04-15 00:00:00,10.0,QR,395,15.774683544303798,1.5774683544303798,2,5,1,3,2,13,2.6,검토,0
5097,5097. LG사이언스파크 E2동,15860,2025-06-01,2026-06-30,0.043568726355611605,0.5853089533417403,0.04520807061790668,0.049936948297604034,강서구,마곡동 770-1,37.56381607,126.83208466,2023-08-25 00:00:00,40.0,QR,395,40.151898734177216,1.0037974683544304,4,1,5,1,1,12,2.6,검토,2
555,555. 구의3동주민센터,6919,2025-06-01,2026-06-30,0.10969793322734499,0.2978754155224743,0.2540829599653129,0.2594305535482006,광진구,서울특별시 광진구 강변역로 17 구의3동주민센터,37.53784943,127.09217072,2016-07-06 12:00:00,9.0,LCD,395,17.51645569620253,1.9462728551336146,2,2,4,3,2,13,2.6,검토,3
3665,3665. 고덕센트럴 아이파크상가 앞,11621,2025-06-01,2026-06-30,0.18957060493933398,0.195766285173393,0.263058256604423,0.1685741330350228,강동구,고덕로80길 123,37.55058289,127.16542053,2021-04-15 00:00:00,12.0,QR,395,29.42025316455696,2.45168776371308,3,3,1,4,3,14,2.6,검토,0
5076,5076. 메이필드호텔앞,10944,2025-06-01,2026-06-30,0.07282529239766082,0.5777595029239766,0.10425804093567251,0.05911915204678363,강서구,강서구 외발산동 276-9,37.549263,126.81674194,2022-01-12 00:00:00,16.0,QR,395,27.70632911392405,1.731645569620253,3,1,5,1,2,12,2.6,검토,2
850,850.KCC용산웰츠(WELLTZ)타워,5669,2025-06-01,2026-06-30,0.23460927853236901,0.2608925736461457,0.28594108308343624,0.15470100546833657,용산구,서울특별시 용산구 백범로90길 34 구두수선대,37.53739929,126.96892548,2020-03-28 00:00:00,15.0,QR,395,14.351898734177215,0.9567932489451477,2,4,2,5,1,14,2.6,검토,0
445,445.대한상공회의소,10651,2025-06-01,2026-06-30,0.09623509529621632,0.4154539479861046,0.11566989015115951,0.06722373486057648,중구,서울특별시 중구 세종대로 39 대한서울상공회의소,37.56015396,126.97410583,2020-01-31 00:00:00,15.0,QR,395,26.964556962025316,1.7976371308016879,3,1,5,1,2,12,2.6,검토,2
4221,4221. 솔리스타오피스텔(공덕동주민센터),8194,2025-06-01,2026-06-30,0.3724676592628753,0.17378569685135464,0.2514034659506956,0.10641933121796436,마포구,서울  마포구 공덕동 30-19,37.55015945,126.96052551,2021-10-26 00:00:00,13.0,QR,395,20.744303797468355,1.595715676728335,2,5,1,3,2,13,2.6,검토,0
1808,1808. 에이스하이엔드타워8차 앞,12823,2025-06-01,2026-06-30,0.036886843952273256,0.5935428526865788,0.10348592373079622,0.08320985728768619,금천구,서울특별시 금천구 가산디지털1로 84,37.47320938,126.8849411,2017-05-08 15:45:06,20.0,LCD,395,32.4632911392405,1.6231645569620252,3,1,5,1,2,12,2.6,검토,2
1394,1394.길음뉴타운 래미안9단지,7991,2025-06-01,2026-06-30,0.2673007133024653,0.19647102990864723,0.24877987736203228,0.22012263796771367,성북구,서울특별시 성북구 정릉로 243,37.60242462,127.01998138,2020-03-27 00:00:00,10.0,QR,395,20.230379746835442,2.023037974683544,2,5,1,3,2,13,2.6,검토,0
4304,4304. 서울고앞,3211,2025-06-01,2026-06-30,0.20242914979757085,0.2886951105574587,0.26814076611647464,0.1719090625973217,서초구,서초동1526-1,37.48339462,127.00736237,2021-02-19 00:00:00,10.0,QR,395,8.129113924050634,0.8129113924050634,1,4,3,4,1,13,2.5500000000000003,검토,0
1775,1775.신원리베르텔 앞,11666,2025-06-01,2026-06-30,0.05614606548945654,0.31167495285444885,0.25887193553917365,0.2806446082633293,도봉구,서울특별시 도봉구 창동 339,37.65128708,127.04554749,2020-03-17 00:00:00,15.0,QR,395,29.534177215189874,1.968945147679325,3,1,4,3,2,13,2.5500000000000003,검토,3
1085,1085.래미안 솔베뉴(고덕로),12581,2025-06-01,2026-06-30,0.18273587155234083,0.26492329703521184,0.2435418488196487,0.17343613385263493,강동구,양재대로1650,37.55456924,127.14587402,2020-01-13 00:00:00,20.0,QR,395,31.850632911392406,1.5925316455696203,3,3,2,3,2,13,2.5500000000000003,검토,0
921,921. 신도고등학교,1843,2025-06-01,2026-06-30,0.16494845360824742,0.30656538252848614,0.26912642430819317,0.16006511123168746,은평구,서울특별시 은평구 진관동 242-14 신도고등학교,37.63001633,126.91902924,2016-09-02 11:00:00,8.0,LCD,395,4.665822784810127,0.5832278481012658,1,3,4,4,1,13,2.5500000000000003,검토,3
4421,4421. 롯데캐슬클라시아 입구 앞,2059,2025-06-01,2026-06-30,0.17775619232637202,0.3186012627489072,0.2787761049052938,0.18892666342884895,성북구,서울특별시 성북구 길음동 1289-3,37.6069603,127.02606964,2022-10-18 00:00:00,10.0,QR,395,5.2126582278481015,0.5212658227848102,1,3,4,4,1,13,2.5500000000000003,검토,3
2245,2245.양재초등학교 맞은편,8554,2025-06-01,2026-06-30,0.18143558569090484,0.3386719663315408,0.24000467617488894,0.10381108253448679,서초구,서울특별시 서초구 바우뫼로18길 14,37.47361374,127.03050995,2017-06-01 10:44:02,20.0,LCD,395,21.655696202531647,1.0827848101265825,2,3,4,2,1,12,2.5500000000000003,검토,2
1361,1361. 홍익중고 입구,11409,2025-06-01,2026-06-30,0.2418266281006223,0.21632044876851608,0.2551494434218599,0.14733981944079236,성북구,서울특별시 성북구 성북동 142-1,37.59296799,127.00223541,2018-02-26 12:07:29,20.0,LCD,395,28.883544303797468,1.4441772151898733,3,4,1,3,2,13,2.5500000000000003,검토,0
5601,5601.감정평가사회관앞,1343,2025-10-01,2026-06-30,0.11020104244229337,0.3655994043186895,0.27922561429635145,0.16306775874906926,서초구,서초구 방배로 52 감정평가사회관,37.47925949,126.99932861,2025-10-01 00:00:00,10.0,QR,273,4.91941391941392,0.49194139194139197,1,2,5,4,1,13,2.5500000000000003,검토,3
743,743. 현대6차아파트 101동 옆,11126,2025-06-01,2026-06-30,0.1927916591767032,0.2038468452273953,0.1765234585655222,0.18910659715980585,양천구,서울특별시 양천구 신정동 735-5,37.50889969,126.84268188,2017-11-01 16:00:00,10.0,LCD,395,28.167088607594938,2.8167088607594937,3,4,1,1,3,12,2.5500000000000003,검토,0
2389,2389. 경기여자고등학교 후문 (삼성로3길 입구),9128,2025-06-01,2026-06-30,0.2406879929886065,0.20749342681858018,0.25920245398773006,0.16323400525854515,강남구,강남구 개포동 198,37.48616028,127.06723785,2018-11-04 00:00:00,15.0,LCD,395,23.10886075949367,1.540590717299578,3,4,1,3,2,13,2.5500000000000003,검토,0
2263,2263. 바우뫼문화복지회관,7897,2025-06-01,2026-06-30,0.1748765353931873,0.30036722806128907,0.21793085982018487,0.15296948208180322,서초구,서울특별시 서초구 바우뫼로 43,37.47192764,127.02684021,2017-06-22 13:52:40,20.0,LCD,395,19.99240506329114,0.999620253164557,2,3,4,2,1,12,2.5500000000000003,검토,0
4493,4493. 마천사거리 2,4293,2025-06-01,2026-06-30,0.2301420917773119,0.2930351735383182,0.26182156999767064,0.09853249475890985,송파구,마천동 36,37.49900436,127.14694214,2021-01-04 00:00:00,10.0,QR,395,10.868354430379746,1.0868354430379745,1,4,3,4,1,13,2.5500000000000003,검토,0
2269,2269. 주홍교 하부,2924,2025-06-01,2026-06-30,0.16347469220246238,0.32181942544459646,0.27393980848153215,0.19630642954856362,서초구,서울특별시 잠원동 91-29,37.51034927,127.01605225,2017-11-01 16:00:00,15.0,LCD,395,7.402531645569621,0.49350210970464137,1,3,4,4,1,13,2.5500000000000003,검토,3
1372,1372. KEB은행 고대점,11668,2025-06-01,2026-06-30,0.050137127185464515,0.2975659924580048,0.24340075419952006,0.2278025368529311,성북구,서울특별시 성북구 인촌로 113 KEB은행 고대점,37.58644485,127.03160095,2018-10-24 00:00:00,20.0,QR,395,29.539240506329115,1.4769620253164557,3,1,4,3,2,13,2.5500000000000003,검토,3
352,352. 중앙고입구 삼거리,3419,2025-06-01,2026-06-30,0.20795554255630302,0.29189821585258846,0.26323486399532026,0.06873354782100029,종로구,서울특별시 종로구 창덕궁길 191 중앙고입구 삼거리,37.58341599,126.98523712,2016-06-01 14:30:00,10.0,LCD,395,8.655696202531646,0.8655696202531645,1,4,3,4,1,13,2.5500000000000003,검토,0
3527,3527. 왕십리 자이아파트(101동 앞),406,2025-06-01,2026-06-30,0.24630541871921183,0.2536945812807882,0.28078817733990147,0.22413793103448276,성동구,서울특별시 성동구 난계로 100 왕십리 자이아파트 103동 인근,37.56179047,127.02439117,2018-10-24 00:00:00,5.0,LCD,395,1.0278481012658227,0.20556962025316455,1,5,2,4,1,13,2.5500000000000003,검토,0
2806,2806.항동지구 4단지 입구,1957,2025-06-01,2026-06-30,0.27593254982115484,0.24885028104241186,0.27133367399080227,0.16249361267245785,구로구,구로구 항동 82-9,37.48259735,126.82645416,2020-02-27 00:00:00,10.0,QR,395,4.954430379746835,0.49544303797468353,1,5,2,4,1,13,2.5500000000000003,검토,0
2091,2091. 이수역9번출구,11298,2025-06-01,2026-06-30,0.09134360063728093,0.33572313683837846,0.2527881040892193,0.21826872012745618,동작구, 동작구 사당동 147-141,37.48470306,126.98059082,2020-04-26 00:00:00,15.0,QR,395,28.60253164556962,1.9068354430379746,3,1,4,3,2,13,2.5500000000000003,검토,3
4719,4719. 종로문화원 건너편,13816,2025-06-01,2026-06-30,0.09423856398378691,0.32961783439490444,0.181673422119282,0.052330631152287206,종로구,서울특별시 종로구 중학동 10-3,37.57571411,126.9805069,2022-06-24 00:00:00,15.0,QR,395,34.97721518987342,2.3318143459915612,3,1,4,1,3,12,2.5500000000000003,검토,2
3587,3587.우성식품 앞,11133,2025-06-01,2026-06-30,0.23300098805353453,0.2301266504985179,0.2577023264169586,0.18216114254917812,광진구,서울특별시 광진구 구의동 201-2,37.54246521,127.09423065,2020-05-07 00:00:00,15.0,QR,395,28.184810126582278,1.8789873417721519,3,4,1,3,2,13,2.5500000000000003,검토,0
1506,1506. 강북문화예술회관,11770,2025-06-01,2026-06-30,0.19770603228547154,0.21639762107051827,0.2425658453695837,0.18173322005097706,강북구,서울특별시 강북구 삼각산로 85 강북문화예술회관,37.64032745,127.01335907,2017-05-11 09:26:00,15.0,LCD,395,29.79746835443038,1.9864978902953585,3,4,1,3,2,13,2.5500000000000003,검토,0
1654,1654. 당고개입구 오거리,7856,2025-06-01,2026-06-30,0.18266293279022403,0.252418533604888,0.2949338085539715,0.242489816700611,노원구,서울특별시 노원구 상계동 172-2 보훈회관 대여소,37.66379166,127.07544708,2017-11-01 16:00:00,15.0,LCD,395,19.88860759493671,1.3259071729957805,2,3,2,5,2,14,2.55,검토,3
2172,2172. 나들목공원,8479,2025-06-01,2026-06-30,0.09163816487793372,0.32208986908833587,0.32987380587333415,0.16770845618587096,관악구,서울특별시 관악구 신림로 41,37.46940613,126.94451141,2017-11-28 10:25:16,15.0,LCD,395,21.465822784810126,1.431054852320675,2,1,4,5,2,14,2.55,검토,3
1670,1670. 노원경찰서교차로,15622,2025-06-01,2026-06-30,0.2263474587120727,0.20067853027781335,0.1998463705031366,0.13724235053130202,노원구,서울특별시 노원구 노원로 283 노원경찰서교차로,37.64340973,127.07183838,2017-11-28 11:22:31,20.0,LCD,395,39.549367088607596,1.9774683544303797,4,4,1,1,2,12,2.55,검토,0
4855,4855. 거여5단지 503동 앞,6055,2025-06-01,2026-06-30,0.16449215524360034,0.23715937241948803,0.29413707679603635,0.22246077621800164,송파구,양산로4길 16,37.48933029,127.1460495,2021-01-04 00:00:00,10.0,QR,395,15.329113924050633,1.5329113924050632,2,3,2,5,2,14,2.55,검토,3
2903,2903.월계초안아파트 1단지,6014,2025-06-01,2026-06-30,0.23012969737279682,0.22164948453608246,0.29248420352510807,0.19072164948453607,노원구,서울특별시 노원구 덕릉로60타길 24,37.63372803,127.04436493,2020-03-24 00:00:00,10.0,QR,395,15.225316455696202,1.5225316455696203,2,4,1,5,2,14,2.55,검토,0
1666,1666. 노원소방서인근,7526,2025-06-01,2026-06-30,0.15453095934095137,0.2608291256975817,0.2884666489503056,0.2366462928514483,노원구,서울특별시 노원구 노원로26길 111 노원소방서인근,37.65578079,127.07177734,2017-11-28 10:49:40,10.0,LCD,395,19.053164556962024,1.9053164556962023,2,3,2,5,2,14,2.55,검토,3
4474,4474. 가락현대 1차 11동 앞,5820,2025-06-01,2026-06-30,0.15790378006872852,0.2632302405498282,0.28969072164948456,0.1766323024054983,송파구,문정동 3,37.49146652,127.12664032,2020-12-24 00:00:00,10.0,QR,395,14.734177215189874,1.4734177215189874,2,3,2,5,2,14,2.55,검토,3
3132,3132.홍제교,7471,2025-06-01,2026-06-30,0.14803908445991165,0.2674340784366216,0.2821576763485477,0.21456297684379602,서대문구,서대문구 홍제동394-46,37.59186172,126.94421387,2020-04-09 00:00:00,10.0,QR,395,18.91392405063291,1.891392405063291,2,2,3,5,2,14,2.55,검토,3
1472,1472.영성빌딩(PAT),8036,2025-06-01,2026-06-30,0.15741662518666003,0.2643106022896964,0.24178695868591338,0.17745146839223494,중랑구,서울특별시 중랑구 동일로 824 신성빌딩,37.60408401,127.07923126,2020-04-20 00:00:00,8.0,QR,395,20.344303797468353,2.543037974683544,2,3,2,3,3,13,2.55,검토,3
1520,1520. 수유중앙시장,13286,2025-06-01,2026-06-30,0.12893271112449195,0.2249736564805058,0.279768177028451,0.3175523107029956,강북구,서울특별시 강북구 노해로 50 수유동 140,37.63986206,127.022789,2017-05-11 09:32:10,7.0,QR,395,33.63544303797468,4.80506329113924,3,2,1,4,4,14,2.55,검토,3
1230,1230. 송파중학교 정문,6368,2025-06-01,2026-06-30,0.1461997487437186,0.2766959798994975,0.31564070351758794,0.22597361809045227,송파구,서울특별시 송파구 동남로 203,37.49567032,127.13059235,2017-06-27 13:44:54,10.0,LCD,395,16.121518987341773,1.6121518987341772,2,2,3,5,2,14,2.55,검토,3
4094,4094.도봉여성센터,5485,2025-06-01,2026-06-30,0.19653600729261622,0.23026435733819509,0.2463081130355515,0.27019143117593436,도봉구,방학로12길 28(후문 마당),37.66334915,127.03045654,2023-01-02 00:00:00,6.0,QR,395,13.886075949367088,2.3143459915611815,2,4,1,3,3,13,2.55,검토,3
3725,3725. 강북 청소년 문화정보도서관 앞,4425,2025-06-01,2026-06-30,0.19005649717514125,0.23751412429378532,0.2840677966101695,0.18666666666666668,강북구,강북구 삼양로54길 68,37.62302017,127.02186584,2022-12-22 00:00:00,5.0,QR,395,11.20253164556962,2.240506329113924,1,3,2,5,3,14,2.55,검토,0
1450,1450. 화랑대역 7번출구,18444,2025-06-01,2026-06-30,0.11093038386467144,0.22354153112123185,0.2249512036434613,0.18211884623725874,중랑구,서울특별시 중랑구 묵동 6-3,37.61963654,127.08504486,2017-11-28 12:03:41,10.0,LCD,395,46.69367088607595,4.669367088607595,4,2,1,2,4,13,2.55,검토,3
4931,4931. 디에이치퍼스티어아이파크 124동 앞,8332,2025-06-01,2026-06-30,0.23631781084973597,0.22035525684109458,0.24807969275084013,0.16190590494479118,강남구,강남구 개포동 660-4,37.48131943,127.05435181,2024-06-03 00:00:00,8.0,QR,395,21.093670886075948,2.6367088607594935,2,4,1,3,3,13,2.55,검토,0
4546,4546. 목동운동장 주경기장,6752,2025-06-01,2026-06-30,0.1501777251184834,0.2596267772511848,0.3281990521327014,0.20556872037914692,양천구,양천구 안양천로 939,37.53002167,126.88219452,2023-04-07 00:00:00,14.0,QR,395,17.093670886075948,1.2209764918625676,2,3,2,5,2,14,2.55,검토,3
476,476.광희문,8598,2025-06-01,2026-06-30,0.1558501977204001,0.23458943940451268,0.25354733658990464,0.2812281926029309,중구,서울특별시 중구 광희동2가 105-32,37.56443024,127.00995636,2020-01-29 00:00:00,10.0,QR,395,21.767088607594935,2.1767088607594935,2,3,2,3,3,13,2.55,검토,3
1539,1539. 4.19민주묘지역,5385,2025-06-01,2026-06-30,0.083008356545961,0.305849582172702,0.30194986072423396,0.27390900649953576,강북구,서울특별시 강북구 삼양로 519 4.19민주묘지역,37.64967346,127.01345062,2018-02-26 11:22:45,10.0,LCD,395,13.632911392405063,1.3632911392405063,2,1,4,5,2,14,2.55,검토,3
535,535. 응봉삼거리,6797,2025-06-01,2026-06-30,0.18478740620862144,0.25290569368839194,0.3230837134029719,0.2203913491246138,성동구,서울특별시 성동구 응봉동 134-26 응봉삼거리,37.5539856,127.03359222,2016-06-29 12:00:00,11.0,QR,395,17.207594936708862,1.5643268124280783,2,3,2,5,2,14,2.55,검토,3
1136,1136. 등촌2파출소,7281,2025-06-01,2026-06-30,0.2093119077049856,0.2130201895344046,0.24941628897129514,0.1519022112347205,강서구,서울특별시 강서구 등촌로 167,37.54478836,126.86199951,2017-04-24 10:00:22,8.0,LCD,395,18.432911392405064,2.304113924050633,2,4,1,3,3,13,2.55,검토,0
434,434. 신당 래미안 버스정류장,6641,2025-06-01,2026-06-30,0.21261858153892485,0.20027104351754255,0.31606685740099383,0.1861165487125433,중구,서울특별시 중구 퇴계로90길 74 신당 레미안 버스정류장 (112동 인근),37.56148911,127.02393341,2018-12-06 00:00:00,10.0,LCD,395,16.8126582278481,1.68126582278481,2,4,1,5,2,14,2.55,검토,0
1548,1548. 북서울 꿈의숲 서문,7232,2025-06-01,2026-06-30,0.06388274336283185,0.32632743362831856,0.43514933628318586,0.20063606194690264,강북구,서울특별시 강북구 월계로 173 북서울 꿈의숲 서문,37.62268829,127.03781128,2018-12-14 00:00:00,15.0,LCD,395,18.308860759493673,1.2205907172995782,2,1,4,5,2,14,2.55,검토,3
1367,1367. 길음문화복합미디어센터,8242,2025-06-01,2026-06-30,0.20965785003639895,0.2228827954380005,0.26025236593059936,0.19934481921863625,성북구,서울특별시 성북구 길음로7길 6 길음뉴타운9단지래미안 상가,37.60429764,127.02261353,2018-11-02 00:00:00,10.0,LCD,395,20.865822784810128,2.086582278481013,2,4,1,3,3,13,2.55,검토,0
848,848. 삼각지12번 출구,7791,2025-06-01,2026-06-30,0.09690668720318316,0.31716082659478884,0.2880246438197921,0.20228468745988962,용산구,서울특별시 용산구 이태원로 29 전쟁기념관,37.53488922,126.97562408,2020-03-28 00:00:00,10.0,QR,395,19.724050632911393,1.9724050632911392,2,1,4,5,2,14,2.55,검토,3
2337,2337. 대모산입구역 2번출구 앞,6181,2025-06-01,2026-06-30,0.173758291538586,0.2334573693577091,0.304319689370652,0.25190098689532436,강남구,서울특별시 강남구 영동대로 101,37.49207687,127.07197571,2017-06-13 09:38:26,10.0,LCD,395,15.648101265822785,1.5648101265822785,2,3,2,5,2,14,2.55,검토,3
406,406. 상암월드컵파크 7단지 앞,8043,2025-06-01,2026-06-30,0.16262588586348378,0.25115006838244436,0.2915578764142733,0.1990550789506403,마포구,서울특별시 마포구 월드컵로42길 22,37.58111191,126.88087463,2015-10-07 11:37:38,15.0,QR,395,20.362025316455696,1.3574683544303798,2,3,2,5,2,14,2.55,검토,3
2112,2112. 서울대입구역 마에스트로,8093,2025-06-01,2026-06-30,0.09440257012232794,0.3090324972198196,0.2928456690967503,0.3427653527740022,관악구,서울특별시 관악구 남부순환로 지하 1822,37.4813385,126.95064545,2017-05-26 09:46:35,15.0,LCD,395,20.48860759493671,1.3659071729957806,2,1,4,5,2,14,2.55,검토,3
1527,1527. 미아역 1번 출구 뒤,8959,2025-06-01,2026-06-30,0.15425828775532985,0.25918071213305055,0.2469025560888492,0.1946645831007925,강북구,서울특별시 강북구 미아동 194-1 미아역 1번 출구 뒤,37.62733459,127.02605438,2017-11-01 16:00:00,10.0,LCD,395,22.681012658227846,2.268101265822785,2,3,2,3,3,13,2.55,검토,3
1865,1865.금천구청앞(M빌딩),4109,2025-06-01,2026-06-30,0.21148697980043807,0.3012898515453882,0.18057921635434412,0.1384765149671453,금천구,시흥대로67 옆,37.45633316,126.89645386,2020-02-24 00:00:00,10.0,QR,395,10.40253164556962,1.0402531645569622,1,4,4,1,1,11,2.5000000000000004,검토,0
4266,4266.국민연금공단충정로사옥,4174,2025-06-01,2026-06-30,0.24556780067081935,0.27982750359367514,0.1859127934834691,0.15764254911356013,서대문구,서울 서대문구 충정로 36,37.56184769,126.96414948,2022-01-11 00:00:00,9.0,QR,395,10.567088607594936,1.1741209563994373,1,5,3,1,1,11,2.5000000000000004,검토,0
4896,4896. 송파레이크힐,1352,2025-06-01,2026-06-30,0.27514792899408286,0.27366863905325445,0.18269230769230768,0.13239644970414202,송파구,송파구 거여동 603,37.48688889,127.14169312,2021-11-10 00:00:00,10.0,QR,395,3.4227848101265823,0.34227848101265823,1,5,3,1,1,11,2.5000000000000004,검토,0
425,425. DMC첨단산업센터,4566,2025-06-01,2026-06-30,0.1946999561979851,0.32544897065265005,0.11629434954007885,0.0821287779237845,마포구,서울특별시 마포구 성암로330,37.58450317,126.88559723,2017-11-01 16:00:00,10.0,LCD,395,11.559493670886075,1.1559493670886076,1,4,4,1,1,11,2.5000000000000004,검토,2
2304,2304. 대현그린타워,4125,2025-06-01,2026-06-30,0.15224242424242423,0.3958787878787879,0.18933333333333333,0.13915151515151516,강남구,서울특별시 강남구 언주로 626,37.5116272,127.03565216,2017-06-13 10:36:12,10.0,QR,395,10.443037974683545,1.0443037974683544,1,3,5,1,1,11,2.5000000000000004,검토,2
2256,2256.양재동 꽃시장 입구,4151,2025-06-01,2026-06-30,0.1891110575764876,0.38376294868706334,0.1830884124307396,0.07154902433148638,서초구,서울특별시 서초구 강남대로 27,37.46768951,127.0403595,2017-06-01 10:48:00,10.0,QR,395,10.50886075949367,1.050886075949367,1,3,5,1,1,11,2.5000000000000004,검토,2
4781,4781. 브라운스위트레지던스,3430,2025-06-01,2026-06-30,0.3093294460641399,0.29067055393586005,0.1924198250728863,0.09970845481049563,중구,서울특별시 중구 중립동 340-1,37.56147003,126.96801758,2020-10-05 00:00:00,10.0,QR,395,8.683544303797468,0.8683544303797468,1,5,3,1,1,11,2.5000000000000004,검토,0
4802,4802. 새우개마을,3227,2025-06-01,2026-06-30,0.35419894638983573,0.27858692283854974,0.165478772854044,0.06941431670281996,중랑구,서울특별시 중랑구 신내동278-50,37.61571121,127.1010437,2021-02-15 00:00:00,8.0,QR,395,8.169620253164556,1.0212025316455695,1,5,3,1,1,11,2.5000000000000004,검토,0
2207,2207. 내곡파출소 뒤 정자,1940,2025-06-01,2026-06-30,0.20257731958762887,0.30927835051546393,0.20670103092783504,0.08608247422680412,서초구,서울특별시 서초구 헌릉로 226,37.45440674,127.06492615,2017-06-27 15:25:46,9.0,LCD,395,4.9113924050632916,0.5457102672292546,1,4,4,1,1,11,2.5000000000000004,검토,0
1242,1242. 문정 법조단지6,1719,2025-06-01,2026-06-30,0.16753926701570682,0.45200698080279234,0.20826061663758,0.133216986620128,송파구,서울특별시 송파구 법원로 101,37.48163223,127.11916351,2017-06-27 13:54:56,10.0,LCD,395,4.351898734177215,0.43518987341772153,1,3,5,1,1,11,2.5000000000000004,검토,2
198,198. 충정2교,5049,2025-06-01,2026-06-30,0.2582689641513171,0.27510398098633393,0.19528619528619529,0.11051693404634581,서대문구,서울특별시 서대문구 충정로3가 155-4,37.5621376,126.96377563,2016-07-06 12:00:00,15.0,QR,395,12.782278481012659,0.8521518987341773,1,5,3,1,1,11,2.5000000000000004,검토,0
4348,4348. 사당역 1번출구,1207,2025-06-01,2026-06-30,0.17729908864954433,0.34051367025683515,0.18475559237779618,0.14250207125103562,서초구,서초구 방배동 505-2,37.47597885,126.98390961,2024-11-01 00:00:00,5.0,QR,395,3.0556962025316454,0.6111392405063291,1,3,5,1,1,11,2.5000000000000004,검토,2
420,420. 서울시 공공자전거 상암센터,15596,2025-06-01,2026-06-30,0.07040266735060272,0.2949474224160041,0.49576814567837907,0.15010259040779686,마포구,서울특별시 마포구 월드컵북로47길 10,37.56624603,126.8961792,2015-10-07 11:39:12,37.0,QR,395,39.483544303797466,1.0671228190215531,4,1,3,5,1,14,2.5,일반,3
167,167. 연가초등학교 옆,6202,2025-06-01,2026-06-30,0.26813930990003226,0.20638503708481135,0.26475330538535957,0.1418897129958078,서대문구,서울특별시 서대문구 북가좌동 70-119,37.57946014,126.91712952,2016-06-29 12:00:00,15.0,QR,395,15.70126582278481,1.0467510548523207,2,5,1,4,1,13,2.5,일반,0
932,932. 예일여중,12420,2025-06-01,2026-06-30,0.09130434782608696,0.28421900161030594,0.285829307568438,0.24114331723027374,은평구,서울특별시 은평구 연서로 117 예일여중,37.61000443,126.91639709,2016-09-02 11:00:00,20.0,LCD,395,31.443037974683545,1.5721518987341772,3,1,3,5,2,14,2.5,일반,3
5871,5871. 건영상가 앞,7095,2025-06-01,2026-06-30,0.2845665961945032,0.21719520789288232,0.2284707540521494,0.15785764622973925,영등포구,도림로323,37.50611877,126.90161133,2023-07-18 00:00:00,13.0,QR,395,17.962025316455698,1.3816942551119769,2,5,1,2,2,12,2.5,일반,0
1770,1770.도봉한신아파트 주변,13996,2025-06-01,2026-06-30,0.1363961131751929,0.23642469276936268,0.1967705058588168,0.13653901114604172,도봉구,서울특별시 도봉구 도봉동 646-1,37.68473816,127.0500412,2020-07-30 00:00:00,15.0,QR,395,35.43291139240506,2.362194092827004,4,2,2,1,3,12,2.5,일반,0
494,494.신수동주민센터,5013,2025-06-01,2026-06-30,0.2744863355276282,0.21663674446439257,0.21623778176740474,0.13445042888489928,마포구,마포구 신수동 458,37.54724503,126.93502808,2020-09-16 00:00:00,5.0,QR,395,12.69113924050633,2.5382278481012657,1,5,1,2,3,12,2.5,일반,0
169,169. 북가좌 삼거리,6000,2025-06-01,2026-06-30,0.2655,0.22016666666666668,0.21033333333333334,0.133,서대문구,서울특별시 서대문구 북가좌동 400,37.57300186,126.90779877,2016-06-29 12:00:00,10.0,QR,395,15.189873417721518,1.5189873417721518,2,5,1,2,2,12,2.5,일반,0
4469,4469. 거여동 어울림아파트  102동앞,5688,2025-06-01,2026-06-30,0.14310829817158932,0.33825597749648384,0.22380450070323488,0.20059774964838256,송파구,오금로56길28,37.49198532,127.14373016,2021-01-04 00:00:00,10.0,QR,395,14.4,1.44,2,2,4,2,2,12,2.5,일반,3
1774,1774.정의여중고 버스정류소,4933,2025-06-01,2026-06-29,0.2282586661260896,0.2469085749037097,0.2639367524832759,0.2377863369146564,도봉구,서울특별시 도봉구 쌍문동 83-2,37.65134811,127.034729,2020-03-17 00:00:00,8.0,QR,394,12.52030456852792,1.56503807106599,1,4,2,4,2,13,2.5,일반,0
1725,1725. 창1동주민센터,5313,2025-06-01,2026-06-30,0.2785620176924525,0.1582909843779409,0.22661396574440051,0.16600790513833993,도봉구,서울특별시 도봉구 해등로 46 창1동주민센터,37.6475029,127.04331207,2017-11-28 11:32:55,10.0,LCD,395,13.450632911392406,1.3450632911392406,2,5,1,2,2,12,2.5,일반,0
4458,4458. 가락2동주민센터 인근,5875,2025-06-01,2026-06-30,0.1986382978723404,0.2629787234042553,0.23829787234042554,0.25174468085106383,송파구,중대로191,37.49917603,127.12589264,2021-01-04 00:00:00,10.0,QR,395,14.873417721518987,1.4873417721518987,2,4,2,2,2,12,2.5,일반,3
1714,1714. 도봉문화정보도서관 삼거리,4859,2025-06-01,2026-06-30,0.14221033134389793,0.3080880839678946,0.2693969952665157,0.12183576867668244,도봉구,서울특별시 도봉구 덕릉로 315 도봉문화정보도서관 삼거리,37.64463043,127.04460907,2017-11-01 16:00:00,10.0,LCD,395,12.30126582278481,1.230126582278481,1,2,4,4,2,13,2.5,일반,3
4234,4234. 에스테반,6454,2025-06-01,2026-06-30,0.32801363495506664,0.21335605825844436,0.24000619770684847,0.12271459559962813,마포구,마포구 만리재로 95,37.54891968,126.95951843,2021-10-28 00:00:00,10.0,QR,395,16.339240506329112,1.6339240506329111,2,5,1,2,2,12,2.5,일반,0
909,909. 백련산 힐스테이트 3차,6742,2025-06-01,2026-06-30,0.27514090774250965,0.1901512904182735,0.21299317709878374,0.17665381192524474,은평구,서울특별시 은평구 응암동 761-9 백련산 힐스테이트 3차,37.58699417,126.92288208,2016-09-02 11:00:00,10.0,QR,395,17.068354430379745,1.7068354430379746,2,5,1,2,2,12,2.5,일반,0
1514,1514. 강북구청 사거리 버스정류소 앞,10688,2025-06-01,2026-06-30,0.09122380239520958,0.2787238023952096,0.24766092814371257,0.3186751497005988,강북구,서울특별시 강북구 한천로 1009 강북구청 사거리 버스정류소,37.63880539,127.02835846,2017-05-11 09:29:29,10.0,LCD,395,27.058227848101264,2.7058227848101266,3,1,3,3,3,13,2.5,일반,3
4110,4110. 용두롯데캐슬리치아파트 앞,11686,2025-06-01,2026-06-30,0.1477836727708369,0.2561184323121684,0.2572308745507445,0.25047064863939755,동대문구,서울특별시 동대문구 용두동 150-32,37.57958603,127.03024292,2020-09-21 00:00:00,10.0,QR,395,29.58481012658228,2.958481012658228,3,2,2,3,3,13,2.5,일반,3
802,802. 한강진역 2번 출구 앞,4738,2025-06-01,2026-06-30,0.1650485436893204,0.29548332629801605,0.26445757703672435,0.21190375685943436,용산구,서울특별시 용산구 한남동 726-494 한강진역 2번 출구 앞,37.54115295,127.00221252,2016-06-29 12:00:00,9.0,LCD,395,11.99493670886076,1.3327707454289732,1,3,3,4,2,13,2.5,일반,3
6063,6063.NH농협은행(신당역6번출구),4793,2025-10-23,2026-06-30,0.08470686417692468,0.2660129355309827,0.2501564781973712,0.26976841226789067,중구,중구 다산로 240 동원빌딩,37.56428146,127.01620483,2025-10-23 00:00:00,6.0,QR,251,19.095617529880478,3.182602921646746,2,1,3,3,4,13,2.5,일반,3
745,745. 강서초등학교,6948,2025-06-01,2026-06-30,0.24208405296488197,0.2584916522740357,0.2374784110535406,0.12723085780080598,양천구,서울특별시 양천구 오목로 31 부근,37.52228165,126.83969879,2017-11-01 16:00:00,10.0,LCD,395,17.58987341772152,1.758987341772152,2,4,2,2,2,12,2.5,일반,0
813,813. 삼각지역 3번출구,9498,2025-06-01,2026-06-30,0.08254369340913877,0.26889871551905664,0.3300694883133291,0.34259844177721627,용산구,서울특별시 용산구 한강로1가 228-1 삼각지역 3번출구,37.53351212,126.97227478,2016-06-29 12:00:00,20.0,QR,395,24.045569620253165,1.2022784810126583,3,1,3,5,2,14,2.5,일반,3
1275,1275. 거여초등학교 옆,6142,2025-06-01,2026-06-30,0.2629436665581244,0.2271247150765223,0.2619667860631716,0.11169000325626832,송파구,서울특별시 송파구 마천로25길 18,37.50458908,127.13936615,2017-12-22 14:47:47,15.0,LCD,395,15.549367088607594,1.0366244725738396,2,5,1,4,1,13,2.5,일반,0
1349,1349. 월계2교 버스정류장 앞,5109,2025-06-01,2026-06-30,0.19592875318066158,0.24466627520062634,0.2736347621843805,0.14777843022117831,성북구,서울특별시 성북구 한천로101길 18 월계2교 버스정유장 앞,37.62382889,127.05020142,2017-11-13 09:28:37,10.0,LCD,395,12.934177215189873,1.2934177215189873,1,4,2,4,2,13,2.5,일반,0
591,591. 건국대학교 (행정관),9278,2025-06-01,2026-06-30,0.05119637852985557,0.29154990299633543,0.13052381978874758,0.1130631601638284,광진구,서울특별시 광진구 능동로 120 행정관,37.54277802,127.07537079,2017-08-30 16:29:21,5.0,LCD,395,23.48860759493671,4.697721518987342,3,1,3,1,4,12,2.5,일반,2
3553,3553.마장역3번출구,7142,2025-06-01,2026-06-30,0.17936152338280595,0.2873144777373285,0.2286474376925231,0.22206664799775974,성동구,서울특별시 성동구 마장로 302,37.565979,127.04311371,2020-04-14 00:00:00,10.0,QR,395,18.08101265822785,1.8081012658227849,2,3,3,2,2,12,2.5,일반,3
1441,1441. 신내능말공원,6882,2025-06-01,2026-06-30,0.3241790177274048,0.19195001453065968,0.22464399883754724,0.16201685556524267,중랑구,서울특별시 중랑구 신내역로 165 신내 데시앙포레,37.61670685,127.11026001,2017-04-26 15:05:17,10.0,LCD,395,17.422784810126583,1.7422784810126584,2,5,1,2,2,12,2.5,일반,0
2549,2549.호반써밋서초파크 403동,6233,2025-06-01,2026-06-30,0.34269212257339965,0.20503770255093856,0.2284614150489331,0.1358896197657629,서초구,우면동 788,37.45924759,127.02390289,2020-06-15 00:00:00,10.0,QR,395,15.779746835443039,1.5779746835443038,2,5,1,2,2,12,2.5,일반,0
4687,4687. 역촌센트레빌아파트 101동 앞,6149,2025-06-01,2026-06-30,0.3068791673442836,0.19255163441209952,0.23759960969263294,0.08863229793462352,은평구,은평구 갈현로3나길 23 101동 앞,37.60354233,126.90672302,2022-08-26 00:00:00,10.0,QR,395,15.567088607594936,1.5567088607594937,2,5,1,2,2,12,2.5,일반,0
2048,2048. 삼일초등학교 인근,7938,2025-06-01,2026-06-30,0.2491811539430587,0.15873015873015872,0.22990677752582514,0.21189216427311666,동작구,서울특별시 동작구 사당로23나길 27,37.48907852,126.97356415,2017-05-26 10:05:43,10.0,LCD,395,20.09620253164557,2.009620253164557,2,5,1,2,2,12,2.5,일반,0
1402,1402. 금란주차장 앞,9420,2025-06-01,2026-06-30,0.1800424628450106,0.19819532908704884,0.2589171974522293,0.21496815286624205,중랑구,서울특별시 중랑구 망우로 448 금란주차장 앞,37.60007095,127.10233307,2017-04-26 14:51:58,10.0,LCD,395,23.848101265822784,2.3848101265822783,3,3,1,3,3,13,2.5,일반,0
4634,4634. 이태원역 3번 출구,5723,2025-06-01,2026-06-30,0.04700331993709593,0.2811462519657522,0.396819849729163,0.3852874366590949,용산구,서울특별시 용산구 이태원로 186 국민은행,37.53440094,126.99466705,2022-03-16 00:00:00,5.0,QR,395,14.48860759493671,2.8977215189873418,2,1,3,5,3,14,2.5,일반,3
1325,1325. 상월곡역 4번출구,6935,2025-06-01,2026-06-30,0.11218457101658255,0.32372025955299205,0.23821196827685653,0.1382840663302091,성북구,서울특별시 성북구 화랑로 148 성북구 상월곡동 산7-1,37.60580826,127.04773712,2017-04-26 14:58:56,10.0,LCD,395,17.556962025316455,1.7556962025316456,2,2,4,2,2,12,2.5,일반,2
2364,2364. 도산공원교차로,5448,2025-06-01,2026-06-30,0.0974669603524229,0.3849118942731278,0.2118208516886931,0.19383259911894274,강남구,서울특별시 강남구 도산대로 229 ,37.52124023,127.0318985,2017-11-01 16:00:00,10.0,LCD,395,13.79240506329114,1.379240506329114,2,1,5,2,2,12,2.5,일반,2
2426,2426.강남한신휴플러스 6단지,7164,2025-06-01,2026-06-30,0.3509212730318258,0.15647682858738135,0.22138470128419876,0.14517029592406477,강남구,강남구 율현동 333-1,37.46829605,127.10469818,2020-02-18 00:00:00,10.0,QR,395,18.136708860759494,1.8136708860759494,2,5,1,2,2,12,2.5,일반,0
1170,1170. 강서구보건소,9850,2025-06-01,2026-06-30,0.14040609137055837,0.24751269035532994,0.25086294416243654,0.21055837563451776,강서구,강서구 공항대로 571 ,37.54917908,126.8687973,2018-10-04 00:00:00,11.0,LCD,395,24.936708860759495,2.266973532796318,3,2,2,3,3,13,2.5,일반,3
964,964. 북한산힐스테이트 7차아파트,5158,2025-06-01,2026-06-30,0.21578131058549826,0.24253586661496704,0.276851492826677,0.1950368359829391,은평구,서울특별시 은평구 통일로 796 북한산 힐스테이트7차,37.61654282,126.92512512,2018-10-16 00:00:00,10.0,LCD,395,13.058227848101266,1.3058227848101267,1,4,2,4,2,13,2.5,일반,0
590,590. 건국대학교 (입학정보관),21907,2025-06-01,2026-06-30,0.1683023691057653,0.19733418542018533,0.1366229972155019,0.14625462181038024,광진구,서울특별시 광진구 능동로 120 입학정보관,37.53989029,127.07336426,2017-08-30 16:27:59,20.0,LCD,395,55.460759493670885,2.773037974683544,4,3,1,1,3,12,2.5,일반,0
4684,4684. 응암2동주민센터 버스정류장(영락중학교 방면),5398,2025-06-01,2026-06-30,0.2623193775472397,0.1670989255279733,0.23156724712856613,0.1459799925898481,은평구,은평구 백련산로 112,37.59586716,126.92349243,2022-06-03 00:00:00,10.0,QR,395,13.665822784810127,1.3665822784810127,2,5,1,2,2,12,2.5,일반,0
2521,2521.서초 크로바타워 앞,8326,2025-06-01,2026-06-30,0.19060773480662985,0.25378332932981024,0.23264472736007688,0.15013211626231082,서초구,서초구 서초대로 347,37.49556351,127.0191803,2020-02-20 00:00:00,13.0,QR,395,21.078481012658226,1.621421616358325,2,4,2,2,2,12,2.5,일반,0
2178,2178. 서울대학교 정문,8386,2025-06-01,2026-06-30,0.052110660624850945,0.3938707369425233,0.27009301216312903,0.19067493441450037,관악구,서울특별시 관악구 관악로 1 서울대학교,37.46709442,126.94932556,2018-10-11 00:00:00,20.0,LCD,395,21.230379746835442,1.061518987341772,2,1,5,4,1,13,2.5,일반,3
4829,4829. 신내동 한살림 중랑지구 건너편,4081,2025-06-01,2026-06-30,0.3383974516049988,0.1627052193089929,0.2190639549130115,0.1705464346973781,중랑구,서울특별시 중랑구 신내동 574-1,37.60446167,127.09741211,2021-10-08 00:00:00,5.0,QR,395,10.331645569620253,2.0663291139240507,1,5,1,2,3,12,2.5,일반,0
2915,2915.서울과학기술대학교(어학교육원),26750,2025-06-01,2026-06-30,0.12205607476635515,0.2576448598130841,0.19170093457943926,0.14153271028037384,노원구,서울특별시 노원구 공릉로58길 130 서울과학기술대학교 생활관,37.63489914,127.07767487,2020-03-24 00:00:00,35.0,QR,395,67.72151898734177,1.934900542495479,5,2,2,1,2,12,2.5,일반,2
2196,2196. 봉천역 3번출구,6617,2025-06-01,2026-06-30,0.11938945141302705,0.3067855523651201,0.2729333534834517,0.2404412875925646,관악구,남부순환로 1700,37.4833107,126.93902588,2020-04-28 00:00:00,15.0,QR,395,16.751898734177214,1.1167932489451475,2,2,4,4,1,13,2.5,일반,3
4958,4958. 고덕래미안힐스테이트 아파트 211동,6707,2025-06-01,2026-06-30,0.3736394811391084,0.12106754137468316,0.2160429402117191,0.0887132846280006,강동구,강동구 고덕동 490,37.55949402,127.14512634,2024-09-24 00:00:00,10.0,QR,395,16.979746835443038,1.6979746835443037,2,5,1,2,2,12,2.5,일반,0
3644,3644. 상록수아파트,5723,2025-06-01,2026-06-30,0.14502883103267517,0.23309453084046827,0.30560894635680586,0.2302987943386336,강남구,광평로10길 15,37.48276138,127.08042145,2021-07-13 00:00:00,5.0,QR,395,14.48860759493671,2.8977215189873418,2,2,2,5,3,14,2.5,일반,3
5777,5777. 호반써밋12단지,6477,2025-06-01,2026-06-30,0.2785240080284082,0.19592403890690135,0.23390458545622975,0.1392620040142041,송파구,송파구 거여동 657,37.48448563,127.14067841,2023-07-12 00:00:00,11.0,QR,395,16.39746835443038,1.4906789413118526,2,5,1,2,2,12,2.5,일반,0
5319,5319. 연해피빌 앞,16378,2025-06-01,2026-06-30,0.12938087678593235,0.22756136280376113,0.18830137989986567,0.14904139699597022,노원구,노원구 공릉로62가길 14,37.63645935,127.07276917,2022-11-29 00:00:00,10.0,QR,395,41.4632911392405,4.14632911392405,4,2,1,1,4,12,2.45,일반,0
2548,2548.반포1동 자율방범초소 옆,4931,2025-06-01,2026-06-30,0.21192455891299938,0.28168728452646524,0.2577570472520787,0.18251875887243968,서초구,반포동 28-4,37.50847626,127.01676178,2020-06-15 00:00:00,18.0,QR,395,12.48354430379747,0.6935302390998594,1,4,3,3,1,12,2.45,일반,0
4808,4808. 신내2동 주민센터 앞,8190,2025-06-01,2026-06-30,0.08327228327228327,0.3333333333333333,0.2221001221001221,0.21147741147741148,중랑구,서울특별시 중랑구 봉화산로 190,37.60641098,127.09404755,2021-02-16 00:00:00,8.0,QR,395,20.734177215189874,2.5917721518987342,2,1,4,2,3,12,2.45,일반,3
2270,2270. 서초포레스타 7단지,4029,2025-06-01,2026-06-30,0.29486224869694716,0.2539091586001489,0.2479523454951601,0.09208240258128568,서초구,서울특별시 신원동 266,37.44896698,127.05773926,2017-11-01 16:00:00,10.0,LCD,395,10.2,1.02,1,5,2,3,1,12,2.45,일반,0
301,301. 경복궁역 7번출구 앞,10633,2025-06-01,2026-06-30,0.22260885921188753,0.22524217060095927,0.22458384275369134,0.17417473902003197,종로구,서울특별시 종로구 사직로 지하130 경복궁역 7번출구 앞,37.57579422,126.97145081,2015-10-07 12:03:46,20.0,QR,395,26.91898734177215,1.3459493670886076,3,4,1,2,2,12,2.45,일반,0
452,452. 동대문 종합시장 버스정류장,9452,2025-06-01,2026-06-30,0.13891239949217096,0.2746508675412611,0.21519255184088024,0.21170122725349133,종로구,서울특별시 종로구 종로 239 동대문 종합시장 버스정류장,37.57123947,127.00440979,2018-10-23 00:00:00,13.0,QR,395,23.929113924050633,1.8407010710808178,3,2,3,2,2,12,2.45,일반,3
3937,3937. 개봉역 신영지웰에스테이트,1450,2025-06-01,2026-06-30,0.29379310344827586,0.25310344827586206,0.25655172413793104,0.19310344827586207,구로구,구로구 개봉동 171-2,37.49563599,126.85797882,2024-07-01 00:00:00,10.0,QR,395,3.670886075949367,0.3670886075949367,1,5,2,3,1,12,2.45,일반,0
3609,3609. 언주초등학교 입구,7200,2025-06-01,2026-06-30,0.13930555555555554,0.36916666666666664,0.19277777777777777,0.18291666666666667,강남구,남부순환로2641,37.48536682,127.03849792,2021-02-24 00:00:00,16.0,QR,395,18.227848101265824,1.139240506329114,2,2,5,1,1,11,2.45,일반,2
4604,4604. 원효로다목적체육관 앞,6132,2025-06-01,2026-06-30,0.1461187214611872,0.3876386170906719,0.19846705805609915,0.1322570123939987,용산구,서울특별시 용산구 원효로3가 54-14,37.5332222,126.95723724,2020-10-30 00:00:00,15.0,QR,395,15.524050632911392,1.0349367088607595,2,2,5,1,1,11,2.45,일반,2
2007,2007. 유한양행앞,27,2026-06-29,2026-06-30,0.1111111111111111,0.4444444444444444,0.0,0.4074074074074074,동작구,서울특별시 동작구 노량진로 74,37.51293945,126.93424225,2017-05-12 10:58:12,20.0,LCD,2,13.5,0.675,2,2,5,1,1,11,2.45,일반,2
2626,"2626.경찰병원역 1,2번 출구 사이",6641,2025-06-01,2026-06-30,0.25598554434573106,0.2516187321186568,0.20493901520855293,0.13446770064749286,송파구,가락동 59,37.49569321,127.12385559,2020-01-20 00:00:00,15.0,QR,395,16.8126582278481,1.12084388185654,2,5,2,1,1,11,2.45,일반,0
3419,3419.국립어린이과학관,4723,2025-06-01,2026-06-30,0.17298327334321406,0.2983273343214059,0.24158373914884607,0.17912343849248358,종로구,서울특별시 종로구 와룡동 2-85,37.58194733,126.99736786,2020-02-10 00:00:00,14.0,QR,395,11.956962025316455,0.8540687160940326,1,3,4,3,1,12,2.45,일반,3
1364,1364. 성북동 치안센터 앞,8161,2025-06-01,2026-06-30,0.22301188579830902,0.2171302536453866,0.2402891802475187,0.18882489890944737,성북구,서울특별시 성북구 성북로 25 성북동 치안센터 앞,37.59017181,127.00408936,2018-11-02 00:00:00,10.0,LCD,395,20.660759493670888,2.0660759493670886,2,4,1,2,3,12,2.45,일반,0
3545,3545.한양대역 1번출구,8100,2025-06-01,2026-06-30,0.08456790123456791,0.3269135802469136,0.23407407407407407,0.2482716049382716,성동구,서울특별시 성동구 행당동 33,37.55657959,127.04335785,2020-04-13 00:00:00,10.0,QR,395,20.50632911392405,2.050632911392405,2,1,4,2,3,12,2.45,일반,3
2175,2175. 신림동걷고싶은문화의거리입구,10858,2025-06-01,2026-06-30,0.08123042917664394,0.23604715417203906,0.2877141278320133,0.3624976975501934,관악구,서울특별시 관악구 신림로 369,37.48730087,126.92870331,2017-11-28 10:27:01,10.0,LCD,395,27.48860759493671,2.748860759493671,3,1,2,5,3,14,2.45,일반,3
455,455. 종로6가역 버스정류장(동대문 방향),15205,2025-06-01,2026-06-30,0.11818480762906938,0.22663597500822097,0.10858270305820454,0.06517592897073331,종로구,서울특별시 종로구 종로 254-1 삼익한의원,37.570961,127.00605774,2018-08-30 00:00:00,8.0,LCD,395,38.49367088607595,4.811708860759493,4,2,1,1,4,12,2.45,일반,2
1826,1826. 한신코아 앞,4140,2025-06-01,2026-06-30,0.2748792270531401,0.2606280193236715,0.242512077294686,0.12971014492753624,금천구,서울특별시 금천구 한내로 62,37.45684052,126.88834381,2017-05-08 16:03:23,10.0,LCD,395,10.481012658227849,1.0481012658227848,1,5,2,3,1,12,2.45,일반,0
4548,4548.신목동역1번출구,5778,2025-10-02,2026-06-30,0.14780200761509174,0.27916233991000344,0.23001038421599168,0.22204915195569402,양천구,양천구 목동 413-3,37.54470444,126.88251495,2025-10-02 00:00:00,7.0,QR,272,21.24264705882353,3.0346638655462184,2,2,3,2,3,12,2.45,일반,3
941,941. 은평뉴타운 도서관,6792,2025-06-01,2026-06-30,0.14782096584216725,0.2753239104829211,0.2763545347467609,0.11263250883392226,은평구,서울특별시 진관동 141-27 은평뉴타운 도서관,37.63722229,126.93330383,2017-11-01 16:00:00,13.0,LCD,395,17.19493670886076,1.3226874391431354,2,2,3,4,2,13,2.4499999999999997,일반,0
2127,2127. 난곡종점,5418,2025-06-01,2026-06-30,0.19121447028423771,0.16500553709856036,0.26504245108896274,0.3222591362126246,관악구,서울특별시 관악구 난곡로 99,37.46488571,126.91947937,2017-05-12 11:54:53,10.0,LCD,395,13.716455696202532,1.3716455696202532,2,4,1,4,2,13,2.4499999999999997,일반,3
2071,2071. 대림아파트 후문 상가 옆,6360,2025-06-01,2026-05-18,0.22531446540880504,0.1720125786163522,0.26336477987421386,0.1998427672955975,동작구,동작구 사당로23길 137,37.48886871,126.97190857,2019-03-26 00:00:00,10.0,LCD,352,18.068181818181817,1.8068181818181817,2,4,1,4,2,13,2.4499999999999997,일반,0
2083,2083.흑석롯데캐슬에듀포레(107동),5455,2025-06-01,2026-06-30,0.2307974335472044,0.215032080659945,0.27204399633363885,0.20623281393217233,동작구, 동작구 흑석동 86-212,37.50470352,126.96073151,2020-04-22 00:00:00,10.0,QR,395,13.810126582278482,1.3810126582278481,2,4,1,4,2,13,2.4499999999999997,일반,0
2712,2712.화곡터널입구교차로,8678,2025-06-01,2026-06-30,0.18552661903664439,0.24521779211799954,0.2787508642544365,0.21398939847891219,강서구,강서구 가로공원로 238 ,37.53835678,126.84236145,2020-03-17 00:00:00,18.0,QR,395,21.969620253164557,1.220534458509142,2,3,2,4,2,13,2.4499999999999997,일반,3
1064,1064.중앙보훈병원역 1번출구,6396,2025-06-01,2026-06-30,0.14509068167604752,0.2953408380237649,0.2707942464040025,0.14149468417761102,강동구,둔촌동 산17-4 ,37.52779388,127.14764404,2020-01-09 00:00:00,10.0,QR,395,16.19240506329114,1.619240506329114,2,2,3,4,2,13,2.4499999999999997,일반,3
2116,2116. 에이스에이존빌딩,6413,2025-06-01,2026-06-30,0.0606580383595821,0.31373772025573055,0.27615780445969124,0.3316700452206456,관악구,서울특별시 관악구 남부순환로 지하 1822,37.48170471,126.95082855,2017-05-26 09:48:09,9.0,LCD,395,16.235443037974683,1.8039381153305203,2,1,4,4,2,13,2.4499999999999997,일반,3
129,129. 신촌역(2호선) 6번출구 옆,7588,2025-06-01,2026-06-30,0.1099103848181339,0.27517132314180287,0.2672641012124407,0.2952029520295203,마포구,서울특별시 마포구 신촌로 106,37.55505371,126.93756866,2015-09-07 10:37:04,10.0,QR,395,19.21012658227848,1.921012658227848,2,2,3,4,2,13,2.4499999999999997,일반,3
4658,4658. 녹번역1번출구앞,6000,2025-06-01,2026-06-30,0.10266666666666667,0.31016666666666665,0.2615,0.2975,은평구,서울특별시 은평구 통일로,37.60176849,126.9354248,2021-03-18 00:00:00,10.0,QR,395,15.189873417721518,1.5189873417721518,2,1,4,4,2,13,2.4499999999999997,일반,3
4671,4671. 청구성심병원 앞,7956,2025-06-01,2026-06-30,0.11588738059326295,0.2921065862242333,0.27853192559074913,0.2288838612368024,은평구,진관2로,37.62087631,126.9197998,2021-03-17 00:00:00,10.0,QR,395,20.141772151898735,2.0141772151898736,2,2,3,4,2,13,2.4499999999999997,일반,3
1682,1682. 중계종합사회복지관 교차로,7067,2025-06-01,2026-06-30,0.11928682609310881,0.27621338616103014,0.2622046129899533,0.2044714871940003,노원구,서울특별시 노원구 덕릉로 662 중계3단지주공영구임대아파트,37.65745544,127.07554626,2018-03-15 14:22:50,13.0,QR,395,17.89113924050633,1.3762414800389484,2,2,3,4,2,13,2.4499999999999997,일반,3
1751,1751. 창원초등학교 교차로,8008,2025-06-01,2026-06-30,0.20666833166833168,0.22315184815184816,0.2711038961038961,0.251998001998002,도봉구,서울특별시 도봉구 해등로12길 44 주공2단지아파트,37.6521225,127.04170227,2020-03-23 00:00:00,15.0,QR,395,20.27341772151899,1.3515611814345994,2,4,1,4,2,13,2.4499999999999997,일반,3
2008,2008. 노량진근린공원 대방공원,6096,2025-06-01,2026-06-30,0.20898950131233596,0.19635826771653545,0.2619750656167979,0.18864829396325458,동작구,서울특별시 동작구 여의대방로44길 20,37.5093689,126.92807007,2017-05-12 10:59:17,10.0,LCD,395,15.432911392405064,1.5432911392405064,2,4,1,4,2,13,2.4499999999999997,일반,0
3402,3402.이화공영주차장,4847,2025-06-01,2026-06-30,0.26903239116979577,0.23334021043944708,0.18155560140292964,0.15700433257685167,종로구,서울특별시 종로구 이화동 13-2,37.57660675,127.00556946,2020-04-19 00:00:00,10.0,QR,395,12.270886075949367,1.2270886075949368,1,5,2,1,2,11,2.4499999999999997,일반,0
328,328. 탑골공원 앞,7344,2025-06-01,2026-06-30,0.061683006535947715,0.3212145969498911,0.26143790849673204,0.24877450980392157,종로구,서울특별시 종로구 종로 99 탑골공원 앞,37.57039642,126.9881897,2015-10-07 12:23:33,11.0,QR,395,18.59240506329114,1.6902186421173762,2,1,4,4,2,13,2.4499999999999997,일반,3
1388,1388. 돈암초교입구 버스정류장(한성대입구역 방면),7366,2025-06-01,2026-06-30,0.15612272603855554,0.2553624762421939,0.26513711648112953,0.23689926690198207,성북구,서울특별시 성북구 동소문동3가 66-1,37.59088135,127.01170349,2020-03-28 00:00:00,10.0,QR,395,18.648101265822785,1.8648101265822785,2,3,2,4,2,13,2.4499999999999997,일반,3
1543,1543. 수유1동 주민센터,6625,2025-06-01,2026-06-30,0.1541132075471698,0.24950943396226416,0.2620377358490566,0.2421132075471698,강북구,서울특별시 강북구 삼양로 299 수유1동 주민센터,37.63018799,127.01773834,2018-02-26 12:06:18,10.0,LCD,395,16.772151898734176,1.6772151898734176,2,3,2,4,2,13,2.4499999999999997,일반,3
2036,2036. 정금마을 마을버스정류장,7936,2025-06-01,2026-06-30,0.16872479838709678,0.23878528225806453,0.27633568548387094,0.15196572580645162,동작구,서울특별시 동작구 동작대로 66-29,37.49466324,126.98244476,2017-05-12 11:06:30,12.0,LCD,395,20.09113924050633,1.6742616033755275,2,3,2,4,2,13,2.4499999999999997,일반,0
2341,2341. 일원역 4~5번 출구 사이,7293,2025-06-02,2026-06-30,0.14246537775949542,0.28602769779240367,0.2721788015905663,0.19621554915672562,강남구,서울특별시 강남구 일원로 127,37.4833107,127.08493805,2017-06-13 16:07:03,10.0,LCD,394,18.51015228426396,1.8510152284263959,2,2,3,4,2,13,2.4499999999999997,일반,3
575,575. 대원중고교 입구(대하빌딩),6968,2025-06-01,2026-06-30,0.15944316877152698,0.25416188289322617,0.26765212399540755,0.19962686567164178,광진구,서울특별시 광진구 용마산로 120 중앙농협 중곡지점,37.56429291,127.08693695,2016-07-06 12:00:00,10.0,LCD,395,17.640506329113926,1.7640506329113925,2,3,2,4,2,13,2.4499999999999997,일반,3
477,477.앰배서더 호텔 주변,6066,2025-06-01,2026-06-30,0.1651829871414441,0.2561819980217606,0.26475436861193535,0.16386416089680184,중구,서울특별시 중구 장충동2가 191-65,37.55928802,127.00268555,2020-01-30 00:00:00,10.0,QR,395,15.356962025316456,1.5356962025316456,2,3,2,4,2,13,2.4499999999999997,일반,3
2357,2357. 르네상스호텔사거리 역삼지하보도 3번출구 앞 (더 오번 빌딩 명동칼국수 앞),4991,2025-06-01,2026-06-30,0.17110799438990182,0.3283911039871769,0.1709076337407333,0.1454618312963334,강남구,서울특별시 강남구 언주로89길 7,37.50166321,127.04297638,2017-08-25 15:54:57,10.0,LCD,395,12.635443037974683,1.2635443037974683,1,3,4,1,2,11,2.4499999999999997,일반,2
1554,1554.번동사거리,5968,2025-06-01,2026-06-30,0.1600201072386059,0.23793565683646112,0.2734584450402145,0.24011394101876676,강북구,서울특별시 강북구 번동 430-76,37.63539124,127.03455353,2020-03-25 00:00:00,10.0,QR,395,15.108860759493671,1.5108860759493672,2,3,2,4,2,13,2.4499999999999997,일반,3
1519,1519. 장미원시장 건너편,6419,2025-06-01,2026-06-30,0.12914784234304408,0.2860258607259698,0.2702913226359246,0.23944539647920238,강북구,서울특별시 강북구 삼양로 474 수유동 317-3,37.64545059,127.01561737,2017-05-11 09:33:54,10.0,LCD,395,16.250632911392405,1.6250632911392404,2,2,3,4,2,13,2.4499999999999997,일반,3
2320,2320. 도곡역 대치지구대 방향,7851,2025-06-01,2026-06-30,0.13934530633040376,0.2797095911348873,0.2784358680422876,0.18137816838619283,강남구,서울특별시 강남구 남부순환로 지하 2814,37.4919281,127.05696869,2017-06-13 14:27:28,10.0,LCD,395,19.87594936708861,1.9875949367088608,2,2,3,4,2,13,2.4499999999999997,일반,3
4924,4924.논현동가구거리,4720,2025-06-01,2026-06-30,0.1923728813559322,0.29300847457627116,0.17033898305084746,0.1309322033898305,강남구,강남구 논현동 56-21,37.51280975,127.02636719,2023-01-17 00:00:00,8.0,QR,395,11.949367088607595,1.4936708860759493,1,4,3,1,2,11,2.4499999999999997,일반,2
358,358. 성균관대입구 사거리 A,8562,2025-06-01,2026-06-30,0.06353655687923382,0.3092735342209764,0.28065872459705676,0.2999299229152067,종로구,서울특별시 종로구 창경궁로 234 성대입구 사거리,37.58250046,126.99853516,2016-06-01 14:30:00,13.0,QR,395,21.675949367088606,1.6673807205452773,2,1,4,4,2,13,2.4499999999999997,일반,3
3918,3918. 이좋은집오피스텔 앞,7752,2025-06-01,2026-06-30,0.16021671826625386,0.23400412796697626,0.27812177502579977,0.29901960784313725,구로구,서울 구로구 오류동 44-1,37.4949913,126.84185028,2021-11-19 00:00:00,10.0,QR,395,19.625316455696204,1.9625316455696205,2,3,2,4,2,13,2.4499999999999997,일반,3
1550,1550.삼각산아이원아파트(105동 옆),1642,2025-06-01,2026-06-30,0.3629719853836784,0.15834348355663824,0.292326431181486,0.08647990255785627,강북구,서울특별시 강북구 삼양로19길 113 삼각산아이원아파트,37.61522293,127.01850891,2020-07-21 00:00:00,10.0,QR,395,4.156962025316456,0.4156962025316456,1,5,1,5,1,13,2.4000000000000004,일반,0
858,858.녹사평역3번 출구,4509,2025-06-01,2026-06-30,0.0658682634730539,0.3490796185406964,0.31736526946107785,0.23863384342426258,용산구,서울특별시 용산구 용산동4가 10-4,37.53440857,126.9868927,2020-04-07 00:00:00,10.0,QR,395,11.415189873417722,1.1415189873417722,1,1,5,5,1,13,2.4000000000000004,일반,3
2199,2199.신봉천주유소 A,1987,2025-06-01,2026-06-30,0.1132360342224459,0.3069954705586311,0.3014594866633115,0.23402113739305486,관악구,남부순환로 1884,37.47877121,126.95869446,2020-04-30 00:00:00,8.0,QR,395,5.030379746835443,0.6287974683544304,1,2,4,5,1,13,2.4000000000000004,일반,3
3561,3561.행당동 삼부APT후문,2752,2025-06-01,2026-06-30,0.049781976744186045,0.34120639534883723,0.2852470930232558,0.38335755813953487,성동구,서울특별시 성동구 왕십리로 278-17 행당동삼부아파트상가,37.55926895,127.03839874,2020-04-14 00:00:00,10.0,QR,395,6.9670886075949365,0.6967088607594937,1,1,5,5,1,13,2.4000000000000004,일반,3
854,854.HID 유족동지회 앞,1734,2025-06-01,2026-06-30,0.04382929642445214,0.34429065743944637,0.370242214532872,0.25720876585928487,용산구,서울특별시 용산구 이태원로 287 6호선 한강진역,37.53872681,127.00154877,2020-04-05 00:00:00,10.0,QR,395,4.389873417721519,0.43898734177215193,1,1,5,5,1,13,2.4000000000000004,일반,3
451,451. 청와대앞길,2497,2025-06-01,2026-06-30,0.09731678013616339,0.3540248297957549,0.3131758109731678,0.07408890668802563,종로구,서울특별시 종로구 청와대로 73 종로구 세종로 1-54,37.58351517,126.97966766,2017-09-07 16:08:37,8.0,LCD,395,6.321518987341772,0.7901898734177215,1,1,5,5,1,13,2.4000000000000004,일반,2
3429,3429.HW컨벤션센터 앞,1838,2025-06-01,2026-06-30,0.279107725788901,0.20184983677910773,0.29760609357997825,0.22633297062023938,종로구,서울특별시 종로구 부암동 134-2,37.59725952,126.96308899,2020-02-13 00:00:00,10.0,QR,395,4.653164556962025,0.4653164556962025,1,5,1,5,1,13,2.4000000000000004,일반,0
1366,1366. 일신초등학교 옆,3881,2025-06-01,2026-06-30,0.1968564802885854,0.23550631280597784,0.30945632568925535,0.16026797217212058,성북구,서울특별시 성북구 월곡로 74 일신초등학교 옆,37.59972,127.04038239,2018-10-26 00:00:00,10.0,LCD,395,9.825316455696203,0.9825316455696204,1,4,2,5,1,13,2.4000000000000004,일반,0
4545,4545. 청소년음악센터,10422,2025-06-01,2026-06-30,0.15716753022452504,0.17549414699673768,0.23786221454615236,0.1639800422183842,양천구,양천구 신정동 1290-6,37.51061249,126.84261322,2023-03-27 00:00:00,10.0,QR,395,26.384810126582277,2.638481012658228,3,3,1,2,3,12,2.4000000000000004,일반,0
3503,3503. 광진유진스웰,2761,2025-06-01,2026-06-30,0.13726910539659543,0.3321260412893879,0.28250633828323074,0.2672944585295183,광진구,서울특별시 광진구 아차산로78길 7 광진유진스웰,37.55048752,127.10895538,2017-11-01 12:14:45,14.0,LCD,395,6.989873417721519,0.4992766726943942,1,2,4,5,1,13,2.4000000000000004,일반,3
1159,1159. 서서울모터리움 앞,9038,2025-06-01,2026-06-30,0.09172383270635097,0.4403629121487055,0.13044921442797078,0.08309360477981854,강서구,서울특별시 강서구 양천로53길 30,37.56585312,126.84659576,2017-11-28 10:12:53,20.0,LCD,395,22.88101265822785,1.1440506329113924,3,1,5,1,1,11,2.4000000000000004,일반,2
1690,1690. 도봉운전면허시험장 버스정류장 옆,10666,2025-06-01,2026-06-30,0.13585224076504782,0.25820363772735794,0.2183573973373336,0.19913744609038064,노원구,서울특별시 노원구 동일로 1449 도봉운전면허시험장,37.6577301,127.05931091,2018-11-02 00:00:00,10.0,LCD,395,27.00253164556962,2.700253164556962,3,2,2,2,3,12,2.4000000000000004,일반,3
4968,4968.강동구 자원순환센터,634,2025-12-02,2026-06-30,0.04889589905362776,0.4479495268138801,0.305993690851735,0.1640378548895899,강동구,강동구 고덕동 89-4,37.56932449,127.16061401,2025-11-28 00:00:00,10.0,QR,211,3.004739336492891,0.3004739336492891,1,1,5,5,1,13,2.4000000000000004,일반,2
432,432. 마포중앙도서관,2745,2025-06-01,2026-06-30,0.07431693989071038,0.39854280510018214,0.2983606557377049,0.13187613843351548,마포구,마포구 성산로 128,37.56333923,126.90820312,2018-10-12 00:00:00,10.0,LCD,395,6.949367088607595,0.6949367088607594,1,1,5,5,1,13,2.4000000000000004,일반,2
2401,2401. 밀알학교 입구 (삼성서울병원 입구),3180,2025-06-01,2026-06-30,0.23333333333333334,0.23553459119496856,0.28238993710691823,0.17672955974842766,강남구,강남구 일원동 128-10,37.48656082,127.08267212,2018-09-14 00:00:00,10.0,LCD,395,8.050632911392405,0.8050632911392406,1,4,2,5,1,13,2.4000000000000004,일반,0
3603,3603. 삼성역 2번출구,1,2026-04-12,2026-04-12,0.0,1.0,1.0,0.0,강남구,영동대로606앞,37.5082016,127.06396484,2021-02-23 00:00:00,10.0,QR,1,1.0,0.1,1,1,5,5,1,13,2.4000000000000004,일반,3
556,556. 달맞이공원,1019,2025-06-01,2026-06-30,0.06084396467124632,0.41609421000981356,0.380765456329735,0.2198233562315996,성동구,서울특별시 성동구 금호동4가 367-1 달맞이공원,37.54205322,127.020401,2016-07-06 12:00:00,14.0,LCD,395,2.579746835443038,0.18426763110307415,1,1,5,5,1,13,2.4000000000000004,일반,3
1353,1353. 금호어울림센터힐 내,2756,2025-06-01,2026-06-30,0.34252539912917274,0.18940493468795355,0.3178519593613933,0.17634252539912917,성북구,서울특별시 성북구 동소문로34길 73 금호어울림센터힐 내,37.60083008,127.02355194,2017-11-13 09:31:42,8.0,LCD,395,6.977215189873418,0.8721518987341772,1,5,1,5,1,13,2.4000000000000004,일반,0
3130,3130.가재울사거리,8912,2025-06-01,2026-06-30,0.2635771992818671,0.21252244165170556,0.25224416517055653,0.1229802513464991,서대문구,서대문구 남가좌동385-16,37.57456207,126.91799164,2020-05-04 00:00:00,20.0,QR,395,22.562025316455696,1.1281012658227847,2,5,1,3,1,12,2.4000000000000004,일반,0
3129,3129.DMC래미안e편한세상203동옆,8749,2025-06-01,2026-06-30,0.29351925934392503,0.2213967310549777,0.2526002971768202,0.1230997828323237,서대문구,서대문구 북가좌동477-1,37.57626343,126.91132355,2020-04-22 00:00:00,20.0,QR,395,22.149367088607594,1.1074683544303796,2,5,1,3,1,12,2.4000000000000004,일반,0
137,137. 신촌기차역입구 교차로,4603,2025-06-01,2026-06-30,0.06799913100152075,0.357375624592657,0.2963284814251575,0.27373452096458833,서대문구,서울특별시 서대문구 연세로2다길 58,37.55681229,126.9431839,2015-09-07 10:44:49,10.0,QR,395,11.653164556962025,1.1653164556962026,1,1,5,5,1,13,2.4000000000000004,일반,3
3122,3122.북가좌삼거리2,8861,2025-06-01,2026-06-30,0.28710077869314976,0.2044915923710642,0.25798442613700484,0.17481096941654442,서대문구,북가좌동474-1,37.5742836,126.90646362,2020-04-08 00:00:00,20.0,QR,395,22.432911392405064,1.1216455696202532,2,5,1,3,1,12,2.4000000000000004,일반,0
1845,1845. 롯데캐슬골드파크1차 서문,7,2025-11-05,2026-02-28,0.42857142857142855,0.14285714285714285,0.2857142857142857,0.14285714285714285,금천구,서울특별시 금천구 벚꽃로40 ,37.460289,126.89218903,2017-11-01 16:00:00,15.0,LCD,116,0.0603448275862069,0.004022988505747126,1,5,1,5,1,13,2.4000000000000004,일반,0
1858,"1858. 500번,507번 버스 종점 앞",2920,2025-06-01,2026-06-30,0.1047945205479452,0.39315068493150684,0.2945205479452055,0.1726027397260274,금천구,금천구 시흥동 1001-34,37.43727112,126.90268707,2018-10-15 00:00:00,10.0,LCD,395,7.3924050632911396,0.739240506329114,1,1,5,5,1,13,2.4000000000000004,일반,3
2037,2037. 동작역 5번출구 동작주차공원,3009,2025-06-01,2026-04-15,0.0651379195746095,0.3722166832834829,0.3944832170156198,0.21203057494184113,동작구,서울특별시 동작구 현충로 지하 220,37.50318909,126.97714996,2017-05-12 11:07:14,20.0,LCD,319,9.432601880877742,0.4716300940438871,1,1,5,5,1,13,2.4000000000000004,일반,3
928,928. 은평역사한옥박물관,3275,2025-06-01,2026-06-30,0.15083969465648855,0.29404580152671755,0.3658015267175573,0.06900763358778626,은평구,서울특별시 은평구 진관동 133-29 은평역사한옥박물관,37.64131546,126.93804169,2016-09-02 11:00:00,15.0,LCD,395,8.291139240506329,0.5527426160337553,1,3,3,5,1,13,2.4000000000000004,일반,3
4613,4613. 서울갤러리아 앞,2617,2025-06-01,2026-06-30,0.03439052350019106,0.39052350019105847,0.36453954910202524,0.26175009552923195,용산구,서울특별시 용산구 이태원로 239,37.53599548,126.99948883,2020-10-29 00:00:00,7.0,QR,395,6.625316455696202,0.9464737793851717,1,1,5,5,1,13,2.4000000000000004,일반,3
1477,1477.면목삼익아파트 앞,3057,2025-06-01,2026-06-30,0.12365063788027478,0.2989859339221459,0.31959437356885834,0.21229964017010142,중랑구,서울특별시 중랑구 동일로 501 면목삼익아파트,37.57598495,127.0796051,2020-04-14 00:00:00,10.0,QR,395,7.739240506329114,0.7739240506329115,1,2,4,5,1,13,2.4000000000000004,일반,3
5855,5855. 하이투자증권 앞,4,2026-04-04,2026-05-05,0.0,0.5,0.5,0.0,영등포구,여의대로 66,37.52464294,126.92342377,2022-06-09 00:00:00,31.0,QR,32,0.125,0.004032258064516129,1,1,5,5,1,13,2.4000000000000004,일반,3
4609,4609. 파크타워 104동 앞,4018,2025-06-01,2026-06-30,0.12045793927327028,0.3232951717272275,0.3661025385764062,0.1605276256844201,용산구,서울특별시 용산구 서빙고로 69 파크타워아파트,37.52330017,126.97206116,2020-10-30 00:00:00,10.0,QR,395,10.172151898734176,1.0172151898734176,1,2,4,5,1,13,2.4000000000000004,일반,3
2809,2809.항동지구 11단지 1103동 앞,1463,2025-06-01,2026-06-30,0.15516062884483936,0.2734107997265892,0.35406698564593303,0.17361585782638414,구로구,구로구 항동 169-1,37.47790527,126.82311249,2020-03-02 00:00:00,10.0,QR,395,3.7037974683544306,0.37037974683544306,1,3,3,5,1,13,2.4000000000000004,일반,3
973,973.제각말푸르지오 5-1단지 아파트,2443,2025-06-01,2026-06-30,0.20875972165370446,0.23618501841997544,0.2934916086778551,0.19893573475235365,은평구,서울특별시 은평구 진관동 136-45,37.63734818,126.93584442,2020-04-08 00:00:00,10.0,QR,395,6.184810126582279,0.6184810126582279,1,4,2,5,1,13,2.4000000000000004,일반,0
2617,2617. 가락삼환아파트 앞,5311,2025-06-01,2026-06-30,0.18376953492750894,0.2711353794012427,0.25550743739408777,0.21803803426849935,송파구,송파구 가락동 165-2,37.49618149,127.13803101,2018-11-27 00:00:00,15.0,LCD,395,13.445569620253165,0.8963713080168777,2,3,3,3,1,12,2.4000000000000004,일반,3
4461,4461. 한양3차아파트 3동 앞,2906,2025-06-01,2026-06-30,0.19924294562973158,0.24741913282863043,0.3035099793530626,0.13282863041982107,송파구,방이동225,37.50585175,127.12194061,2021-01-04 00:00:00,7.0,QR,395,7.356962025316456,1.0509945750452079,1,4,2,5,1,13,2.4000000000000004,일반,0
4608,4608. 국립중앙박물관 정문 앞,3088,2025-06-01,2026-06-30,0.040803108808290155,0.3536269430051813,0.33452072538860106,0.04177461139896373,용산구,서울특별시 용산구 용산동6가 11-438,37.52145767,126.97767639,2020-10-30 00:00:00,10.0,QR,395,7.817721518987342,0.7817721518987342,1,1,5,5,1,13,2.4000000000000004,일반,2
1558,1558.강북문화정보도서관,3653,2025-06-01,2026-06-30,0.1423487544483986,0.30933479332055847,0.3197372022994799,0.17300848617574596,강북구,서울특별시 강북구 번동 139-5,37.62552643,127.037323,2020-03-26 00:00:00,10.0,QR,395,9.248101265822784,0.9248101265822785,1,2,4,5,1,13,2.4000000000000004,일반,3
4039,4039. 서울시 북부여성발전센터,11916,2025-06-01,2026-06-30,0.14216179926149713,0.2410204766700235,0.22004028197381673,0.18529707955689828,노원구,서울특별시 노원구 동일로207길 50,37.64304352,127.06213379,2021-07-05 00:00:00,10.0,QR,395,30.167088607594938,3.016708860759494,3,2,2,2,3,12,2.4000000000000004,일반,3
2810,2810.항동지구 3단지 311동 앞,1128,2025-06-01,2026-06-30,0.17907801418439717,0.27570921985815605,0.3625886524822695,0.11524822695035461,구로구,구로구 항동 169-2,37.47793961,126.82327271,2020-03-02 00:00:00,10.0,QR,395,2.8556962025316457,0.28556962025316457,1,3,3,5,1,13,2.4000000000000004,일반,3
3804,3804. 낙성대공원,2800,2025-06-01,2026-06-30,0.035,0.3492857142857143,0.5246428571428572,0.16035714285714286,관악구,낙성대로70 맞은편,37.47185516,126.95871735,2021-02-01 00:00:00,10.0,QR,395,7.0886075949367084,0.7088607594936709,1,1,5,5,1,13,2.4000000000000004,일반,3
4690,4690.은평뉴타운폭포동 힐스테이트4단지,1408,2025-06-01,2026-06-30,0.2059659090909091,0.25355113636363635,0.3565340909090909,0.09446022727272728,은평구,은평구 진관동 151-12,37.62834167,126.933815,2023-01-04 00:00:00,5.0,QR,395,3.5645569620253164,0.7129113924050633,1,4,2,5,1,13,2.4000000000000004,일반,0
674,674.고대앞사거리 교통섬,12977,2025-06-01,2026-06-30,0.09948370193419126,0.29413577868536644,0.23094706018340141,0.2649302612314094,동대문구,서울특별시 성북구 안암동5가 40-11,37.58655167,127.03314209,2020-03-30 00:00:00,15.0,QR,395,32.85316455696203,2.1902109704641353,3,1,3,2,3,12,2.4000000000000004,일반,3
4599,4599. 대림우성아파트 사거리,5868,2025-06-01,2026-06-30,0.2225630538513974,0.24897750511247443,0.255453306066803,0.19461486025903205,영등포구,영등포구 양평동2가 41-87,37.49484634,126.90029144,2021-09-28 00:00:00,15.0,QR,395,14.855696202531645,0.9903797468354429,2,4,2,3,1,12,2.4000000000000004,일반,0
4607,4607. 국립중앙박물관 -용산가족공원 앞,4361,2025-06-01,2026-06-30,0.04196285255675304,0.3751433157532676,0.4492088970419629,0.061453795001146526,용산구,서울특별시 용산구 용산동6가 11-438,37.52087784,126.97971344,2020-10-29 00:00:00,10.0,QR,395,11.040506329113924,1.1040506329113924,1,1,5,5,1,13,2.4000000000000004,일반,3
4919,4919. 학여울역사거리(은마아파트),2645,2025-06-01,2026-06-30,0.23175803402646503,0.2616257088846881,0.30245746691871456,0.17996219281663517,강남구,강남구 대치동 398,37.49665833,127.06938171,2022-12-01 00:00:00,6.0,QR,395,6.69620253164557,1.1160337552742616,1,4,2,5,1,13,2.4000000000000004,일반,0
1283,1283. 오금공원 사거리,1889,2025-06-01,2026-06-30,0.15828480677607198,0.27210164107993645,0.2911593435680254,0.20910534674430917,송파구,서울특별시 송파구 오금로 363,37.50541306,127.13169098,2018-02-26 11:56:54,8.0,LCD,395,4.782278481012658,0.5977848101265822,1,3,3,5,1,13,2.4000000000000004,일반,3
1466,1466.두산대림아파트 삼거리,3633,2025-06-01,2026-06-30,0.11725846407927333,0.2992017616295073,0.2917698871456097,0.21001926782273603,중랑구,서울특별시 중랑구 신내로23길 9 묵동근생빌딩,37.61882401,127.08757019,2020-04-14 00:00:00,10.0,QR,395,9.197468354430379,0.9197468354430379,1,2,4,5,1,13,2.4000000000000004,일반,3
966,966. 서울혁신파크1,1448,2025-06-01,2026-06-30,0.09668508287292818,0.412292817679558,0.28314917127071826,0.13812154696132597,은평구,서울특별시 은평구 통일로 684 서울혁신파크1,37.60903168,126.93467712,2018-08-28 00:00:00,10.0,LCD,395,3.6658227848101266,0.36658227848101266,1,1,5,5,1,13,2.4000000000000004,일반,2
1861,1861.IBK기업은행 석수역 지점 앞,2155,2025-06-01,2026-06-30,0.091415313225058,0.3419953596287703,0.28306264501160094,0.2672853828306265,금천구,시흥대로46 IBK기업은행 석수역 지점,37.4369812,126.90329742,2020-02-24 00:00:00,10.0,QR,395,5.455696202531645,0.5455696202531646,1,1,5,5,1,13,2.4000000000000004,일반,3
960,960. 구파발역 환승센터,8850,2025-06-01,2026-06-30,0.04836158192090396,0.41423728813559324,0.20677966101694914,0.22994350282485876,은평구,서울특별시 은평구 진관2로 지하 15-25 구파발역 환승센터,37.63825226,126.91945648,2018-10-18 00:00:00,15.0,LCD,395,22.40506329113924,1.4936708860759493,2,1,5,1,2,11,2.4,일반,2
4306,4306. 서래공원 앞,7906,2025-06-01,2026-06-30,0.14014672400708322,0.3297495572982545,0.20452820642549963,0.14318239311915001,서초구,반포동63-6,37.50150681,127.003479,2021-02-22 00:00:00,10.0,QR,395,20.01518987341772,2.0015189873417722,2,2,4,1,2,11,2.4,일반,2
1326,1326. 상월곡역 1번출구,8631,2025-06-01,2026-06-30,0.16614529023288147,0.23010079944386513,0.2643957826439578,0.24875448963040203,성북구,서울특별시 성북구 화랑로 지하 157 성북구 상월곡동 35-9,37.60606766,127.0473175,2017-04-26 14:59:38,10.0,LCD,395,21.850632911392406,2.1850632911392407,2,3,1,4,3,13,2.4,일반,3
4414,4414. 안암역 3번 출구,8553,2025-06-01,2026-06-30,0.0737752835262481,0.2931135274172805,0.26329942710160176,0.2541798199462177,성북구,서울특별시 성북구 고려대로 104-1,37.58625031,127.03095245,2021-10-01 00:00:00,8.0,QR,395,21.653164556962025,2.706645569620253,2,1,3,4,3,13,2.4,일반,3
467,467.한국은행,5291,2025-06-01,2026-06-12,0.03553203553203553,0.5063315063315064,0.1665091665091665,0.12077112077112077,중구,서울특별시 중구 남대문로3가 110-8,37.5622139,126.98086548,2020-01-31 00:00:00,11.0,QR,377,14.03448275862069,1.2758620689655173,2,1,5,1,2,11,2.4,일반,2
1741,1741. 제일강산수산입구,13641,2025-06-01,2026-06-30,0.11700021992522543,0.25599296239278646,0.27893849424528994,0.2770324756249542,도봉구,서울특별시 도봉구 도봉로 444 제일강산수산입구,37.64519882,127.03298187,2018-10-27 00:00:00,20.0,LCD,395,34.53417721518987,1.7267088607594936,3,2,2,4,2,13,2.4,일반,3
4054,4054. 창동한신아파트 버스정류소,8564,2025-06-01,2026-06-30,0.15378327884166276,0.21847267631947687,0.2730032695002335,0.26879962634283044,도봉구,서울특별시 도봉구 도봉로110길 25 맞은편,37.64601898,127.03527069,2021-03-02 00:00:00,10.0,QR,395,21.681012658227846,2.1681012658227847,2,3,1,4,3,13,2.4,일반,3
6187,6187.마곡119안전센터 맞은편,3832,2025-10-30,2026-06-30,0.34394572025052195,0.17379958246346555,0.15605427974947808,0.0936847599164927,강서구,강서구 강서도매시장로 72 강서농산물도매시장,37.55534744,126.82072449,2025-10-30 00:00:00,12.0,QR,244,15.704918032786885,1.3087431693989071,2,5,1,1,2,11,2.4,일반,0
4838,4838.동원사거리 행복오피스텔 앞,6977,2025-06-01,2026-06-30,0.18532320481582343,0.22502508241364483,0.2621470546079977,0.2582771965027949,중랑구,서울특별시 중랑구 겸재로 240 행복오피스텔,37.58973694,127.0941925,2022-01-03 00:00:00,7.0,QR,395,17.663291139240506,2.5233273056057866,2,3,1,4,3,13,2.4,일반,3
3412,3412.세운상가,8854,2025-06-01,2026-06-30,0.15156991190422409,0.2706121526993449,0.17698215495821099,0.12491529252315338,종로구,서울특별시 종로구 종로 152,37.5703125,126.99454498,2020-02-11 00:00:00,15.0,QR,395,22.41518987341772,1.4943459915611814,2,3,3,1,2,11,2.4,일반,2
4960,4960.고덕비즈밸리 지식산업센터 A,7813,2025-06-01,2026-06-30,0.04198131319595546,0.5389735056956355,0.15499808012287214,0.1772686548060924,강동구,강동구 고덕동 337,37.5649147,127.16025543,2025-04-04 00:00:00,15.0,QR,395,19.77974683544304,1.318649789029536,2,1,5,1,2,11,2.4,일반,2
775,775.세종그랑시아 앞(102동),8702,2025-06-01,2026-06-30,0.181107791312342,0.22707423580786026,0.266030797517812,0.19282923465869914,양천구,양천구 목동중앙남로3가길 59,37.53837585,126.86383057,2020-03-16 00:00:00,10.0,QR,395,22.030379746835443,2.2030379746835442,2,3,1,4,3,13,2.4,일반,0
4909,4909. 노보텔 앰배서더 앞,4337,2025-06-01,2026-06-30,0.11344247175466912,0.328337560525709,0.2561678579663362,0.17546691261240488,강남구,강남구 봉은사로 130,37.50570297,127.02919769,2022-07-19 00:00:00,6.0,QR,395,10.979746835443038,1.829957805907173,1,2,4,3,2,12,2.4,일반,3
4830,4830. 신내 우디안 111동 앞,3892,2025-06-01,2026-06-30,0.32682425488180883,0.17009249743062693,0.24152106885919836,0.158016443987667,중랑구,서울특별시 중랑구 신내역로1길 85 신내우디안1단지,37.61727142,127.1085434,2022-01-12 00:00:00,7.0,QR,395,9.853164556962025,1.4075949367088607,1,5,1,3,2,12,2.4,일반,0
4903,4903. 신사스퀘어,3704,2025-06-01,2026-06-30,0.0494060475161987,0.39497840172786175,0.2551295896328294,0.18655507559395249,강남구,신사동 504-11,37.51916885,127.0189743,2022-05-18 00:00:00,6.0,QR,395,9.377215189873418,1.5628691983122363,1,1,5,3,2,12,2.4,일반,2
309,309. 광화문역 6번출구 옆 B,7796,2025-06-01,2026-06-30,0.0840174448435095,0.43701898409440737,0.1344279117496152,0.09838378655720882,종로구,서울특별시 종로구 새문안로 102-2 가로판매대,37.56996155,126.97615814,2015-10-07 00:00:00,13.0,QR,395,19.736708860759492,1.5182083739045764,2,1,5,1,2,11,2.4,일반,2
2330,2330. 역삼월드메르디앙아파트 앞,7374,2025-06-01,2026-06-30,0.13127203688635747,0.32180634662327096,0.20531597504746407,0.21399511798209928,강남구,서울특별시 강남구 도곡로 183,37.49219894,127.03945923,2017-06-13 15:22:44,10.0,LCD,395,18.668354430379747,1.8668354430379748,2,2,4,1,2,11,2.4,일반,3
2336,2336. 강남세브란스교차로  래미안그레이튼 104동 앞,5870,2025-06-01,2026-06-30,0.2090289608177172,0.25826235093696764,0.18160136286201023,0.1708688245315162,강남구,서울특별시 강남구 선릉로 지하 228,37.49423599,127.04746246,2017-06-13 16:02:19,10.0,LCD,395,14.860759493670885,1.4860759493670885,2,4,2,1,2,11,2.4,일반,0
1859,1859. 대륭테크노타운 18차,6279,2025-06-01,2026-06-30,0.03710781971651537,0.6230291447682752,0.06848224239528587,0.06593406593406594,금천구,금천구 가산동 668,37.4679985,126.88684082,2019-03-12 00:00:00,13.0,LCD,395,15.896202531645569,1.2227848101265821,2,1,5,1,2,11,2.4,일반,2
1553,1553.서울북부고용노동지청,9738,2025-06-01,2026-06-30,0.14561511604025468,0.26155268022181144,0.2767508728691723,0.27490244403368247,강북구,서울특별시 강북구 덕릉로 176 예수그리스도 후기성도교회,37.63520432,127.03396606,2020-03-26 00:00:00,15.0,QR,395,24.653164556962025,1.6435443037974684,3,2,2,4,2,13,2.4,일반,3
4847,4847. 신내역시티프라디움 앞,8766,2025-06-01,2026-06-30,0.12137805156285648,0.2483458818161077,0.23876340406114532,0.3266027834816336,중랑구,중랑구 용마산로 670,37.61038971,127.10135651,2024-10-10 00:00:00,5.0,QR,395,22.19240506329114,4.438481012658228,2,2,2,2,4,12,2.4,일반,3
636,636. 세종대왕기념관 교차로,6183,2025-06-01,2026-06-30,0.08895358240336407,0.39592430858806404,0.1884198609089439,0.13472424389454957,동대문구,서울특별시 동대문구 회기로 56 세종대왕기념관 교차로,37.59090042,127.04258728,2016-07-06 12:00:00,9.0,LCD,395,15.653164556962025,1.7392405063291139,2,1,5,1,2,11,2.4,일반,2
489,489.구룡근린공원,4925,2025-06-01,2026-06-30,0.2233502538071066,0.26274111675126904,0.2483248730964467,0.18984771573604062,마포구,마포구 상암동 1583,37.58320236,126.88276672,2020-04-06 00:00:00,10.0,QR,395,12.468354430379748,1.2468354430379747,1,4,2,3,2,12,2.4,일반,0
1707,1707. 도봉구민회관,15037,2025-06-01,2026-06-30,0.13633038505020947,0.23136263882423355,0.23255968610760125,0.30584558090044556,도봉구,서울특별시 도봉구 도봉로 552 창동 723-11,37.65446091,127.03851318,2017-05-08 15:33:38,20.0,LCD,395,38.06835443037975,1.9034177215189874,4,2,2,2,2,12,2.4,일반,3
4937,4937.개포래미안포레스트 126동 앞,3847,2025-06-01,2026-06-30,0.2856771510267741,0.19963608006238628,0.25760332726800106,0.23498830257343384,강남구,개포동 1282-5,37.47816467,127.05630493,2025-04-30 00:00:00,5.0,QR,395,9.739240506329114,1.9478481012658229,1,5,1,3,2,12,2.4,일반,0
3114,3114.충정로역 3번 출구,3815,2025-06-01,2026-06-30,0.2217562254259502,0.24272608125819134,0.24692005242463957,0.1908256880733945,서대문구,합동 31-16,37.56046295,126.96552277,2020-04-12 00:00:00,7.0,QR,395,9.658227848101266,1.379746835443038,1,4,2,3,2,12,2.4,일반,0
115,115. 마스타 빌딩 앞,10221,2025-06-01,2026-06-30,0.13804911456804617,0.24410527345660893,0.2724782310928481,0.3261911750317973,서대문구,서울특별시 서대문구 연희로 7,37.55893326,126.92711639,2015-09-07 01:28:47,15.0,QR,395,25.87594936708861,1.7250632911392405,3,2,2,4,2,13,2.4,일반,3
428,428. 명보사거리,6906,2025-06-01,2026-06-30,0.08963220388068346,0.37069215175209963,0.14422241529105126,0.11569649580075297,중구,서울특별시 중구 을지로 지하 129 명보사거리,37.56439972,126.99143219,2018-10-22 00:00:00,10.0,LCD,395,17.48354430379747,1.748354430379747,2,1,5,1,2,11,2.4,일반,2
4775,4775. 을지로지하쇼핑센터,7215,2025-06-01,2026-06-30,0.10076230076230076,0.37214137214137216,0.2047124047124047,0.16923076923076924,중구,서울특별시 중구 을지로 66 하나금융그룹 명동사옥,37.56589127,126.98445129,2020-09-24 00:00:00,10.0,QR,395,18.265822784810126,1.8265822784810126,2,1,5,1,2,11,2.4,일반,2
1571,1571.북서울 꿈의 숲 입구,4833,2025-06-01,2026-06-30,0.25450031036623216,0.218084005793503,0.2532588454376164,0.17939168218497828,강북구,서울특별시 강북구 오현로20길 46,37.62673187,127.03877258,2020-05-08 00:00:00,10.0,QR,395,12.235443037974683,1.2235443037974683,1,5,1,3,2,12,2.4,일반,0
1183,1183. 강서대학교,6070,2025-06-01,2026-06-30,0.3181219110378913,0.20658978583196047,0.20098846787479407,0.0785831960461285,강서구,강서구 까치산로 24길 47,37.54832077,126.85340118,2018-10-30 00:00:00,10.0,LCD,395,15.367088607594937,1.5367088607594936,2,5,1,1,2,11,2.4,일반,0
4582,4582. 국회도서관,7256,2025-06-01,2026-06-30,0.05374862183020948,0.35239801543550164,0.1358875413450937,0.011163175303197354,영등포구,국회의사당 경내,37.53054047,126.91817474,2021-03-10 00:00:00,12.0,QR,395,18.369620253164555,1.530801687763713,2,1,5,1,2,11,2.4,일반,2
1429,1429. 장안중학교,9947,2025-06-01,2026-06-30,0.1317985322207701,0.2544485774605409,0.2635970644415402,0.259173620186991,중랑구,서울특별시 중랑구 동일로 778 동일로 778,37.59995651,127.08000183,2017-06-22 10:36:07,15.0,LCD,395,25.18227848101266,1.6788185654008438,3,2,2,4,2,13,2.4,일반,3
6182,6182.오스템임플란트비전타워,7221,2025-06-01,2026-06-30,0.04805428610995707,0.5952084198864424,0.07145824678022435,0.09403129760420995,강서구,강서구 마곡중앙로 200,37.57143402,126.82884979,2025-05-21 00:00:00,10.0,QR,395,18.281012658227848,1.8281012658227849,2,1,5,1,2,11,2.4,일반,2
2069,2069. 숭실대 입구역3번 출구 앞,6643,2025-06-01,2026-06-30,0.104621405991269,0.27096191479753123,0.2738220683426163,0.3313262080385368,동작구,동작구  상도동 514,37.4966011,126.95368195,2018-10-30 00:00:00,7.0,LCD,395,16.81772151898734,2.40253164556962,2,1,3,4,3,13,2.4,일반,3
4785,4785. 롯데시티호텔,6009,2025-06-01,2026-06-30,0.09951739058079548,0.399900149775337,0.12814112165085706,0.10417706773173573,중구,서울특별시 중구 장교동 74,37.56691742,126.98783112,2020-10-19 00:00:00,8.0,QR,395,15.2126582278481,1.9015822784810126,2,1,5,1,2,11,2.4,일반,2
2381,2381. 언주역 4번출구,5889,2025-06-01,2026-06-30,0.11105450840550178,0.3126167430803192,0.19901511292239768,0.2197317031754118,강남구,서울특별시 강남구 논현로 566,37.50636673,127.03452301,2017-11-28 09:38:15,8.0,LCD,395,14.90886075949367,1.8636075949367088,2,2,4,1,2,11,2.4,일반,3
4580,4580. 국회제2의원회관,7884,2025-06-01,2026-06-30,0.1019786910197869,0.5093860984271943,0.03132927447995941,0.04185692541856925,영등포구,국회의사당 경내,37.52974701,126.91316986,2021-03-10 00:00:00,12.0,QR,395,19.959493670886076,1.6632911392405063,2,1,5,1,2,11,2.4,일반,2
1672,1672. 상계동수락리버시티,6618,2025-06-01,2026-06-30,0.16364460562103356,0.2621637957086733,0.2877002115442732,0.1645512239347235,노원구,서울특별시 노원구 누원로 18 상계동수락리버시티,37.68859863,127.05340576,2017-11-28 11:24:03,15.0,LCD,395,16.754430379746836,1.1169620253164558,2,3,2,5,1,13,2.35,일반,3
4936,4936. SK텔레콤(T1) 인근,1992,2025-06-01,2026-06-30,0.1320281124497992,0.3674698795180723,0.21937751004016065,0.18323293172690763,강남구,강남구 논현동 267-15,37.51263046,127.04283142,2024-11-04 00:00:00,8.0,QR,395,5.0430379746835445,0.6303797468354431,1,2,5,2,1,11,2.35,일반,2
4420,4420. 성북구 한예종 캠퍼스 별관,6931,2025-06-01,2026-06-30,0.09955273409320445,0.2998124368777954,0.18150339056413217,0.16635406146299236,성북구,서울특별시 성북구 화랑로32길 146-20 문화재청의릉지구관리소,37.60289764,127.05847931,2022-01-17 00:00:00,6.0,QR,395,17.546835443037974,2.924472573839662,2,1,4,1,3,11,2.35,일반,2
2519,2519.서초2교(사임당로 방면),2416,2025-06-01,2026-06-30,0.2586920529801324,0.25289735099337746,0.22682119205298013,0.1626655629139073,서초구,서울특별시 서초구 사임당로137,37.49100876,127.02352142,2020-02-20 00:00:00,10.0,QR,395,6.116455696202531,0.6116455696202532,1,5,2,2,1,11,2.35,일반,0
364,364. 창신역 1번출구 앞,5461,2025-06-01,2026-06-30,0.24116462186412746,0.15748031496062992,0.2558139534883721,0.28236586705731553,종로구,서울특별시 종로구 지봉로 87 창신역 1번출구 앞,37.57933426,127.01508331,2016-06-01 14:30:00,8.0,QR,395,13.825316455696203,1.7281645569620254,2,4,1,3,2,12,2.35,일반,0
1634,1634. 당고개공원 대여소,5478,2025-06-01,2026-06-30,0.1759766338079591,0.24990872581234028,0.2847754654983571,0.17999269806498722,노원구,서울특별시 노원구 상계동 1355-2,37.66846085,127.07714844,2017-05-08 14:12:07,15.0,LCD,395,13.868354430379746,0.9245569620253165,2,3,2,5,1,13,2.35,일반,3
2392,2392. 구룡산 입구 (구룡산 서울둘레길 입구),1072,2025-06-02,2026-06-30,0.2537313432835821,0.24440298507462688,0.2248134328358209,0.14365671641791045,강남구,강남구 개포동 1277,37.47447205,127.05545044,2018-10-08 00:00:00,10.0,LCD,394,2.720812182741117,0.2720812182741117,1,5,2,2,1,11,2.35,일반,0
3134,3134.SK리쳄블(서울아리수본부),3957,2025-06-01,2026-06-30,0.347485468789487,0.2357846853677028,0.22719231741218093,0.11675511751326763,서대문구,서대문구 합동 17-3 ,37.56131744,126.96658325,2020-04-12 00:00:00,10.0,QR,395,10.017721518987342,1.0017721518987341,1,5,2,2,1,11,2.35,일반,0
4928,4928. 교수마을 입구,3083,2025-06-01,2026-06-30,0.15439506973726888,0.3360363282517029,0.22510541680181642,0.2004541031462861,강남구,강남구 자곡동 203-1,37.4818573,127.10456085,2023-07-10 00:00:00,10.0,QR,395,7.80506329113924,0.780506329113924,1,3,4,2,1,11,2.35,일반,3
446,446. 상명대입구,5379,2025-06-01,2026-06-30,0.10987172336865589,0.28778583379810374,0.29224762967094253,0.23071202825804052,종로구,서울특별시 종로구 홍지문길 1 상명대 입구,37.60012817,126.95783234,2017-08-01 14:17:25,13.0,LCD,395,13.617721518987342,1.0475170399221032,2,2,3,5,1,13,2.35,일반,3
3622,3622. 은마아파트입구 사거리(1),3394,2025-06-01,2026-06-30,0.08131997642899234,0.31673541543901,0.2913965822038892,0.30819092516205066,강남구,삼성로 312,37.49986649,127.0605011,2021-02-23 00:00:00,7.0,QR,395,8.592405063291139,1.22748643761302,1,1,4,5,2,13,2.35,일반,3
1836,1836. 금천구립 독산도서관,1928,2025-06-01,2026-06-30,0.21317427385892115,0.2743775933609959,0.2308091286307054,0.13641078838174273,금천구,서울특별시 금천구 독산로54길 114,37.46740341,126.90814209,2017-05-11 11:10:25,7.0,LCD,395,4.881012658227848,0.6972875226039783,1,4,3,2,1,11,2.35,일반,0
4703,4703. 쌍용아파트2단지 정문,5154,2025-06-01,2026-06-30,0.18257663950329842,0.24582848273185876,0.2873496313542879,0.10981761738455569,종로구,서울특별시 종로구 낙산길198(창신3동),37.58131409,127.01268005,2020-09-21 00:00:00,8.0,QR,395,13.048101265822785,1.6310126582278481,1,3,2,5,2,13,2.35,일반,0
922,922. 연신내역 4번출구,6027,2025-06-01,2026-06-30,0.10569105691056911,0.3009789281566285,0.2601626016260163,0.2843869255019081,은평구,서울특별시 은평구 대조동 227-2 연신내역 4번출구,37.61780167,126.92196655,2016-09-02 11:00:00,10.0,LCD,395,15.258227848101265,1.5258227848101265,2,1,4,3,2,12,2.35,일반,3
2190,2190.도원맨션,5245,2025-06-01,2026-06-30,0.09990467111534795,0.32526215443279316,0.28789323164918973,0.2612011439466158,관악구,남부순환로 1699,37.48368835,126.93915558,2020-04-30 00:00:00,12.0,QR,395,13.278481012658228,1.1065400843881856,2,1,4,5,1,13,2.35,일반,3
1479,1479.면목 홈플러스 2 ,5013,2025-06-01,2026-06-30,0.08936764412527429,0.30440853780171556,0.29044484340714144,0.28206662677039696,중랑구,서울특별시 중랑구 사가정로 326 중랑구 실향민협의회,37.58105469,127.08209229,2020-04-14 00:00:00,10.0,QR,395,12.69113924050633,1.2691139240506328,1,1,4,5,2,13,2.35,일반,3
515,515. 광양중학교 앞,4292,2025-09-26,2026-06-30,0.18033550792171482,0.2532618825722274,0.30824790307548927,0.15027958993476234,광진구,서울특별시 광진구 자양로3길 7 광양중학교 앞,37.53023529,127.08683014,2015-10-07 11:59:17,15.0,QR,278,15.43884892086331,1.0292565947242207,2,3,2,5,1,13,2.35,일반,0
1973,1973. 오리로와 서해안도로 교차로 앞,5731,2025-06-01,2026-06-30,0.2134008026522422,0.21880998080614203,0.25109056011167336,0.2011865294015006,구로구,서울특별시 구로구 오리로 1181,37.48859787,126.83649445,2017-11-13 09:51:41,10.0,LCD,395,14.50886075949367,1.450886075949367,2,4,1,3,2,12,2.35,일반,0
537,537. 한양대후문역 부근,10996,2025-06-01,2026-06-30,0.10431065842124408,0.26282284467078937,0.28028373954165153,0.35285558384867227,성동구,서울특별시 성동구 행당동 10 한양대후문역 부근 (양키캔들 앞),37.56035614,127.04139709,2016-06-29 12:00:00,10.0,LCD,395,27.837974683544303,2.78379746835443,3,1,2,4,3,13,2.35,일반,3
1067,1067.한영중고앞사거리,6169,2025-06-01,2026-06-30,0.15334738207164855,0.2637380450640298,0.2553088020748906,0.23002107310747286,강동구, 명일동 59 ,37.54903412,127.15605164,2020-01-15 00:00:00,10.0,QR,395,15.617721518987342,1.5617721518987342,2,3,2,3,2,12,2.35,일반,3
3652,3652. 한영외국어고등학교,3173,2025-06-01,2026-06-30,0.27324298770879296,0.23510872990860385,0.21462338480932872,0.1695556255909234,강동구,서울 강동구 상일동 168,37.54709244,127.15621948,2020-08-10 00:00:00,10.0,QR,395,8.032911392405063,0.8032911392405063,1,5,2,2,1,11,2.35,일반,0
661,661. 경희대학교 청운관,11502,2025-06-01,2026-06-30,0.0770300817249174,0.33037732568249,0.19431403234220135,0.19874804381846636,동대문구,서울특별시 동대문구 경희대로 23 경희의료원,37.59460068,127.05197144,2018-08-30 00:00:00,15.0,LCD,395,29.11898734177215,1.94126582278481,3,1,4,1,2,11,2.35,일반,2
3813,3813. 낙성대역 5번출구,3734,2025-06-01,2026-06-30,0.112747723620782,0.29351901446170325,0.2967327262988752,0.2611140867702196,관악구,남부순환로1921,37.47752762,126.96276855,2021-07-16 00:00:00,7.0,QR,395,9.453164556962026,1.3504520795660038,1,2,3,5,2,13,2.35,일반,3
2283,2283. 그룹한빌딩옆,4668,2025-06-01,2026-06-30,0.15616966580976863,0.3093401885175664,0.23243359040274209,0.18230505569837188,서초구,서울특별시 서초구 서초대로 62,37.48652649,126.98916626,2017-11-28 11:45:00,10.0,LCD,395,11.817721518987343,1.1817721518987343,1,3,4,2,1,11,2.35,일반,3
1967,1967. 참새공원(백곡경노당),5484,2025-06-01,2026-06-30,0.24234135667396062,0.1787016776075857,0.2540116703136397,0.17159008023340627,구로구,서울특별시 구로구 고척로21길 85,37.5051384,126.84433746,2017-11-13 09:45:09,10.0,LCD,395,13.883544303797468,1.3883544303797468,2,4,1,3,2,12,2.35,일반,0
2318,2318. 삼성중앙역4번출구(문화센터더 리빌),2670,2025-06-01,2026-06-30,0.1543071161048689,0.3344569288389513,0.22397003745318353,0.15355805243445692,강남구,서울특별시 강남구 봉은사로 531,37.51357651,127.05503082,2017-06-13 14:25:24,16.0,LCD,395,6.7594936708860756,0.4224683544303797,1,3,4,2,1,11,2.35,일반,2
1757,1757.솔밭공원역 1번출구 앞,4788,2025-06-01,2026-06-30,0.12343358395989974,0.2700501253132832,0.2909356725146199,0.22827903091060986,도봉구,서울특별시 도봉구 삼양로 590,37.65568542,127.01338196,2020-03-25 00:00:00,10.0,QR,395,12.121518987341773,1.2121518987341773,1,2,3,5,2,13,2.35,일반,3
3543,3543. 세종대학교(학술정보원),9494,2025-06-01,2026-06-30,0.04444912576364019,0.3263113545397093,0.1622077101327154,0.1809563935116916,광진구,서울특별시 광진구 능동로 209 세종대학교,37.55137253,127.07444,2019-12-16 00:00:00,15.0,LCD,395,24.035443037974684,1.6023628691983123,3,1,4,1,2,11,2.35,일반,2
163,163. 명지전문대학교 정문 앞,6262,2025-06-01,2026-06-30,0.2253273714468221,0.20440753752794635,0.19881826892366655,0.17662088789524114,서대문구,서울특별시 서대문구 홍은동 산25-3,37.58369827,126.9249649,2016-06-29 12:00:00,6.0,QR,395,15.853164556962025,2.6421940928270042,2,4,1,1,3,11,2.35,일반,0
4016,4016. 노원 마들스타디움,12221,2025-06-01,2026-06-30,0.14376892234678013,0.2228131904099501,0.23238687505114147,0.19278291465510186,노원구,서울특별시 노원구 서울 노원구 덕릉로 450,37.64530945,127.05744171,2021-03-25 00:00:00,10.0,QR,395,30.939240506329114,3.0939240506329115,3,2,1,2,4,12,2.35,일반,3
3521,3521. 현대홈타운 뒷길,5012,2025-06-01,2026-06-30,0.23144453312051078,0.2063048683160415,0.2905027932960894,0.17717478052673583,광진구,서울특별시 광진구 아차산로69길 29 현대홈타운 뒷길,37.54342651,127.09661865,2018-02-26 10:58:38,10.0,LCD,395,12.688607594936709,1.268860759493671,1,4,1,5,2,13,2.35,일반,0
1145,1145. 곰달래 문화복지센터 B,10410,2025-06-01,2026-06-30,0.14495677233429394,0.22276657060518731,0.28117195004803075,0.3865513928914505,강서구,서울특별시 강서구 강서로5길 50,37.52891922,126.8480835,2017-04-24 10:06:39,10.0,LCD,395,26.354430379746834,2.6354430379746834,3,2,1,4,3,13,2.35,일반,3
639,639. 서울시립대 후문,8172,2025-06-01,2026-06-30,0.11000978952520803,0.2786343612334802,0.25379344101811063,0.20986294664708763,동대문구,서울특별시 동대문구 한천로43길 12-14 서울시립대 후문,37.58512497,127.06095123,2016-07-06 12:00:00,14.0,QR,395,20.68860759493671,1.477757685352622,2,2,3,3,2,12,2.35,일반,3
4017,4017. 월계 청백1단지 아파트 정류장,5276,2025-06-01,2026-06-30,0.2170204700530705,0.20318423047763456,0.30079605761940864,0.13760424564063684,노원구,서울특별시 노원구 초안산로 89 월계청백1단지아파트,37.63459396,127.05206299,2021-02-26 00:00:00,20.0,QR,395,13.356962025316456,0.6678481012658228,2,4,1,5,1,13,2.35,일반,0
739,739. 신월사거리,11282,2025-06-01,2026-06-30,0.21060095727707853,0.21157596170891685,0.187821308278674,0.1534302428647403,양천구,서울특별시 양천구 신월동 263,37.53620148,126.82779694,2017-11-01 16:00:00,15.0,LCD,395,28.562025316455696,1.9041350210970465,3,4,1,1,2,11,2.35,일반,0
1722,1722. 창동청소년수련관,11154,2025-06-01,2026-06-30,0.18827326519634213,0.2558723327954097,0.18970772816926662,0.173928635467097,도봉구,서울특별시 도봉구 노해로69길 132 창동청소년수련관,37.65779877,127.05004883,2017-11-28 11:30:39,15.0,LCD,395,28.237974683544305,1.8825316455696204,3,3,2,1,2,11,2.35,일반,0
4162,4162. 노량진1동 청소년독서실,4152,2025-06-01,2026-06-30,0.2658959537572254,0.2353082851637765,0.23603082851637766,0.1329479768786127,동작구,만양로3길 8,37.50785828,126.94713593,2021-02-18 00:00:00,10.0,QR,395,10.51139240506329,1.0511392405063291,1,5,2,2,1,11,2.35,일반,0
4134,4134. 제기동 현대아파트 앞,6155,2025-06-01,2026-06-30,0.1320877335499594,0.29358245329000815,0.24289195775792038,0.13452477660438666,동대문구,동대문구 제기동 891-2,37.57994843,127.0353241,2023-01-06 00:00:00,10.0,QR,395,15.582278481012658,1.5582278481012657,2,2,3,3,2,12,2.35,일반,3
946,946. 독바위역 ,5903,2025-06-01,2026-06-30,0.1604269015754701,0.251228189056412,0.30899542605454855,0.19905132983228865,은평구,서울특별시 불광로 129 독바위역,37.61843872,126.93288422,2018-05-30 00:00:00,16.0,QR,395,14.944303797468354,0.9340189873417721,2,3,2,5,1,13,2.35,일반,3
4180,4180. 흑석동주민센터 입구,2931,2025-06-01,2026-06-30,0.2152848857045377,0.20812009553053565,0.29819174343227567,0.2094848174684408,동작구,동작구 흑석동 25-21,37.50682831,126.96673584,2022-07-18 00:00:00,4.0,QR,395,7.420253164556962,1.8550632911392404,1,4,1,5,2,13,2.35,일반,0
4879,4879. 마천청소년센터,2322,2025-06-01,2026-06-30,0.24763135228251507,0.19078380706287684,0.27820844099913866,0.1511627906976744,송파구,송파구 마천동 325-29,37.49222183,127.15659332,2021-09-30 00:00:00,5.0,QR,395,5.878481012658228,1.1756962025316455,1,5,1,4,1,12,2.3000000000000003,일반,0
4954,4954. 신명초등학교 건너편,6104,2025-06-01,2026-06-30,0.3699213630406291,0.14826343381389254,0.23001310615989515,0.08076671035386632,강동구,강동구 천호대로201길,37.54004288,127.15074158,2024-07-22 00:00:00,15.0,QR,395,15.453164556962026,1.0302109704641351,2,5,1,2,1,11,2.3000000000000003,일반,0
971,971. 역촌 센트레빌 아파트,8296,2025-06-01,2026-06-30,0.4087512054001929,0.13391996142719384,0.22782063645130182,0.09582931533269046,은평구,서울특별시 은평구 갈현로3나길 23 역촌 센트레빌 아파트 107동 인근,37.60232925,126.90654755,2018-12-14 00:00:00,20.0,LCD,395,21.00253164556962,1.0501265822784809,2,5,1,2,1,11,2.3000000000000003,일반,0
2533,2533.한가람미술관 앞,3215,2025-06-01,2026-06-30,0.05754276827371695,0.3835147744945568,0.27900466562986004,0.1589424572317263,서초구,서초구 남부순환로 2406,37.48087692,127.01452637,2020-02-19 00:00:00,10.0,QR,395,8.139240506329115,0.8139240506329115,1,1,5,4,1,12,2.3000000000000003,일반,3
1425,1425. 신성미소지움아파트,9059,2025-06-01,2026-06-30,0.16204879125731317,0.22254111932884424,0.18291202119439232,0.17739264819516504,중랑구,서울특별시 중랑구 용마산로86길 9-27 용마문화복지센터,37.58745956,127.09597015,2017-04-26 15:09:43,10.0,LCD,395,22.934177215189873,2.2934177215189875,3,3,1,1,3,11,2.3000000000000003,일반,0
967,967. 서울혁신파크2,3101,2025-06-01,2026-06-30,0.06288294098677846,0.37955498226378587,0.26507578200580456,0.23411802644308288,은평구,서울특별시 은평구 통일로 684 서울혁신파크2,37.60890961,126.93241882,2018-08-29 00:00:00,13.0,LCD,395,7.850632911392405,0.6038948393378774,1,1,5,4,1,12,2.3000000000000003,일반,3
4916,4916. 청담역 1번출구,2082,2025-06-01,2026-06-30,0.17146974063400577,0.2920268972142171,0.2622478386167147,0.24351585014409222,강남구,강남구 영동대로 648,37.51973724,127.05767822,2022-10-20 00:00:00,5.0,QR,395,5.270886075949367,1.0541772151898734,1,3,3,4,1,12,2.3000000000000003,일반,3
4479,4479. 문정중학교,2722,2025-06-01,2026-06-30,0.31227038941954444,0.1473181484202792,0.2659808963997061,0.12821454812637767,송파구,문정로73,37.48827362,127.1306839,2020-12-30 00:00:00,10.0,QR,395,6.891139240506329,0.689113924050633,1,5,1,4,1,12,2.3000000000000003,일반,0
5785,5785.한림연예예술고등학교,3541,2025-10-18,2026-06-30,0.22281841287771817,0.23835074837616493,0.22281841287771817,0.14205026828579498,송파구,송파구 장지동 850-4,37.48488235,127.13278198,2025-10-17 00:00:00,20.0,QR,256,13.83203125,0.6916015625,2,4,2,2,1,11,2.3000000000000003,일반,0
5773,5773. 송파시그니처롯데캐슬,3937,2025-06-01,2026-06-30,0.3213106426212852,0.2237744475488951,0.2745745491490983,0.11709423418846837,송파구,송파구 거여동 695,37.49714279,127.14641571,2023-04-28 00:00:00,12.0,QR,395,9.967088607594937,0.830590717299578,1,5,1,4,1,12,2.3000000000000003,일반,0
4610,4610. 한남나인원 105동 앞,3977,2025-06-01,2026-06-30,0.05104350012572291,0.35403570530550665,0.27558461151621827,0.2376162936887101,용산구,서울특별시 용산구 한남대로 91,37.53591919,127.00541687,2020-10-29 00:00:00,10.0,QR,395,10.068354430379747,1.0068354430379747,1,1,5,4,1,12,2.3000000000000003,일반,3
2614,2614. 가락고등학교 앞,6832,2025-06-01,2026-06-30,0.272248243559719,0.1762295081967213,0.23594847775175645,0.14915105386416863,송파구,서울 송파구 송이로 42,37.50186157,127.11723328,2018-11-14 00:00:00,15.0,LCD,395,17.29620253164557,1.1530801687763712,2,5,1,2,1,11,2.3000000000000003,일반,0
4490,4490. 송파파인타운 10단지 1005동,3667,2025-06-01,2026-06-30,0.26152167984728664,0.18216525770384512,0.27106626670302697,0.10553586037632942,송파구,송파대로8길 20,37.4777832,127.13205719,2020-12-24 00:00:00,10.0,QR,395,9.283544303797468,0.9283544303797469,1,5,1,4,1,12,2.3000000000000003,일반,0
977,977.신도중학교앞,2551,2025-06-01,2026-06-30,0.2034496275970208,0.24774598196785574,0.27675421403371225,0.11172089376715014,은평구,서울특별시 은평구 진관동 148-31,37.63310242,126.9315033,2020-04-08 00:00:00,10.0,QR,395,6.458227848101266,0.6458227848101266,1,4,2,4,1,12,2.3000000000000003,일반,0
1951,1951. 천왕이펜하우스 4단지 후문,3541,2025-06-01,2026-06-30,0.2815588816718441,0.21095735667890425,0.26885060717311493,0.14148545608585145,구로구,서울특별시 구로구 천왕로 9,37.48070526,126.83895874,2017-06-22 13:40:22,15.0,LCD,395,8.964556962025316,0.5976371308016878,1,5,1,4,1,12,2.3000000000000003,일반,0
945,945. 기자촌 사거리 A,1752,2025-06-01,2026-06-30,0.2071917808219178,0.24486301369863014,0.2785388127853881,0.1375570776255708,은평구,서울특별시 은평구 진관동 149-17 기자촌 사거리,37.63414001,126.93234253,2017-11-01 16:00:00,10.0,LCD,395,4.435443037974683,0.44354430379746834,1,4,2,4,1,12,2.3000000000000003,일반,0
2062,2062. 사당새마을금고,4577,2025-06-01,2026-06-30,0.2696089141358969,0.22088704391522831,0.2641468210618309,0.17631636443084991,동작구,서울특별시 사당동 211-2 ,37.48665237,126.9678421,2017-11-01 16:00:00,10.0,LCD,395,11.587341772151898,1.1587341772151898,1,5,1,4,1,12,2.3000000000000003,일반,0
900,900. 은평예술회관,7106,2025-06-01,2026-06-30,0.17506332676611314,0.2893329580636082,0.21840698001688713,0.16197579510273008,은평구,서울특별시 은평구 녹번동 85-4 은평예술회관,37.60394287,126.92769623,2016-09-02 11:00:00,20.0,QR,395,17.98987341772152,0.8994936708860759,2,3,3,2,1,11,2.3000000000000003,일반,0
978,978.녹번 힐스테이트상가앞,3541,2025-06-01,2026-06-30,0.12736515108726348,0.316859644168314,0.26659135837334086,0.2581191753741881,은평구,서울특별시 은평구 통일로 602-1 지하철3호선 녹번역,37.60100937,126.93592834,2020-04-09 00:00:00,10.0,QR,395,8.964556962025316,0.8964556962025316,1,2,4,4,1,12,2.3000000000000003,일반,3
4132,4132. 이문삼익아파트 앞,3603,2025-06-01,2026-06-30,0.30918678878712186,0.1787399389397724,0.2658895364973633,0.2275881210102692,동대문구,동대문구 이문동 76,37.5963974,127.06776428,2022-11-29 00:00:00,10.0,QR,395,9.121518987341773,0.9121518987341772,1,5,1,4,1,12,2.3000000000000003,일반,0
4836,4836. 양원역 1번 출구,6791,2025-06-01,2026-06-30,0.13458989839493446,0.32705050802532765,0.22220586069798262,0.22588720365189222,중랑구,서울특별시 중랑구 망우동 253-18,37.60655212,127.10708618,2021-12-13 00:00:00,15.0,QR,395,17.19240506329114,1.1461603375527427,2,2,4,2,1,11,2.3000000000000003,일반,3
1703,1703. 도봉산광역환승센터앞 ,3676,2025-06-01,2026-06-30,0.06719260065288357,0.38764961915125135,0.27013057671381935,0.1969532100108814,도봉구,서울특별시 도봉구 도봉로 955 도봉동 637-1,37.68972015,127.04519653,2017-05-11 11:04:08,10.0,LCD,395,9.30632911392405,0.930632911392405,1,1,5,4,1,12,2.3000000000000003,일반,3
2383,2383. 보금자리정원,3066,2025-06-01,2026-06-30,0.21200260926288322,0.24070450097847357,0.2742987606001305,0.1461187214611872,강남구,서울특별시 강남구 헌릉로569길 39-6,37.46632767,127.09488678,2017-11-28 09:40:19,10.0,LCD,395,7.762025316455696,0.7762025316455696,1,4,2,4,1,12,2.3000000000000003,일반,0
1730,1730. 도봉산역 교차로 앞,1993,2025-06-01,2026-06-30,0.035122930255895635,0.3452082288008028,0.2799799297541395,0.2599096838936277,도봉구,서울특별시 도봉구 도봉산길 10 도봉산역 교차로 앞,37.68759155,127.04550171,2018-10-27 00:00:00,8.0,LCD,395,5.045569620253165,0.6306962025316456,1,1,5,4,1,12,2.3000000000000003,일반,3
2349,2349. 역삼빌딩 앞(하나은행 옆),5520,2025-06-01,2026-06-30,0.1246376811594203,0.3081521739130435,0.21358695652173912,0.1605072463768116,강남구,서울특별시 강남구 테헤란로 지하 156,37.50154495,127.03856659,2017-08-21 19:12:01,12.0,LCD,395,13.974683544303797,1.1645569620253164,2,2,4,2,1,11,2.3000000000000003,일반,2
823,823. 효창동주민센터 앞,4288,2025-06-01,2026-06-30,0.26119402985074625,0.21828358208955223,0.2800839552238806,0.12313432835820895,용산구,서울특별시 용산구 효창원로 161 효창동주민센터 앞,37.54232025,126.96195984,2016-07-06 12:00:00,10.0,QR,395,10.855696202531645,1.0855696202531644,1,5,1,4,1,12,2.3000000000000003,일반,0
2210,2210. 반포1동 주민센터 앞,4141,2025-06-01,2026-06-30,0.1832890606133784,0.28326491185703934,0.28060854865974405,0.1603477420912823,서초구,서울특별시 서초구 사평대로 지하 285,37.50509644,127.0131073,2017-06-01 10:06:30,10.0,LCD,395,10.48354430379747,1.048354430379747,1,3,3,4,1,12,2.3000000000000003,일반,3
857,857. 현대 안성타워,3740,2025-06-01,2026-06-30,0.03449197860962567,0.406951871657754,0.2745989304812834,0.21577540106951873,용산구,서울특별시 용산구 이태원로 261-1 구두수선대,37.53502274,126.9980545,2020-04-07 00:00:00,10.0,QR,395,9.468354430379748,0.9468354430379747,1,1,5,4,1,12,2.3000000000000003,일반,3
2203,2203. 청계산입구역 2번출구,3674,2025-06-01,2026-06-30,0.06641262928688078,0.37207403375068043,0.2659227000544366,0.22482308111050625,서초구,서울특별시 서초구 청계산로 지하 179,37.44765854,127.05501556,2017-06-27 15:24:35,10.0,LCD,395,9.30126582278481,0.930126582278481,1,1,5,4,1,12,2.3000000000000003,일반,3
1352,1352. e 편한세상 보문아파트 내,2933,2025-06-01,2026-06-30,0.2649164677804296,0.21445618820320492,0.2655983634503921,0.11830889873849301,성북구,서울특별시 성북구 낙산길 255 e 편한세상 보문아파트 내,37.58388138,127.01709747,2017-11-13 09:31:04,8.0,LCD,395,7.425316455696202,0.9281645569620253,1,5,1,4,1,12,2.3000000000000003,일반,0
4177,4177. 롯데캐슬 101동 앞,3413,2025-06-01,2026-06-30,0.28655142103721065,0.17169645473190742,0.2751245238792851,0.23820685613829476,동작구,동작구 상도동 159-250,37.50157547,126.94590759,2022-05-17 00:00:00,8.0,QR,395,8.640506329113924,1.0800632911392405,1,5,1,4,1,12,2.3000000000000003,일반,0
1039,1039. 고덕초등학교,2976,2025-06-01,2026-06-30,0.28326612903225806,0.21975806451612903,0.2664650537634409,0.12331989247311828,강동구,서울특별시 고덕동 215,37.56129837,127.16784668,2017-11-01 16:00:00,7.0,LCD,395,7.534177215189874,1.0763110307414105,1,5,1,4,1,12,2.3000000000000003,일반,0
4681,4681.박석고개(은평소방서) 앞,2050,2025-06-01,2026-06-30,0.18097560975609756,0.27121951219512197,0.26146341463414635,0.2073170731707317,은평구,은평구 불광동 474-2,37.62794495,126.91976929,2022-01-11 00:00:00,6.0,QR,395,5.189873417721519,0.8649789029535865,1,3,3,4,1,12,2.3000000000000003,일반,3
3807,3807. 관악우체국 교차로,4417,2025-06-01,2026-06-30,0.27190400724473623,0.18926873443513698,0.2793751414987548,0.24722662440570523,관악구,남부순환로1653,37.48497391,126.93437195,2021-02-01 00:00:00,12.0,QR,395,11.182278481012657,0.9318565400843881,1,5,1,4,1,12,2.3000000000000003,일반,0
524,524. 래미안금호하이리버 아파트 102동 옆,3631,2025-06-01,2026-06-30,0.21757091710272652,0.23381988432938586,0.2608096942990912,0.23602313412283119,성동구,서울특별시 성동구 금호동2가 1220-1 래미안금호하이리버 아파트 102동 옆,37.55220032,127.02505493,2016-06-29 12:00:00,10.0,QR,395,9.192405063291138,0.9192405063291138,1,4,2,4,1,12,2.3000000000000003,일반,0
679,679.전농SK아파트 앞,4240,2025-06-01,2026-06-30,0.21132075471698114,0.24056603773584906,0.2806603773584906,0.20849056603773586,동대문구,서울특별시 동대문구 사가정로 150,37.57787704,127.06168365,2020-04-16 00:00:00,10.0,QR,395,10.734177215189874,1.0734177215189873,1,4,2,4,1,12,2.3000000000000003,일반,0
3003,3003.래미안신공덕3차아파트,1579,2025-06-01,2026-06-30,0.3584547181760608,0.19126029132362254,0.27359088030398987,0.06649778340721976,마포구,마포구 공덕동 457,37.54554749,126.95679474,2020-04-02 00:00:00,5.0,QR,395,3.9974683544303797,0.7994936708860759,1,5,1,4,1,12,2.3000000000000003,일반,0
199,199. 서울 월드컵 경기장,12670,2025-06-01,2026-06-30,0.10568271507498027,0.2839779005524862,0.34293606945540644,0.23804262036306234,마포구,서울특별시 마포구 성산동 515,37.56684494,126.89644623,2016-09-02 11:00:00,30.0,QR,395,32.075949367088604,1.069198312236287,3,1,3,5,1,13,2.3000000000000003,일반,3
2520,2520.서초1교 (진흥아파트 방면),5451,2025-06-01,2026-06-30,0.16840946615299945,0.28068244358833244,0.2372041827187672,0.15593469088240688,서초구,서초구 서초동 1323-13,37.49593353,127.02177429,2020-02-20 00:00:00,20.0,QR,395,13.8,0.6900000000000001,2,3,3,2,1,11,2.3000000000000003,일반,0
5507,5507. 아현래미안푸르지오아파트 104동 앞,3433,2025-06-01,2026-06-30,0.34459656277308476,0.16836586076318089,0.26944363530439847,0.1549665016020973,마포구,마포구 아현동 777,37.55515671,126.95292664,2023-10-11 00:00:00,10.0,QR,395,8.69113924050633,0.8691139240506329,1,5,1,4,1,12,2.3000000000000003,일반,0
402,402. 상암월드컵파크 9단지 앞,7921,2025-06-01,2026-06-30,0.32180280267642974,0.18684509531624796,0.240499936876657,0.07663173841686656,마포구,서울특별시 마포구 월드컵북로 501,37.58285522,126.87982178,2015-10-07 11:15:53,20.0,QR,395,20.053164556962024,1.002658227848101,2,5,1,2,1,11,2.3000000000000003,일반,0
4882,4882. 위례포레샤인18단지 1802동,3694,2025-06-01,2026-06-30,0.21900378992961558,0.23524634542501355,0.2390362750406064,0.2149431510557661,송파구,송파구 거여동 산60-1,37.48868561,127.15226746,2021-09-30 00:00:00,5.0,QR,395,9.351898734177215,1.870379746835443,1,4,2,2,2,11,2.3,일반,0
4621,4621. 남산도서관 앞,7553,2025-06-01,2026-06-30,0.09545875810936053,0.27724083145769896,0.2833311267046207,0.14921223354958293,용산구,서울특별시 용산구 소월로 109 남산도서관,37.55240631,126.98201752,2022-03-04 00:00:00,12.0,QR,395,19.121518987341773,1.5934599156118143,2,1,3,5,2,13,2.3,일반,3
741,741. 화곡로 입구 교차로,4901,2025-06-01,2026-06-30,0.15527443378902264,0.2791267088349316,0.22036319118547235,0.1809834727606611,양천구,서울특별시 양천구 신월동 258,37.53952026,126.82540131,2017-11-01 16:00:00,10.0,LCD,395,12.407594936708861,1.2407594936708861,1,3,3,2,2,11,2.3,일반,3
4939,4939.도산공원,3186,2025-08-04,2026-06-30,0.06779661016949153,0.35185185185185186,0.23258003766478344,0.2015065913370998,강남구,강남구 신사동 623-3,37.5253067,127.03302765,2025-08-04 00:00:00,5.0,QR,331,9.625377643504532,1.9250755287009063,1,1,5,2,2,11,2.3,일반,3
4925,4925. 청담백영빌딩 앞,3414,2025-06-01,2026-06-30,0.07439953134153486,0.3582308142940832,0.2126537785588752,0.2507322788517868,강남구,강남구 도산대로 456,37.52390289,127.04660797,2023-07-07 00:00:00,7.0,QR,395,8.643037974683544,1.2347197106690777,1,1,5,2,2,11,2.3,일반,3
5779,5779. 나래교,4000,2025-06-01,2026-06-30,0.3105,0.20575,0.227,0.18075,송파구,송파구 장지동 431-8,37.48009491,127.1384964,2024-03-18 00:00:00,8.0,QR,395,10.126582278481013,1.2658227848101267,1,5,1,2,2,11,2.3,일반,0
2198,2198.사랑의병원,6559,2025-06-01,2026-06-30,0.14392437871626773,0.23265741728922093,0.28312242719926817,0.34319255984143926,관악구,남부순환로 1868,37.47946548,126.95693207,2020-04-30 00:00:00,10.0,QR,395,16.605063291139242,1.6605063291139242,2,2,2,5,2,13,2.3,일반,3
372,372. 약수역 3번출구 뒤,7415,2025-06-01,2026-06-30,0.09413351314902225,0.2830748482805125,0.29575185434929196,0.2945380984490897,중구,서울특별시 중구 다산로 지하122 약수역 4번출구 뒤,37.55429459,127.01119995,2016-06-15 09:30:00,10.0,LCD,395,18.772151898734176,1.8772151898734175,2,1,3,5,2,13,2.3,일반,3
3629,3629. 청담사거리(신한오피스텔빌딩 앞),2326,2025-06-01,2026-06-30,0.04299226139294927,0.3890799656061909,0.21367153912295786,0.2768701633705933,강남구,도산대로 510,37.52416229,127.0489502,2021-02-23 00:00:00,4.0,QR,395,5.888607594936709,1.4721518987341773,1,1,5,2,2,11,2.3,일반,3
995,995.은평다목적체육관,4922,2025-06-01,2026-06-30,0.22734660707029664,0.24136529865908168,0.22815928484355952,0.19219829337667615,은평구,서울특별시 은평구 진관1로 52,37.63140869,126.92540741,2020-04-08 00:00:00,10.0,QR,395,12.460759493670887,1.2460759493670888,1,4,2,2,2,11,2.3,일반,0
1343,1343. 한성대7번출구 앞,5465,2025-06-01,2026-06-30,0.11161939615736505,0.23092406221408965,0.2938700823421775,0.2931381518755718,성북구,서울특별시 성북구 동소문로 11 한성대7번출구 앞,37.58924866,127.00737762,2017-11-13 09:24:03,8.0,LCD,395,13.835443037974683,1.7294303797468353,2,2,2,5,2,13,2.3,일반,3
2422,2422.수서동 성당 맞은편,7347,2025-06-01,2026-06-30,0.14100993602831088,0.24649516809582142,0.2979447393493943,0.20239553559275894,강남구,광평로34길 202,37.48416901,127.09484863,2020-02-18 00:00:00,10.0,QR,395,18.6,1.86,2,2,2,5,2,13,2.3,일반,3
3653,3653. 강동리버스트4단지아파트 404동 앞,4972,2025-06-01,2026-06-30,0.36323411102172165,0.19790828640386163,0.22546259050683828,0.09533386967015285,강동구,아리수로93가길 110(강일동 115),37.57201385,127.17170715,2021-02-03 00:00:00,10.0,QR,395,12.587341772151898,1.2587341772151899,1,5,1,2,2,11,2.3,일반,0
1758,1758.솔밭공원역 1번출구 주변,6713,2025-06-01,2026-06-30,0.1537315656189483,0.22642633695814093,0.3034410844629823,0.24728139430954862,도봉구,서울특별시 도봉구 삼양로 610 산수디앤씨,37.65727997,127.0137558,2020-03-25 00:00:00,10.0,QR,395,16.99493670886076,1.699493670886076,2,3,1,5,2,13,2.3,일반,3
2371,2371. 한국우편사업진흥원,3688,2025-06-01,2026-06-30,0.10466377440347072,0.3432754880694143,0.22071583514099782,0.18790672451193058,강남구,서울특별시 강남구 언주로 651,37.51474762,127.03513336,2017-11-01 16:00:00,6.0,LCD,395,9.336708860759494,1.5561181434599156,1,1,5,2,2,11,2.3,일반,3
2356,2356. 강남구청,4970,2025-06-01,2026-06-30,0.15090543259557343,0.28752515090543257,0.21730382293762576,0.17987927565392353,강남구,서울특별시 강남구 학동로 지하 346,37.51807022,127.04711914,2017-08-21 14:49:06,10.0,QR,395,12.582278481012658,1.2582278481012659,1,3,3,2,2,11,2.3,일반,3
3973,3973. 독산2동주민센터 앞,3683,2025-06-01,2026-06-30,0.3024708118381754,0.19142003801248983,0.23296225902796633,0.1631821884333424,금천구,독산로 179,37.4632225,126.90357208,2021-08-30 00:00:00,7.0,QR,395,9.324050632911392,1.3320072332730561,1,5,1,2,2,11,2.3,일반,0
954,954. 은평뉴타운구파발9단지,7679,2025-06-01,2026-06-30,0.1550983200937622,0.22932673525198594,0.2913139731735903,0.22398749837218387,은평구,서울특별시 은평구 진관3로 77 은평뉴타운구파발9단지,37.64260864,126.92147827,2017-11-28 12:00:31,10.0,LCD,395,19.440506329113923,1.9440506329113922,2,3,1,5,2,13,2.3,일반,3
1727,1727. 서울도봉초등학교인근,8955,2025-06-01,2026-06-30,0.18726968174204356,0.22177554438860972,0.29212730318257957,0.13389168062534898,도봉구,서울특별시 도봉구 도봉로173길 96 서울도봉초등학교인근,37.67867661,127.04076385,2017-11-28 11:35:24,15.0,LCD,395,22.670886075949365,1.511392405063291,2,3,1,5,2,13,2.3,일반,0
2281,2281. 서울교통공사 사당별관 건너편,3950,2025-06-01,2026-06-30,0.26,0.23063291139240508,0.21063291139240506,0.21443037974683543,서초구,서울특별시 서초구 효령로 10,37.47597885,126.98628235,2017-11-28 11:43:17,7.0,LCD,395,10.0,1.4285714285714286,1,5,1,2,2,11,2.3,일반,0
1105,1105. 방화근린공원,6014,2025-06-01,2026-06-30,0.14815430661789158,0.252411040904556,0.39191885600266047,0.13252411040904555,강서구,서울특별시 강서구 금낭화로 176,37.58162308,126.81265259,2017-04-24 09:32:54,10.0,LCD,395,15.225316455696202,1.5225316455696203,2,2,2,5,2,13,2.3,일반,3
1537,1537. 북한산 우이역,5633,2025-06-01,2026-06-30,0.09053790165098527,0.2661104207349547,0.3877152494230428,0.19794070655068347,강북구,서울특별시 강북구 삼양로 670 북한산 우이역,37.66366577,127.01242828,2018-02-26 11:20:17,10.0,LCD,395,14.260759493670886,1.4260759493670885,2,1,3,5,2,13,2.3,일반,3
3676,3676. 강동리엔파크9단지,7310,2025-06-01,2026-06-30,0.21997264021887825,0.20437756497948018,0.23830369357045145,0.22872777017783857,강동구,강일동 475-2,37.55736542,127.18013763,2021-03-19 00:00:00,10.0,QR,395,18.50632911392405,1.850632911392405,2,4,1,2,2,11,2.25,일반,0
3620,3620. 청담역 11번 출구,2422,2025-06-01,2026-06-30,0.3620974401321222,0.24690338563170933,0.18909991742361684,0.13459950454170108,강남구,학동로87길 7,37.51925659,127.0515976,2021-02-23 00:00:00,10.0,QR,395,6.131645569620253,0.6131645569620253,1,5,2,1,1,10,2.25,일반,0
4761,4761. 중부경찰서앞사거리 건너편,4748,2025-06-01,2026-06-30,0.13058129738837404,0.36752316764953663,0.1990311710193766,0.2047177759056445,중구,서울특별시 중구 초동 107-12,37.56474304,126.99095154,2020-10-19 00:00:00,10.0,QR,395,12.020253164556962,1.2020253164556962,1,2,5,1,1,10,2.25,일반,2
3615,3615. 서울 논현동우체국 앞,4425,2025-06-01,2026-06-30,0.1337853107344633,0.4110734463276836,0.18621468926553672,0.17468926553672318,강남구,학동로212,37.51446152,127.0326004,2021-02-24 00:00:00,10.0,QR,395,11.20253164556962,1.120253164556962,1,2,5,1,1,10,2.25,일반,2
3682,3682. 길동 동호빌딩,4321,2025-06-01,2026-05-19,0.22888220319370517,0.2182365193242305,0.26336496181439484,0.1930108771117797,강동구,양재대로 1522,37.54154587,127.14147949,2021-04-14 00:00:00,10.0,QR,353,12.240793201133144,1.2240793201133144,1,4,1,4,2,12,2.25,일반,0
3726,3726.삼양동사거리,5883,2025-06-01,2026-06-30,0.12578616352201258,0.21349651538330783,0.28811830698623153,0.32738398776134625,강북구,강북구 삼양로 163-1,37.61792755,127.0213623,2023-05-17 00:00:00,6.0,QR,395,14.893670886075949,2.482278481012658,2,2,1,5,3,13,2.25,일반,3
3404,3404.서울특별시 중부교육지원청,1466,2025-06-02,2026-06-30,0.16780354706684858,0.33083219645293316,0.12687585266030013,0.1275579809004093,종로구,서울특별시 종로구 대학로 8 수도빌딩,37.57185364,127.00235748,2020-02-03 00:00:00,9.0,QR,394,3.720812182741117,0.4134235758601241,1,3,4,1,1,10,2.25,일반,2
1525,1525. 미아동 복합청사,3779,2025-06-01,2026-06-30,0.19872982270441916,0.2789097644879598,0.20931463350092616,0.13019317279703627,강북구,서울특별시 강북구 솔매로49길 14 미아동 195-1,37.62714005,127.02669525,2017-05-11 09:30:09,10.0,LCD,395,9.567088607594936,0.9567088607594936,1,4,3,1,1,10,2.25,일반,0
965,965. 서울특별시 은평병원,6641,2025-06-01,2026-06-30,0.2136726396627014,0.20870350850775485,0.21081162475530793,0.16578828489685288,은평구,서울특별시 은평구 백련산로 90 서울특별시 은평병원,37.59347916,126.92318726,2018-10-16 00:00:00,10.0,LCD,395,16.8126582278481,1.68126582278481,2,4,1,2,2,11,2.25,일반,0
1728,1728. 서울북부지방법원,3975,2025-06-01,2026-06-30,0.11119496855345912,0.41509433962264153,0.15974842767295597,0.10893081761006289,도봉구,서울특별시 도봉구 마들로 749 서울북부지방법원,37.67771912,127.04681396,2018-07-02 00:00:00,10.0,LCD,395,10.063291139240507,1.0063291139240507,1,2,5,1,1,10,2.25,일반,2
4584,4584. 국회2문,2131,2025-06-01,2026-06-30,0.11121539183481934,0.48193336461755043,0.14359455654622244,0.12106992022524636,영등포구,국회의사당 경내,37.52864075,126.91510773,2021-03-10 00:00:00,8.0,QR,395,5.39493670886076,0.674367088607595,1,2,5,1,1,10,2.25,일반,2
976,976.진관고등학교앞,6989,2025-06-01,2026-06-30,0.2156245528687938,0.1987408785233939,0.22134783230791244,0.15595936471598226,은평구,서울특별시 은평구 진관4로 26 진관고등학교,37.64350891,126.92410278,2020-04-09 00:00:00,10.0,QR,395,17.69367088607595,1.769367088607595,2,4,1,2,2,11,2.25,일반,0
2034,2034. 사당역 7번출구쪽,7534,2025-06-01,2026-06-30,0.1485266790549509,0.2934696044597823,0.27369259357578973,0.26002123705866736,동작구,서울특별시 동작구 동작대로 지하 3,37.47689056,126.98057556,2017-06-27 15:23:41,20.0,LCD,395,19.073417721518986,0.9536708860759493,2,2,3,4,1,12,2.25,일반,3
3310,3310.영락고등학교,5434,2025-06-01,2026-06-30,0.22119985277880014,0.18016194331983806,0.2611336032388664,0.12532204637467795,관악구,청룡16길 25,37.47662735,126.94364166,2020-04-28 00:00:00,15.0,QR,395,13.756962025316456,0.9171308016877637,2,4,1,4,1,12,2.25,일반,0
2417,"2417.선정릉 디캠프(D,CAMP)앞",2869,2025-06-01,2026-06-30,0.21680027884280237,0.29487626350644824,0.18055071453468108,0.21052631578947367,강남구,선릉로 551,37.50799942,127.04524994,2020-02-14 00:00:00,10.0,QR,395,7.263291139240506,0.7263291139240506,1,4,3,1,1,10,2.25,일반,0
2235,2235.KT 서초지사 앞,3442,2025-06-01,2026-06-30,0.12231260894828588,0.3704241719930273,0.19436374201045903,0.1513654851830331,서초구,서울특별시 서초구 사평대로 73,37.48215866,127.00270081,2017-06-01 10:35:21,10.0,LCD,395,8.713924050632912,0.8713924050632912,1,2,5,1,1,10,2.25,일반,2
141,141. 연대 대운동장 옆,5300,2025-06-01,2026-06-30,0.08924528301886793,0.33905660377358493,0.21547169811320754,0.25075471698113205,서대문구,서울특별시 서대문구 연세로 50,37.56238174,126.93264771,2015-09-07 10:44:49,10.0,QR,395,13.417721518987342,1.3417721518987342,2,1,4,2,2,11,2.25,일반,3
2289,2289. 남태령역 2번출구,1017,2025-06-01,2026-06-30,0.15634218289085547,0.3254670599803343,0.19862340216322516,0.21337266470009833,서초구,서울특별시 서초구 과천대로 810,37.46429825,126.98852539,2017-11-28 11:49:36,10.0,LCD,395,2.5746835443037974,0.25746835443037974,1,3,4,1,1,10,2.25,일반,3
2309,2309. 청담역(우리들병원 앞),4529,2025-06-01,2026-06-30,0.2737911238684036,0.25988076838154117,0.19717376904393905,0.1731066460587326,강남구,서울특별시 강남구 학동로 443,37.51890182,127.04938507,2017-06-13 09:42:11,10.0,LCD,395,11.465822784810127,1.1465822784810127,1,5,2,1,1,10,2.25,일반,0
2148,2148. 낙성대역 3번출구 뒤,7187,2025-06-01,2026-06-30,0.13844441352441908,0.2917768192569918,0.231390009739808,0.1811604285515514,관악구,서울특별시 관악구 남부순환로 지하 1928,37.47702789,126.96339417,2017-06-22 14:06:21,10.0,LCD,395,18.19493670886076,1.8194936708860758,2,2,3,2,2,11,2.25,일반,3
533,533. 금남시장 교차로,4547,2025-06-01,2026-06-30,0.22740268308775016,0.2071695623488014,0.2777655597096987,0.26500989663514407,성동구,서울특별시 성동구 금호동4가 1101 우리은행 금호동 지점 앞,37.54814911,127.02108765,2016-06-29 12:00:00,7.0,LCD,395,11.51139240506329,1.6444846292947557,1,4,1,4,2,12,2.25,일반,3
2382,2382. 역삼동 sk뷰 501동앞,4250,2025-06-01,2026-06-30,0.10329411764705883,0.3376470588235294,0.2644705882352941,0.24705882352941178,강남구,서울특별시 강남구 역삼로 315-1,37.50122833,127.05036163,2017-11-28 09:38:15,6.0,LCD,395,10.759493670886076,1.7932489451476794,1,1,4,4,2,12,2.25,일반,3
5334,5334. 화랑대역 3번출구,3222,2025-06-01,2026-06-30,0.15207945375543142,0.3131595282433271,0.20018621973929238,0.15859714463066418,노원구,노원구 화랑로 510,37.62081528,127.083992,2024-04-11 00:00:00,8.0,QR,395,8.156962025316457,1.019620253164557,1,3,4,1,1,10,2.25,일반,2
2532,2532.국립국악원 앞,2339,2025-06-01,2026-06-30,0.12141941000427534,0.4348011970927747,0.20906370243693886,0.14023086789226166,서초구,서초구 남부순환로 2364,37.47820282,127.00878143,2020-02-19 00:00:00,13.0,QR,395,5.921518987341772,0.45550146056475166,1,2,5,1,1,10,2.25,일반,2
2024,2024. 상도역 1번출구,4804,2025-06-01,2026-06-30,0.17839300582847628,0.253955037468776,0.26498751040799334,0.2743547044129892,동작구,서울특별시 동작구 상도로 지하 272,37.50217819,126.94820404,2017-05-12 11:02:42,10.0,LCD,395,12.162025316455697,1.2162025316455698,1,3,2,4,2,12,2.25,일반,3
2536,2536.서초AICT 우수기업센터 앞,2161,2025-06-01,2026-06-30,0.13049514113836186,0.3572420175844516,0.15409532623785285,0.23600185099490975,서초구,서초구 원지동 28,37.45899582,127.0413208,2020-02-19 00:00:00,10.0,QR,395,5.470886075949367,0.5470886075949367,1,2,5,1,1,10,2.25,일반,2
2616,2616. 거여동 사거리,5290,2025-06-01,2026-06-30,0.21436672967863893,0.22438563327032135,0.23610586011342155,0.23119092627599244,송파구,송파구 문정로 196,37.49704742,127.14035034,2018-11-27 00:00:00,10.0,LCD,395,13.39240506329114,1.339240506329114,2,4,1,2,2,11,2.25,일반,0
4915,4915. 영동중앙교회 버스정류장,2775,2025-06-01,2026-06-30,0.1736936936936937,0.31567567567567567,0.16396396396396395,0.13297297297297297,강남구,강남구 논현로 420,37.49775314,127.03857422,2022-07-29 00:00:00,6.0,QR,395,7.025316455696203,1.1708860759493671,1,3,4,1,1,10,2.25,일반,2
2631,2631.배명고등학교,8569,2025-06-01,2026-06-30,0.22032909324308553,0.22581398062784455,0.23655035593418136,0.10397946084724005,송파구,삼학사 11,37.49741364,127.09630585,2020-01-17 00:00:00,15.0,QR,395,21.69367088607595,1.4462447257383966,2,4,1,2,2,11,2.25,일반,0
1280,1280. 송파파크데일 2단지입구 앞 주차장,481,2025-06-01,2025-06-27,0.21413721413721415,0.1787941787941788,0.23284823284823286,0.2079002079002079,송파구,서울특별시 송파구 성내천로47길 23,37.49565887,127.15717316,2018-02-26 11:54:13,13.0,LCD,27,17.814814814814813,1.3703703703703702,2,4,1,2,2,11,2.25,일반,0
1258,1258. 가락미륭아파트 앞,5166,2025-06-01,2026-06-30,0.17789392179636082,0.26384049554781264,0.2804878048780488,0.19667053813395277,송파구,서울특별시 서울 송파구 가락동 195-4,37.49319839,127.1289978,2017-11-01 16:00:00,10.0,LCD,395,13.078481012658228,1.3078481012658227,1,3,2,4,2,12,2.25,일반,3
2912,2912.대진고등학교,10737,2025-06-01,2026-06-30,0.09583682592903045,0.263108875849865,0.3126571668063705,0.20946260594206947,노원구,서울특별시 노원구 한글비석로 97,37.63815689,127.07326508,2020-03-23 00:00:00,20.0,QR,395,27.18227848101266,1.359113924050633,3,1,2,5,2,13,2.25,일반,3
200,200. 국회의원회관,2060,2025-06-02,2026-06-30,0.13300970873786408,0.4242718446601942,0.05048543689320388,0.03932038834951456,영등포구,서울특별시 영등포구 의사당대로 1,37.52841568,126.91391754,2015-09-11 21:07:57,18.0,QR,394,5.228426395939087,0.290468133107727,1,2,5,1,1,10,2.25,일반,2
4583,4583. 의정관,2930,2025-06-01,2026-06-30,0.11877133105802047,0.48737201365187716,0.09044368600682594,0.041296928327645054,영등포구,국회의사당 경내,37.53214645,126.91747284,2021-03-11 00:00:00,12.0,QR,395,7.417721518987341,0.6181434599156118,1,2,5,1,1,10,2.25,일반,2
2225,2225.백석예술대학교 제3캠퍼스 앞,1964,2025-06-01,2026-06-30,0.11405295315682282,0.4994908350305499,0.17973523421588594,0.11303462321792261,서초구,서울특별시 서초구 방배로9길 23,37.4737587,126.99524689,2017-06-01 10:24:47,10.0,LCD,395,4.972151898734177,0.49721518987341773,1,2,5,1,1,10,2.25,일반,2
4337,4337. 우면산등산로 입구,978,2025-06-01,2026-06-29,0.11860940695296524,0.483640081799591,0.19120654396728015,0.11860940695296524,서초구,서초구 방배동 산 33-2,37.47691727,127.00611115,2022-12-05 00:00:00,10.0,QR,394,2.482233502538071,0.2482233502538071,1,2,5,1,1,10,2.25,일반,2
4319,4319. 삼성전자R&D어린이집 뒤,3159,2025-06-01,2026-06-30,0.13833491611269388,0.3956948401392846,0.14941437163659385,0.16555872111427666,서초구,서초구 성촌 1길 20,37.46559143,127.02184296,2020-12-22 00:00:00,7.0,QR,395,7.99746835443038,1.14249547920434,1,2,5,1,1,10,2.25,일반,2
4324,4324. 세화고등학교,2676,2025-06-01,2026-06-30,0.030642750373692077,0.31427503736920775,0.26681614349775784,0.148355754857997,서초구,서초구 반포동 753,37.50209427,126.99147034,2021-10-01 00:00:00,5.0,QR,395,6.774683544303797,1.3549367088607593,1,1,4,4,2,12,2.25,일반,3
4277,4277. 서대문우체국 정류소 옆,3722,2025-06-01,2026-06-30,0.17168189145620635,0.25926921010209564,0.2686727565824825,0.2474476088124664,서대문구,서대문구 성산로 374,37.56325912,126.93024445,2024-10-18 00:00:00,5.0,QR,395,9.422784810126583,1.8845569620253166,1,3,2,4,2,12,2.25,일반,3
1693,1693. 원자력 병원,5827,2025-06-01,2026-06-30,0.17144328127681482,0.2599965677020765,0.23047880556032263,0.14175390423888792,노원구,서울특별시 노원구 노원로 75 원자력병원 국가방사선 비상진료센터,37.62818909,127.08210754,2019-03-29 00:00:00,10.0,LCD,395,14.751898734177216,1.4751898734177216,2,3,2,2,2,11,2.25,일반,0
2812,2812.항동프라자,4232,2025-06-01,2026-06-30,0.15359168241965973,0.2840264650283554,0.24976370510396975,0.1724952741020794,구로구,구로구 항동 120-5,37.4798317,126.82275391,2020-03-02 00:00:00,15.0,QR,395,10.713924050632912,0.7142616033755275,1,3,3,3,1,11,2.2,일반,3
3802,3802. 관악구민체육센터,4810,2025-06-01,2026-06-30,0.3345114345114345,0.21850311850311852,0.16860706860706862,0.13201663201663202,관악구,낙성대로3길37,37.47288132,126.96003723,2020-08-17 00:00:00,8.0,QR,395,12.177215189873417,1.5221518987341771,1,5,1,1,2,10,2.2,일반,0
1427,1427. 용마산역 1번출구,3965,2025-06-01,2026-06-30,0.10189155107187894,0.39092055485498106,0.2605296343001261,0.20201765447667086,중랑구,서울특별시 중랑구 용마산로 지하 227 중랑구 면목동 1381,37.57429886,127.08691406,2017-06-22 10:34:51,10.0,LCD,395,10.037974683544304,1.0037974683544304,1,1,5,3,1,11,2.2,일반,3
2057,2057. 상도 아이파크 아파트,4466,2025-06-01,2026-06-30,0.25055978504254367,0.16368114643976714,0.2557098074339454,0.17465293327362294,동작구,서울특별시 동작구 장승배기로 26,37.5008812,126.94174957,2017-05-12 11:24:14,10.0,LCD,395,11.30632911392405,1.130632911392405,1,5,1,3,1,11,2.2,일반,0
2814,2814.항동지구 10단지 1001동 앞,1927,2025-06-01,2026-06-30,0.4462895692786715,0.1702127659574468,0.25739491437467565,0.11520498183705241,구로구,구로구 항동 135-11,37.47934341,126.82563782,2020-03-03 00:00:00,10.0,QR,395,4.878481012658228,0.4878481012658228,1,5,1,3,1,11,2.2,일반,0
2813,2813.항동지구 3단지 302동 앞,928,2025-06-01,2026-06-30,0.4170258620689655,0.17025862068965517,0.2543103448275862,0.10021551724137931,구로구,구로구 항동 135-26,37.47937012,126.82546997,2020-03-03 00:00:00,10.0,QR,395,2.349367088607595,0.2349367088607595,1,5,1,3,1,11,2.2,일반,0
2716,2716.롯데 R&D 센터,7792,2025-06-01,2026-06-30,0.05762320328542094,0.6169147843942505,0.0513347022587269,0.059804928131416836,강서구,강서구 마곡동 301-2 ,37.57094193,126.82831573,2020-03-13 00:00:00,20.0,QR,395,19.72658227848101,0.9863291139240505,2,1,5,1,1,10,2.2,일반,2
1213,1213. 백토공원 앞,4192,2025-06-01,2026-06-30,0.27719465648854963,0.2297232824427481,0.2452290076335878,0.15982824427480916,송파구,서울특별시 송파구 양재대로72길 47-8,37.50831985,127.13321686,2017-04-24 13:27:00,12.0,LCD,395,10.612658227848101,0.8843881856540085,1,5,1,3,1,11,2.2,일반,0
4667,4667. 폭포동입구 교차로,3504,2025-06-01,2026-06-30,0.15924657534246575,0.2702625570776256,0.2539954337899543,0.21261415525114155,은평구,서울특별시 은평구 연서로,37.62962723,126.93011475,2021-03-17 00:00:00,10.0,QR,395,8.870886075949366,0.8870886075949367,1,3,3,3,1,11,2.2,일반,3
518,518. 청계천 박물관 앞,8614,2025-06-01,2026-06-30,0.061295565358718364,0.4685395867192942,0.20025539818899465,0.11109821221267703,성동구,서울특별시 성동구 마장동 610 청계천 박물관 앞,37.57152557,127.03535461,2016-06-29 12:00:00,20.0,QR,395,21.80759493670886,1.090379746835443,2,1,5,1,1,10,2.2,일반,2
3616,3616. 역삼중학교 앞(체육관 방향),3954,2025-06-01,2026-06-30,0.16868993424380374,0.2728882144663632,0.24633282751643906,0.26150733434496715,강남구,도곡로43길 10,37.49526215,127.04950714,2021-02-24 00:00:00,10.0,QR,395,10.010126582278481,1.001012658227848,1,3,3,3,1,11,2.2,일반,3
4343,4343. 헌인릉 입구,481,2025-06-02,2026-06-30,0.33264033264033266,0.1995841995841996,0.24324324324324326,0.07068607068607069,서초구,서초구 내곡동 1-3244,37.46066284,127.08129883,2023-08-18 00:00:00,5.0,QR,394,1.2208121827411167,0.24416243654822334,1,5,1,3,1,11,2.2,일반,0
1839,1839. 수출의 다리 아래,8470,2025-06-01,2026-06-30,0.0332939787485242,0.5277449822904369,0.15926800472255018,0.1334120425029516,금천구,서울특별시 가산동 60-35,37.47743607,126.88615417,2017-11-01 16:00:00,20.0,LCD,395,21.443037974683545,1.0721518987341772,2,1,5,1,1,10,2.2,일반,2
4351,4351.서울AI허브 앞,3597,2025-07-31,2026-06-30,0.05782596608284682,0.41061996107867665,0.17570197386711148,0.22185154295246037,서초구,서초구 태봉로 108,37.46693802,127.0280838,2025-07-31 00:00:00,7.0,QR,335,10.73731343283582,1.533901918976546,1,1,5,1,2,10,2.2,일반,2
4908,4908. SB타워 앞,3761,2025-06-01,2026-06-30,0.03828768944429673,0.43711778782238764,0.19808561552778517,0.22042010103695825,강남구,강남구 도산대로 318,37.52210999,127.03646088,2022-07-06 00:00:00,5.0,QR,395,9.521518987341771,1.9043037974683543,1,1,5,1,2,10,2.2,일반,2
4881,4881. 거여동사거리 송파둘레길 입구,2331,2025-06-01,2026-06-30,0.23466323466323466,0.23423423423423423,0.25868725868725867,0.24581724581724582,송파구,송파구 거여동 산23-34,37.49535751,127.13947296,2021-09-30 00:00:00,5.0,QR,395,5.9012658227848105,1.180253164556962,1,4,2,3,1,11,2.2,일반,0
1862,1862.MD호텔 앞,8984,2025-06-01,2026-06-30,0.3443900267141585,0.21582813891362423,0.18020926090828138,0.16874443455031166,금천구,시흥대로 315,37.46134567,126.89758301,2020-02-24 00:00:00,20.0,QR,395,22.744303797468355,1.1372151898734177,2,5,1,1,1,10,2.2,일반,0
3111,3111.무악재역 4번 출구,2978,2025-06-01,2026-06-30,0.18770987239758227,0.2850906648757555,0.2592343854936199,0.17192746809939558,서대문구,홍제동 25-1,37.58221054,126.95016479,2020-04-10 00:00:00,10.0,QR,395,7.539240506329114,0.7539240506329115,1,3,3,3,1,11,2.2,일반,0
6172,6172. 가양5단지아파트,4940,2025-06-01,2026-06-30,0.30121457489878545,0.20668016194331984,0.19534412955465588,0.10020242914979757,강서구,강서구 가양동1481,37.56447983,126.85464478,2023-11-30 00:00:00,10.0,QR,395,12.50632911392405,1.250632911392405,1,5,1,1,2,10,2.2,일반,0
5780,5780. 송파세무서,4786,2025-06-01,2026-06-30,0.10426243209360635,0.38863351441704974,0.13999164229001254,0.04053489343919766,송파구,송파구 풍납동 388-6,37.52646255,127.11369324,2024-04-23 00:00:00,10.0,QR,395,12.116455696202532,1.2116455696202533,1,1,5,1,2,10,2.2,일반,2
3630,3630. 개포우성6차아파트 정문 앞,4491,2025-06-01,2026-06-30,0.3573814295257181,0.20975283901135605,0.2507236695613449,0.10732576263638388,강남구,언주로 3,37.47685623,127.05536652,2021-02-24 00:00:00,10.0,QR,395,11.369620253164557,1.1369620253164556,1,5,1,3,1,11,2.2,일반,0
3637,3637. 세곡데이케어센터,3025,2025-06-01,2026-06-30,0.25388429752066116,0.20760330578512395,0.24231404958677685,0.15008264462809917,강남구,헌릉로 590길 68,37.46072388,127.10287476,2021-06-01 00:00:00,10.0,QR,395,7.658227848101266,0.7658227848101266,1,5,1,3,1,11,2.2,일반,0
4315,4315. 이투스교육 앞,4938,2025-06-01,2026-06-30,0.10206561360874848,0.41028756581611986,0.19866342648845686,0.12454434993924667,서초구,서초동 1354-3,37.48389053,127.02905273,2021-02-19 00:00:00,10.0,QR,395,12.50126582278481,1.2501265822784808,1,1,5,1,2,10,2.2,일반,2
1943,1943. 온수역 북측,3826,2025-06-01,2026-06-30,0.06978567694720335,0.340041819132253,0.25561944589649765,0.29090433873497124,구로구,서울특별시 구로구 경인로3길 지하 64,37.49279022,126.82452393,2017-06-22 13:35:50,10.0,LCD,395,9.686075949367089,0.9686075949367089,1,1,5,3,1,11,2.2,일반,3
1868,1868.우리은행 시흥남자동화점 앞,4627,2025-06-01,2026-06-30,0.2461638210503566,0.19948130538145667,0.25070239896261076,0.23406094661767884,금천구,시흥대로155,37.44785309,126.90288544,2020-02-24 00:00:00,10.0,QR,395,11.713924050632912,1.1713924050632911,1,5,1,3,1,11,2.2,일반,0
4766,4766. 서소문성지역사박물관,5708,2025-06-01,2026-06-30,0.3852487736510161,0.20585143658023827,0.204625087596356,0.10529081990189208,중구,서울특별시 중구 중림동 373,37.56024551,126.96878052,2020-10-05 00:00:00,23.0,QR,395,14.450632911392406,0.6282883874518437,2,5,1,1,1,10,2.2,일반,0
4327,4327. 몽마르뜨공원입구,3005,2025-06-01,2026-06-30,0.16239600665557405,0.2838602329450915,0.2575707154742097,0.13311148086522462,서초구,서초구 동광로 몽마르뜨공원 입구,37.4928894,127.0026474,2021-11-05 00:00:00,11.0,QR,395,7.6075949367088604,0.6915995397008055,1,3,3,3,1,11,2.2,일반,0
3555,3555.양지사거리(센트라스APT 115동앞),2815,2025-06-01,2026-06-30,0.26039076376554177,0.21065719360568383,0.24547069271758437,0.12824156305506218,성동구,서울특별시 성동구 왕십리로 410 센트라스,37.56681824,127.02915192,2020-04-14 00:00:00,10.0,QR,395,7.1265822784810124,0.7126582278481013,1,5,1,3,1,11,2.2,일반,0
1979,1979. 구로1동우체국 앞,3414,2025-06-01,2026-06-30,0.2955477445811365,0.1628588166373755,0.24165202108963094,0.1329818394844757,구로구,서울특별시 구로구 구일로 64,37.4920311,126.87377167,2017-11-13 09:57:10,10.0,LCD,395,8.643037974683544,0.8643037974683544,1,5,1,3,1,11,2.2,일반,0
3530,3530. 왕십리자이아파트 후문(삼거리),3427,2025-06-01,2026-06-30,0.2792529909541873,0.17099503939305516,0.25765976072366503,0.21826670557338781,성동구,서울특별시 성동구 무학봉길 35 왕십리자이아파트 후문(삼거리),37.56014633,127.02635956,2018-10-24 00:00:00,10.0,LCD,395,8.675949367088608,0.8675949367088608,1,5,1,3,1,11,2.2,일반,0
845,845. 용산 선인상가,6915,2025-06-01,2026-06-30,0.07997107736804049,0.398120028922632,0.12610267534345626,0.11496746203904555,용산구,서울특별시 용산구 새창로 181 선인상가,37.53269958,126.96437836,2018-09-09 00:00:00,16.0,LCD,395,17.50632911392405,1.0941455696202531,2,1,5,1,1,10,2.2,일반,2
672,672.대광고등학교,11493,2025-06-01,2026-06-30,0.1700165318019664,0.22518054467937004,0.23118419907769946,0.1277299225615592,동대문구,서울특별시 동대문구 안암로 6 대광중고등학교,37.57875061,127.02402496,2020-03-27 00:00:00,17.0,QR,395,29.09620253164557,1.711541325390916,3,3,1,2,2,11,2.2,일반,0
2088,2088.상도중앙하이츠빌 입구,3427,2025-06-01,2026-06-30,0.2742923840093376,0.1870440618616866,0.2503647505106507,0.25240735337029474,동작구, 동작구 상도동 159-186,37.50024796,126.94972992,2020-04-24 00:00:00,10.0,QR,395,8.675949367088608,0.8675949367088608,1,5,1,3,1,11,2.2,일반,0
4913,4913. 레베쌍트 빌딩 앞,4039,2025-06-01,2026-06-30,0.07328546669967814,0.36172319881158704,0.18841297350829414,0.18445159692993315,강남구,봉은사로86길 6,37.51292038,127.056427,2022-07-27 00:00:00,7.0,QR,395,10.225316455696202,1.460759493670886,1,1,5,1,2,10,2.2,일반,2
4892,4892. 성내유수지 체육공원,4298,2025-06-01,2026-06-30,0.1859004187994416,0.29339227547696606,0.24685900418799442,0.16402978129362494,송파구,송파구 방이동 88-13,37.52597046,127.11820984,2021-11-10 00:00:00,18.0,QR,395,10.881012658227847,0.6045007032348804,1,3,3,3,1,11,2.2,일반,0
295,295.영등포공원 분수대 앞,3833,2025-06-01,2026-06-30,0.35063918601617533,0.2115836159666058,0.24236890164362118,0.14870858335507436,영등포구,영등포구 신길로 275,37.51481247,126.91170502,2020-03-04 00:00:00,10.0,QR,395,9.70379746835443,0.970379746835443,1,5,1,3,1,11,2.2,일반,0
4932,4932. 개포래미안포레스트 130동 맞은편,4139,2025-06-01,2026-06-30,0.24716115003624065,0.2111621164532496,0.24957719255858904,0.1923169847789321,강남구,강남구 개포동 656 맞은편,37.47748566,127.05743408,2024-04-23 00:00:00,10.0,QR,395,10.478481012658229,1.047848101265823,1,5,1,3,1,11,2.2,일반,0
1392,1392.돈암삼성풍림아파트,2609,2025-06-01,2026-06-30,0.25335377539287085,0.18206209275584515,0.2583365274051361,0.1479494059026447,성북구,서울특별시 성북구 돈암동 632-6,37.597099299999996,127.02262878,2020-03-27 00:00:00,10.0,QR,395,6.60506329113924,0.660506329113924,1,5,1,3,1,11,2.2,일반,0
1379,1379.길음뉴타운푸르지오아파트 3단지,3196,2025-06-01,2026-06-30,0.44148936170212766,0.10982478097622028,0.2581351689612015,0.11295369211514393,성북구,서울특별시 성북구 길음로13길 39 길음뉴타운,37.60929489,127.01847839,2020-03-26 00:00:00,10.0,QR,395,8.09113924050633,0.809113924050633,1,5,1,3,1,11,2.2,일반,0
140,140. 이화여대 후문,7227,2025-06-01,2026-06-30,0.09907292099072922,0.3668188736681887,0.17559153175591533,0.1307596513075965,서대문구,서울특별시 서대문구 연세로 50-1,37.560009,126.94073486,2015-09-07 10:46:54,22.0,QR,395,18.29620253164557,0.8316455696202532,2,1,5,1,1,10,2.2,일반,2
4043,4043. 상계주공13단지 1301동,4223,2025-06-01,2026-06-30,0.26592469808193225,0.18683400426237273,0.24911200568316363,0.1664693345962586,노원구,서울특별시 노원구 한글비석로54길 92 상계주공13단지아파트,37.66674042,127.06388855,2021-09-24 00:00:00,10.0,QR,395,10.69113924050633,1.0691139240506329,1,5,1,3,1,11,2.2,일반,0
2305,2305. MCM 본사 직영점 앞,3798,2025-06-01,2026-06-30,0.03607161664033702,0.581621906266456,0.12743549236440233,0.11216429699842022,강남구,서울특별시 강남구 언주로 734,37.52064133,127.03450775,2017-06-13 10:37:41,6.0,LCD,395,9.615189873417721,1.6025316455696201,1,1,5,1,2,10,2.2,일반,2
468,468.웨스틴 조선호텔,5215,2025-06-01,2026-06-30,0.10009587727708533,0.38235858101629916,0.17871524448705656,0.1576222435282838,중구,서울특별시 중구 소공로 106 서울 웨스틴조선호텔,37.56415939,126.97948456,2020-01-31 00:00:00,8.0,QR,395,13.20253164556962,1.6503164556962024,1,1,5,1,2,10,2.2,일반,2
5892,5892.국회의사당본관 좌측,3227,2025-07-18,2026-06-30,0.08397892779671522,0.5082119615742176,0.07902076231794236,0.06693523396343352,영등포구,영등포구 의사당대로 1 국회,37.53090286,126.91375732,2025-07-16 00:00:00,7.0,QR,348,9.272988505747126,1.3247126436781609,1,1,5,1,2,10,2.2,일반,2
2370,2370. 한티역 3번출구,4520,2025-06-01,2026-06-30,0.13738938053097347,0.3019911504424779,0.2592920353982301,0.20707964601769913,강남구,서울특별시 강남구 대치동 1026,37.49655151,127.0542984,2017-11-01 16:00:00,10.0,LCD,395,11.443037974683545,1.1443037974683545,1,2,4,3,1,11,2.2,일반,3
5331,5331. 공릉동 풍림아파트 112동 앞,2893,2025-06-01,2026-06-30,0.33667473211199445,0.21845834773591427,0.18631178707224336,0.10404424472865538,노원구,노원구 섬밭로 139,37.6281929,127.06787872,2024-03-08 00:00:00,5.0,QR,395,7.324050632911392,1.4648101265822784,1,5,1,1,2,10,2.2,일반,0
466,466.롯데호텔,5558,2025-06-04,2026-06-30,0.10399424253328536,0.34742713206189274,0.19449442245412019,0.24127383951061532,중구,서울특별시 중구 을지로 30 롯데호텔,37.56584167,126.97981262,2020-02-28 00:00:00,13.0,QR,392,14.178571428571429,1.0906593406593408,2,1,5,1,1,10,2.2,일반,3
968,968. 은평뉴타운 상림마을 13단지,1577,2025-06-01,2026-06-30,0.31959416613823716,0.13443246670894102,0.25428027901078,0.2618896639188332,은평구,서울특별시 은평구 진관4로 48-50 은평뉴타운 상림마을 13단지,37.64208984,126.92941284,2018-10-18 00:00:00,7.0,LCD,395,3.992405063291139,0.5703435804701628,1,5,1,3,1,11,2.2,일반,0
5888,5888.여의도성당,1600,2025-06-05,2026-06-30,0.098125,0.5275,0.245,0.081875,영등포구,여의동로257,37.52164459,126.93920898,2025-06-04 00:00:00,7.0,QR,391,4.092071611253197,0.5845816587504568,1,1,5,3,1,11,2.2,일반,2
1051,"1051. 강일중,선사고 버스정류장(신암중학교 방면)",8783,2025-06-01,2026-06-30,0.13127632927245816,0.26448821587157006,0.28099738130479335,0.19879312307867472,강동구,서울특별시 강동구 고덕로 109,37.55483627,127.13732147,2018-02-26 12:05:01,15.0,LCD,395,22.235443037974683,1.4823628691983122,2,2,2,4,2,12,2.1999999999999997,일반,3
963,963. 불광롯데캐슬아파트 앞,6684,2025-06-01,2026-06-30,0.16786355475763015,0.21903052064631956,0.2764811490125673,0.26570915619389585,은평구,서울특별시 은평구 불광로 90 대호프라자아파트,37.61442947,126.93257904,2018-10-16 00:00:00,13.0,LCD,395,16.921518987341774,1.3016553067185979,2,3,1,4,2,12,2.1999999999999997,일반,3
923,923. 국민은행 연서지점,5964,2025-06-01,2026-06-30,0.17303822937625754,0.22132796780684105,0.26777330650570086,0.24916163648558015,은평구,서울특별시 은평구 불광동 355 국민은행 연서지점,37.62094879,126.92563629,2016-09-02 11:00:00,10.0,LCD,395,15.09873417721519,1.509873417721519,2,3,1,4,2,12,2.1999999999999997,일반,3
1568,1568.4.19민주묘지 입구사거리,7500,2025-06-01,2026-06-30,0.13506666666666667,0.24546666666666667,0.2816,0.28,강북구,서울특별시 강북구 삼양로 504 광리빌딩,37.64793396,127.01457214,2020-03-25 00:00:00,10.0,QR,395,18.9873417721519,1.89873417721519,2,2,2,4,2,12,2.1999999999999997,일반,3
2344,2344. 리엔파크 2단지 앞,6522,2025-06-01,2026-06-30,0.1727997546764796,0.2072983747316774,0.2643360932229378,0.2347439435755903,강남구,서울특별시 강남구 헌릉로590길 10,37.46506119,127.10119629,2017-06-13 09:23:37,10.0,LCD,395,16.51139240506329,1.651139240506329,2,3,1,4,2,12,2.1999999999999997,일반,3
1528,1528. 삼각산동 주민센터,6189,2025-06-01,2026-06-30,0.16125383745354663,0.20794958797867183,0.270803037647439,0.21118112780740023,강북구,서울특별시 미아동 813-8 삼각산동 주민센터,37.61503601,127.02069855,2017-11-01 16:00:00,10.0,LCD,395,15.668354430379747,1.5668354430379747,2,3,1,4,2,12,2.1999999999999997,일반,3
1518,1518. 수유2동은행빌딩 앞,7753,2025-06-01,2026-06-30,0.17361021540049013,0.2237843415452083,0.2637688636656778,0.21191796723848833,강북구,서울특별시 강북구 삼양로 439 SK telecom(수유직영점),37.64308548,127.01616669,2017-05-11 09:37:52,10.0,LCD,395,19.627848101265823,1.9627848101265823,2,3,1,4,2,12,2.1999999999999997,일반,3
1733,1733. 방학사거리 (봄마당 앞),6414,2025-06-01,2026-06-30,0.0993140006236358,0.2734642968506392,0.27143748051138133,0.2949797318366074,도봉구,서울특별시 도봉구 방학로 102 방학사거리 (봄마당 앞),37.66297913,127.04193878,2018-10-27 00:00:00,12.0,LCD,395,16.237974683544305,1.3531645569620254,2,1,3,4,2,12,2.1999999999999997,일반,3
1360,1360. 정릉역,5646,2025-06-01,2026-06-30,0.18207580588026923,0.2267091746369111,0.2614240170031881,0.2738221749911442,성북구,서울특별시 성북구 정릉로 272 정릉역,37.60309601,127.01350403000001,2018-02-26 11:13:55,10.0,LCD,395,14.29367088607595,1.4293670886075949,2,3,1,4,2,12,2.1999999999999997,일반,3
2084,2084.e편한세상 상도노빌리티 앞,7348,2025-06-01,2026-06-30,0.08941208492106696,0.27653783342406096,0.2679640718562874,0.3342406096897115,동작구, 동작구 상도동 26-77,37.50456238,126.94678497,2020-04-24 00:00:00,15.0,QR,395,18.60253164556962,1.240168776371308,2,1,3,4,2,12,2.1999999999999997,일반,3
4152,4152. 상도효성해링턴플레이스,5545,2025-06-01,2026-06-30,0.14950405770964834,0.22218214607754733,0.26420198376916143,0.2807935076645627,동작구,상도동25-41(마을버스정류소20803 옆),37.50543213,126.94151306,2021-02-18 00:00:00,10.0,QR,395,14.037974683544304,1.4037974683544303,2,3,1,4,2,12,2.1999999999999997,일반,3
1671,1671. 인덕대학교,8606,2025-06-01,2026-06-30,0.19254008831048106,0.21543109458517312,0.20102254241227052,0.18858935626307227,노원구,서울특별시 노원구 초안산로 12 인덕대학교,37.62934875,127.05482483,2017-11-28 11:23:08,15.0,LCD,395,21.787341772151898,1.4524894514767932,2,4,1,1,2,10,2.15,일반,0
3556,3556.신금호파크자이APT앞,4270,2025-06-01,2026-06-30,0.13395784543325526,0.275175644028103,0.3163934426229508,0.2578454332552693,성동구,서울특별시 성동구 금호동2가 1-5,37.55610657,127.01978302,2020-04-15 00:00:00,10.0,QR,395,10.810126582278482,1.081012658227848,1,2,3,5,1,12,2.15,일반,3
4473,4473. 마천금호어울림 1차 102동앞,2311,2025-06-01,2026-06-30,0.22284725227174385,0.20597144093466033,0.29900475984422326,0.13933362180874082,송파구,성내천로245,37.49808884,127.15429688,2020-12-23 00:00:00,10.0,QR,395,5.850632911392405,0.5850632911392405,1,4,1,5,1,12,2.15,일반,0
2649,2649.오금공원사거리2,3402,2025-06-01,2026-06-30,0.15726043503821283,0.2619047619047619,0.2915931804820694,0.24691358024691357,송파구,마천로103,37.50544357,127.13233185,2020-01-15 00:00:00,10.0,QR,395,8.612658227848101,0.8612658227848101,1,3,2,5,1,12,2.15,일반,3
3531,3531. 논골사거리(금호도서관 입구),2519,2025-06-01,2026-06-30,0.20801905518062724,0.21595871377530765,0.32115919015482336,0.2092100039698293,성동구,서울특별시 성동구 난계로 20 논골사거리(금호도서관 입구),37.55477905,127.02484131,2018-10-24 00:00:00,10.0,LCD,395,6.377215189873418,0.6377215189873418,1,4,1,5,1,12,2.15,일반,3
2167,2167. 낙성대역 1번출구,4423,2025-06-01,2026-06-30,0.08772326475243047,0.3199186072801266,0.2923355188785892,0.275604793126837,관악구,서울특별시 관악구 남부순환로 1944,37.47629547,126.96495819,2017-11-28 10:22:10,12.0,LCD,395,11.197468354430379,0.9331223628691983,1,1,4,5,1,12,2.15,일반,3
3588,3588.세종대학교(영실관),7424,2025-06-01,2026-06-30,0.07058189655172414,0.33917025862068967,0.14547413793103448,0.1439924568965517,광진구,서울특별시 광진구 군자로 114 세종초등학교,37.55237198,127.07353973,2020-05-07 00:00:00,10.0,QR,395,18.79493670886076,1.879493670886076,2,1,4,1,2,10,2.15,일반,2
1572,1572. 우이동 먹거리마을,1623,2025-06-01,2026-06-30,0.1361675908810844,0.2754158964879852,0.3955637707948244,0.08502772643253234,강북구,서울특별시 강북구 우이동 207-14,37.66446304,127.01184082,2020-05-08 00:00:00,10.0,QR,395,4.108860759493671,0.41088607594936705,1,2,3,5,1,12,2.15,일반,3
2184,2184. 구암초등학교 버스정류장,2834,2025-06-23,2026-06-30,0.19442484121383205,0.2244177840508116,0.305575158786168,0.21206774876499648,관악구,관악구 봉천동 490-9,37.48949051,126.94592285,2018-11-22 00:00:00,10.0,LCD,373,7.597855227882038,0.7597855227882038,1,4,1,5,1,12,2.15,일반,3
4523,4523. 구립양천어르신요양센터,983,2025-06-01,2026-06-30,0.1790437436419125,0.26551373346897256,0.34791454730417093,0.12512716174974567,양천구,신월로 26,37.51351166,126.82681274,2021-06-09 00:00:00,20.0,QR,395,2.488607594936709,0.12443037974683543,1,3,2,5,1,12,2.15,일반,3
3612,3612. 은곡마을,4490,2025-06-01,2026-06-14,0.14342984409799556,0.29020044543429846,0.32494432071269486,0.17505567928730512,강남구,세곡동 548(도담공원~행복공원 사이),37.46726227,127.09801483,2021-02-23 00:00:00,10.0,QR,379,11.846965699208443,1.1846965699208443,1,2,3,5,1,12,2.15,일반,3
2186,2186. 낙성대입구삼거리,4695,2025-06-01,2026-06-30,0.13077742279020235,0.26773162939297124,0.2824281150159744,0.27305644302449417,관악구,남부순환로 1889,37.4788208,126.95960999,2020-04-29 00:00:00,15.0,QR,395,11.886075949367088,0.7924050632911392,1,2,3,5,1,12,2.15,일반,3
1574,1574.송중초등학교 옆,4974,2025-06-01,2026-06-30,0.13369521511861682,0.2746280659429031,0.25331724969843183,0.2265782066747085,강북구,서울특별시 강북구 미아동 98-5,37.61669922,127.03049469,2020-05-05 00:00:00,8.0,QR,395,12.592405063291139,1.5740506329113924,1,2,3,3,2,11,2.15,일반,3
2223,2223. 방배래미안 정문 앞,3060,2025-06-01,2026-06-30,0.08790849673202615,0.31633986928104574,0.2830065359477124,0.20359477124183006,서초구,서울특별시 서초구 남부순환로 2183,37.47261047,126.98300934,2017-06-01 10:23:50,15.0,LCD,395,7.746835443037975,0.5164556962025316,1,1,4,5,1,12,2.15,일반,3
1635,"1635. 상계3,4동 주민센터 대여소",3349,2025-06-01,2026-06-30,0.1809495371752762,0.25111973723499553,0.244252015527023,0.17318602567930724,노원구,서울특별시 노원구 덕릉로131길 8 노원구 상계동 37-7,37.67271042,127.0831604,2017-05-08 14:12:48,6.0,LCD,395,8.478481012658229,1.4130801687763714,1,3,2,3,2,11,2.15,일반,0
569,569. 응봉현대아파트 정류소,2761,2025-06-01,2026-06-30,0.1879753712423035,0.25823976819992756,0.33140166606302063,0.26331039478449836,성동구,서울특별시 성동구 독서당로 381 응봉동현대아파트 정류소,37.54958344,127.03024292,2016-07-06 12:00:00,10.0,QR,395,6.989873417721519,0.6989873417721519,1,3,2,5,1,12,2.15,일반,3
638,638. 서울시립대 정보기술관,6953,2025-06-01,2026-06-30,0.055803250395512725,0.3365453760966489,0.18970228678268372,0.19718107291816483,동대문구,서울특별시 동대문구 한천로43길 12-14 서울시립대 정보기술관,37.58300781,127.06097412,2016-07-06 12:00:00,10.0,QR,395,17.60253164556962,1.760253164556962,2,1,4,1,2,10,2.15,일반,2
2078,2078.흑석 아크로리버하임(103동),1996,2025-06-01,2026-06-30,0.12274549098196393,0.28256513026052105,0.29008016032064127,0.25100200400801603,동작구, 동작구 흑석동 143-57,37.51083755,126.96163177,2020-04-22 00:00:00,13.0,QR,395,5.053164556962026,0.3887049659201558,1,2,3,5,1,12,2.15,일반,3
3523,3523. 건국대학교 과학관(이과대) 앞,7720,2025-06-01,2026-06-30,0.04170984455958549,0.3005181347150259,0.10310880829015544,0.10051813471502591,광진구,서울특별시 광진구 능동로 120 건국대학교 과학관(이과대) 앞,37.54171753,127.08016968,2018-04-16 14:09:21,10.0,LCD,395,19.544303797468356,1.9544303797468356,2,1,4,1,2,10,2.15,일반,2
2805,2805.구로자원순환센터 ,1428,2025-06-01,2026-06-30,0.10224089635854341,0.29901960784313725,0.3557422969187675,0.19467787114845939,구로구,구로구 항동 216-11 ,37.48250961,126.82575989,2020-02-27 00:00:00,10.0,QR,395,3.6151898734177217,0.3615189873417722,1,1,4,5,1,12,2.15,일반,3
1573,1573.현대성우아파트 옆,2202,2025-06-01,2026-06-30,0.21934604904632152,0.20072661217075385,0.30154405086285196,0.23978201634877383,강북구,서울특별시 강북구 삼양로24길 19 현대성우아파트,37.61666489,127.02210999,2020-05-05 00:00:00,10.0,QR,395,5.574683544303798,0.5574683544303798,1,4,1,5,1,12,2.15,일반,3
2807,2807.항동지구 1단지 105동 앞,2063,2025-06-01,2026-06-30,0.12990790111488124,0.28502181289384393,0.30441105186621426,0.23703344643722735,구로구,구로구 항동 100-14,37.48062897,126.82181549,2020-02-28 00:00:00,10.0,QR,395,5.222784810126583,0.5222784810126583,1,2,3,5,1,12,2.15,일반,3
6185,6185.가양나들목,1526,2025-11-13,2026-06-30,0.17038007863695936,0.2470511140235911,0.3486238532110092,0.17496723460026212,강서구,강서구 강서로 532 동신아파트.대아아파트,37.57341003,126.84345245,2025-11-13 00:00:00,8.0,QR,230,6.6347826086956525,0.8293478260869566,1,3,2,5,1,12,2.15,일반,3
1358,1358. 정릉도서관 앞,4971,2025-06-01,2026-06-30,0.14906457453228728,0.2540736270368135,0.24602695634681152,0.26212029772681555,성북구,서울특별시 성북구 보국문로 7-10 정릉도서관 앞,37.60478973,127.01058197,2018-02-26 11:10:48,7.0,LCD,395,12.584810126582278,1.7978300180831825,1,3,2,3,2,11,2.15,일반,3
1410,1410. 면목 대원칸타빌아파트,2965,2025-06-01,2026-06-30,0.1996627318718381,0.20067453625632378,0.30893760539629006,0.19865092748735244,중랑구,서울특별시 중랑구 용마산로 285 581 번지,37.57778168,127.09018707,2017-04-26 14:59:49,10.0,LCD,395,7.506329113924051,0.7506329113924051,1,4,1,5,1,12,2.15,일반,0
1365,1365. 선잠단지 앞,3329,2025-06-01,2026-06-30,0.2165815560228297,0.19164914388705317,0.2880744968458997,0.14088314809252028,성북구,서울특별시 성북구 성북로 102-10 선잠단지 앞,37.5933609,126.9990921,2018-10-27 00:00:00,10.0,LCD,395,8.427848101265823,0.8427848101265824,1,4,1,5,1,12,2.15,일반,0
2041,2041. 사당중학교 버스정류소,2360,2025-06-01,2026-06-30,0.2245762711864407,0.2038135593220339,0.2923728813559322,0.1826271186440678,동작구,서울특별시 동작구 사당로 169,37.48683548,126.9680481,2017-05-26 10:04:43,7.0,LCD,395,5.974683544303797,0.8535262206148282,1,4,1,5,1,12,2.15,일반,0
808,808. 서빙고동 금호맨션 앞,4161,2025-06-01,2026-06-30,0.0927661619802932,0.3316510454217736,0.40831530881999517,0.09492910358086998,용산구,서울특별시 용산구 서빙고동 235-5 서빙고동 금호맨션 앞,37.520504,126.98973846,2016-06-29 12:00:00,10.0,QR,395,10.534177215189873,1.0534177215189873,1,1,4,5,1,12,2.15,일반,3
3006,3006. 상암월드컵파크5단지(상암중학교),7362,2025-06-01,2026-06-30,0.09277370279815268,0.3177125781037761,0.18364574843792447,0.15987503395816355,마포구,마포구 상암동 1727,37.57948685,126.88739014,2020-04-06 00:00:00,10.0,QR,395,18.637974683544304,1.8637974683544303,2,1,4,1,2,10,2.15,일반,2
2027,2027. 중앙대학교 정문 1,5230,2025-06-01,2026-06-30,0.06673040152963672,0.3355640535372849,0.24493307839388145,0.31051625239005737,동작구,서울특별시 동작구 흑석로 47,37.50704193,126.95915221999999,2017-05-12 11:04:13,15.0,LCD,395,13.240506329113924,0.8827004219409282,2,1,4,3,1,11,2.15,일반,3
1370,1370. 복자사랑 피정의 집,2198,2025-06-01,2026-06-30,0.2370336669699727,0.18334849863512284,0.34076433121019106,0.14786169244767972,성북구,서울특별시 성북구 성북로 132-4 복자사랑 피정의 집,37.59453964,126.99520874,2018-10-27 00:00:00,10.0,LCD,395,5.564556962025317,0.5564556962025317,1,4,1,5,1,12,2.15,일반,0
2130,2130. 영어마을 관악캠프,1751,2025-06-01,2026-06-30,0.0885208452312964,0.3289548829240434,0.31467732724157627,0.1342090234151913,관악구,서울특별시 관악구 낙성대로 70,37.47198868,126.95842743,2017-05-26 09:53:44,10.0,LCD,395,4.432911392405063,0.4432911392405063,1,1,4,5,1,12,2.15,일반,3
3431,3431.로제우스 레포츠센터,2682,2025-06-01,2026-06-30,0.10067114093959731,0.3057419835943326,0.290454884414616,0.1953765846383296,종로구,서울특별시 종로구 구기동 110-22,37.60760117,126.95768738,2020-02-13 00:00:00,10.0,QR,395,6.789873417721519,0.6789873417721519,1,1,4,5,1,12,2.15,일반,3
2516,2516.본마을 노인복지센터 앞,2574,2025-06-01,2026-06-30,0.1414141414141414,0.27933177933177933,0.3278943278943279,0.08624708624708624,서초구,서울특별시 서초구 본마을2길 2,37.45441818,127.052742,2020-02-19 00:00:00,9.0,QR,395,6.516455696202532,0.7240506329113924,1,2,3,5,1,12,2.15,일반,3
5767,5767. 북위례2,3074,2025-06-01,2026-06-30,0.2257644762524398,0.2033181522446324,0.28822381262199087,0.15191932335718933,송파구,송파구 거여동 657-12,37.48483276,127.1499176,2022-12-23 00:00:00,15.0,QR,395,7.782278481012658,0.5188185654008438,1,4,1,5,1,12,2.15,일반,0
1436,1436. 동원베네스트 건물 앞,5709,2025-06-01,2026-06-30,0.22683482221054477,0.1905762830618322,0.24522683482221055,0.2513575056927658,중랑구,서울특별시 중랑구 용마산로 640,37.60810089,127.10118103,2017-04-26 15:15:01,15.0,LCD,395,14.453164556962026,0.9635443037974684,2,4,1,3,1,11,2.15,일반,0
5763,5763. 세륜초등학교 건너편,4745,2025-06-01,2026-06-30,0.11886195995785037,0.2838777660695469,0.2950474183350896,0.23435194942044257,송파구,송파구 방이동 89-28,37.51919556,127.13262177,2022-10-11 00:00:00,10.0,QR,395,12.012658227848101,1.20126582278481,1,2,3,5,1,12,2.15,일반,3
903,903. 은평뉴타운 아이파크,8710,2025-06-01,2026-06-30,0.23076923076923078,0.21997703788748565,0.25878300803673937,0.12560275545350172,은평구,서울특별시 은평구 진관동 13-20 은평뉴타운 아이파크,37.64586639,126.92739105,2016-09-02 11:00:00,20.0,QR,395,22.050632911392405,1.1025316455696204,2,4,1,3,1,11,2.15,일반,0
937,937. 상림마을 롯데캐슬2단지 옆,1254,2025-06-01,2026-06-30,0.08851674641148326,0.29904306220095694,0.4138755980861244,0.19138755980861244,은평구,서울특별시 은평구 진관동 30-23 상림마을 롯데캐슬2단지 옆,37.64585114,126.92379761,2017-11-01 16:00:00,10.0,LCD,395,3.1746835443037975,0.31746835443037974,1,1,4,5,1,12,2.15,일반,3
4665,4665. 응암역3번 출구(서부경찰서 방면),4572,2025-06-01,2026-06-30,0.11307961504811899,0.2863079615048119,0.30118110236220474,0.22615923009623798,은평구,서울특별시 은평구 은평로85 CJ드림시티 A동,37.59967041,126.91716003,2021-03-19 00:00:00,10.0,QR,395,11.574683544303797,1.1574683544303797,1,2,3,5,1,12,2.15,일반,3
710,710. 금옥여고보도육교,6411,2025-06-01,2026-06-30,0.19513336452971455,0.12681328965839964,0.1626891280611449,0.12150990485103728,양천구,신정로 213,37.50971222,126.84416962,2016-06-29 12:00:00,10.0,QR,395,16.230379746835442,1.6230379746835442,2,4,1,1,2,10,2.15,일반,0
1536,1536. 번동 두산위브 101동 옆,8464,2025-06-01,2026-06-30,0.12145557655954631,0.2731568998109641,0.2575614366729679,0.21042060491493383,강북구,서울특별시 번동 386-17 번동 두산위브 101동 옆,37.63626099,127.03217316,2017-11-01 16:00:00,20.0,LCD,395,21.427848101265823,1.0713924050632913,2,2,3,3,1,11,2.15,일반,3
4623,4623. 라인프랜즈이태원점 앞,2403,2025-06-01,2026-06-30,0.05326674989596338,0.29712858926342073,0.32168123179359137,0.30628381190178944,용산구,서울특별시 용산구 이태원로 177 6호선 이태원역,37.53453064,126.99619293,2020-10-29 00:00:00,10.0,QR,395,6.083544303797468,0.6083544303797468,1,1,4,5,1,12,2.15,일반,3
938,938. 금암 문화공원,2190,2025-06-01,2026-06-30,0.12876712328767123,0.27534246575342464,0.31004566210045664,0.12557077625570776,은평구,서울특별시 진관동 44-28 금암 문화공원,37.64468384,126.91845703,2017-11-01 16:00:00,10.0,LCD,395,5.544303797468355,0.5544303797468355,1,2,3,5,1,12,2.15,일반,3
4612,4612. 이태원로 255,1479,2025-06-02,2026-06-29,0.045300878972278566,0.33874239350912777,0.3556457065584855,0.25693035835023664,용산구,서울특별시 용산구 이태원로 255,37.53749847,127.00084686,2020-10-29 00:00:00,8.0,QR,393,3.763358778625954,0.47041984732824427,1,1,4,5,1,12,2.15,일반,3
4044,4044. 공릉산 백세문 입구,1278,2025-06-01,2026-06-30,0.19640062597809077,0.17136150234741784,0.3982785602503912,0.10093896713615023,노원구,서울특별시 노원구 노원로 62 공릉해링턴플레이스,37.62812042,127.08548737,2021-10-07 00:00:00,4.0,QR,395,3.2354430379746835,0.8088607594936709,1,4,1,5,1,12,2.15,일반,0
4178,4178. 이수성결교회 옆,1542,2025-06-01,2026-06-30,0.08495460440985733,0.3002594033722438,0.33787289234760054,0.2237354085603113,동작구,동작구 동작동 산 28-4,37.49814987,126.98368835,2022-05-17 00:00:00,10.0,QR,395,3.9037974683544303,0.390379746835443,1,1,4,5,1,12,2.15,일반,3
927,927. 연신내역 3번출구 인근,4822,2025-06-01,2026-06-30,0.10991289921194525,0.27333056822895063,0.2588137702198258,0.2399419328079635,은평구,서울특별시 은평구 불광동 304-5 연신내역 3번출구 인근,37.61785507,126.9225235,2016-09-02 11:00:00,10.0,LCD,395,12.20759493670886,1.220759493670886,1,2,3,3,2,11,2.15,일반,3
993,993.은평뉴타운 은뜨락아파트앞,5772,2025-06-01,2026-06-30,0.14085239085239085,0.2804920304920305,0.2494802494802495,0.12664587664587665,은평구,서울특별시 은평구 진관동 235-2,37.63028717,126.91956329,2020-04-08 00:00:00,15.0,QR,395,14.612658227848101,0.9741772151898734,2,2,3,3,1,11,2.15,일반,0
5854,5854. 신한금융투자 앞,3,2026-04-26,2026-06-15,0.0,0.3333333333333333,0.6666666666666666,0.0,영등포구,여의대로 70,37.52508926,126.9240799,2022-06-09 00:00:00,26.0,QR,51,0.058823529411764705,0.002262443438914027,1,1,4,5,1,12,2.15,일반,3
709,709. 신정3동 현장민원실 앞,8152,2025-06-01,2026-06-30,0.1770117762512267,0.24116781157998038,0.2523307163886163,0.22080471050049066,양천구,서울특별시 양천구 신정동 760-2,37.51158524,126.84156036,2016-06-29 12:00:00,20.0,LCD,395,20.637974683544304,1.0318987341772152,2,3,2,3,1,11,2.15,일반,3
4153,4153. 흑석동효사정앞,3605,2025-06-01,2026-06-30,0.17753120665742025,0.2560332871012483,0.29237170596393897,0.2576976421636616,동작구,흑석동143-57,37.51120377,126.96128082,2021-02-18 00:00:00,10.0,QR,395,9.126582278481013,0.9126582278481014,1,3,2,5,1,12,2.15,일반,3
3910,3910. 목양전원교회 앞 로터리,3559,2025-06-01,2026-06-30,0.18263557178982862,0.23517842090474853,0.28434953638662547,0.20764259623489745,구로구,서울 구로구 항동 22-10,37.48389053,126.8221817,2021-05-14 00:00:00,10.0,QR,395,9.010126582278481,0.9010126582278482,1,3,2,5,1,12,2.15,일반,3
429,429. 송도병원,1105,2025-06-01,2026-06-30,0.22081447963800904,0.18552036199095023,0.3411764705882353,0.23076923076923078,중구,서울특별시 중구 다산로 59-1 송도병원,37.549888609999996,127.00734711,2018-10-22 00:00:00,8.0,LCD,395,2.7974683544303796,0.34968354430379744,1,4,1,5,1,12,2.15,일반,3
4144,4144.시립대학교 박물관 앞,5480,2025-06-01,2026-06-30,0.060218978102189784,0.3315693430656934,0.16423357664233576,0.20474452554744527,동대문구,동대문구 서울시립대로 163,37.5832634,127.05721283,2025-04-10 00:00:00,10.0,QR,395,13.873417721518987,1.3873417721518986,2,1,4,1,2,10,2.15,일반,2
859,859.남산공원 야외식물원 앞,2416,2025-06-01,2026-06-30,0.08981788079470199,0.3079470198675497,0.31415562913907286,0.2533112582781457,용산구,서울특별시 용산구 이태원동 259-16,37.54188538,126.99586487,2020-04-05 00:00:00,10.0,QR,395,6.116455696202531,0.6116455696202532,1,1,4,5,1,12,2.15,일반,3
4248,4248. 신촌 교보빌딩,3693,2025-06-01,2026-06-30,0.08583807202816139,0.32168968318440294,0.3051719469266179,0.25995125913891143,마포구,신촌로 134,37.5560112,126.94034576,2021-12-09 00:00:00,10.0,QR,395,9.349367088607595,0.9349367088607595,1,1,4,5,1,12,2.15,일반,3
1857,1857. 주공14단지,3098,2025-06-01,2026-06-30,0.41801162040025824,0.1762427372498386,0.21400903808908975,0.07295029051000645,금천구,금천구 한내로 69-54,37.46055984,126.88709259,2018-09-13 00:00:00,10.0,QR,395,7.843037974683544,0.7843037974683544,1,5,1,2,1,10,2.1,일반,0
2398,2398. 더라움,3689,2025-06-01,2026-06-30,0.1377066955814584,0.30794253185145026,0.21415017619951207,0.1799945784765519,강남구,강남구 역삼동 801-7,37.50811005,127.0394516,2018-10-30 00:00:00,10.0,LCD,395,9.339240506329114,0.9339240506329114,1,2,4,2,1,10,2.1,일반,3
2406,2406. 논현동 광명빌딩 앞,3732,2025-06-01,2026-06-30,0.03831725616291533,0.3941586280814577,0.2162379421221865,0.24464094319399785,강남구,강남구 논현동 279,37.5175705,127.02364349,2018-11-04 00:00:00,10.0,LCD,395,9.448101265822785,0.9448101265822786,1,1,5,2,1,10,2.1,일반,3
3797,3797. 마곡수명산파크7단지 710동 앞,7659,2025-06-01,2026-06-30,0.1450581015798407,0.24794359576968272,0.24219872045959,0.19858989424206816,강서구,강서구 내발산동 755,37.54857254,126.82076263,2020-12-21 00:00:00,10.0,QR,395,19.389873417721518,1.9389873417721517,2,2,2,3,2,11,2.1,일반,3
4617,4617. 동원베네스트 건너편,1681,2025-06-01,2026-06-30,0.21713265913146937,0.24211778703152886,0.2379535990481856,0.09637120761451518,용산구,서울특별시 용산구 한강로3가 37-2,37.52761078,126.95511627,2020-10-30 00:00:00,6.0,QR,395,4.255696202531645,0.7092827004219409,1,4,2,2,1,10,2.1,일반,0
2506,2506. LG유플러스 (방배사옥),1261,2025-06-01,2026-06-30,0.06423473433782712,0.38144329896907214,0.22283901665344966,0.16098334655035687,서초구,방배동 980-53,37.47909164,126.99067688,2018-09-18 00:00:00,10.0,LCD,395,3.1924050632911394,0.31924050632911394,1,1,5,2,1,10,2.1,일반,2
2825,2825.초롱타운 앞,4602,2025-06-01,2026-06-30,0.29356801390699694,0.20447631464580618,0.21468926553672316,0.14950021729682747,구로구,구로구 구로동 467-62,37.49545288,126.88039398,2020-03-03 00:00:00,10.0,QR,395,11.650632911392405,1.1650632911392405,1,5,1,2,1,10,2.1,일반,0
4419,4419. 성북구 한예종 캠퍼스 본관,5902,2025-06-01,2026-06-30,0.09352761775669265,0.26990850559132495,0.14588275160962386,0.1494408675025415,성북구,서울특별시 성북구 화랑로32길 146-37 한국예술종합학교,37.60665131,127.05618286,2022-01-17 00:00:00,6.0,QR,395,14.941772151898734,2.490295358649789,2,1,3,1,3,10,2.1,일반,2
3781,3781. 강서아동복지센터,1072,2025-06-01,2026-06-30,0.11194029850746269,0.30223880597014924,0.23600746268656717,0.0625,강서구,금낭화로26가길 130,37.58458328,126.81092072,2020-11-10 00:00:00,12.0,QR,395,2.713924050632911,0.2261603375527426,1,2,4,2,1,10,2.1,일반,2
2625,2625.가락종합 사회복지관,3145,2025-06-01,2026-06-30,0.32368839427662954,0.20604133545310016,0.2314785373608903,0.09252782193958664,송파구,양재대로 925,37.495536799999996,127.10720062,2020-01-20 00:00:00,15.0,QR,395,7.962025316455696,0.5308016877637131,1,5,1,2,1,10,2.1,일반,0
4247,4247. 서울서부지방법원등기국앞,4529,2025-06-01,2026-06-30,0.20953852947670568,0.24862000441598586,0.23581364539633473,0.1481563258997571,마포구,서울서부지방법원등기국앞,37.55184937,126.95478058,2021-12-09 00:00:00,10.0,QR,395,11.465822784810127,1.1465822784810127,1,4,2,2,1,10,2.1,일반,0
2064,2064. 흑석한강푸르지오 106동앞,575,2025-06-02,2026-06-30,0.36,0.17565217391304347,0.21391304347826087,0.22260869565217392,동작구,서울특별시 동작구 흑석한강로 27,37.50535583,126.96617889,2017-12-22 14:37:44,10.0,LCD,394,1.4593908629441625,0.14593908629441626,1,5,1,2,1,10,2.1,일반,0
2065,2065. 서울시여성가족재단,3748,2025-06-01,2026-06-30,0.2017075773745998,0.24733191035218782,0.22812166488794022,0.19823906083244397,동작구,서울특별시 동작구 여의대방로54길 18,37.51198959,126.92708588,2017-12-22 14:38:37,10.0,LCD,395,9.48860759493671,0.948860759493671,1,4,2,2,1,10,2.1,일반,0
608,608. 전농삼성아파트,3499,2025-06-01,2026-06-30,0.27007716490425837,0.19834238353815375,0.23206630465847386,0.18662474992855102,동대문구,서울특별시 동대문구 전농로 192 전농삼성아파트,37.58131027,127.05534363,2016-06-29 12:00:00,10.0,LCD,395,8.858227848101265,0.8858227848101266,1,5,1,2,1,10,2.1,일반,0
422,422. 문화비축기지,4469,2025-06-01,2026-06-30,0.06354889236965765,0.27567688520921907,0.4526739762810472,0.1091966882971582,마포구,서울특별시 마포구 증산로 87,37.56897736,126.89440155,2017-08-28 17:51:06,9.0,QR,395,11.313924050632911,1.2571026722925458,1,1,3,5,2,12,2.1,일반,3
347,347. 동대문역사문화공원역 9번출구 앞,8639,2025-06-01,2026-06-30,0.08415325847899062,0.29135316587568005,0.2441254774858201,0.2782729482579002,중구,서울특별시 중구 장충단로 지하230 동대문역사문화공원역 9번출구 앞,37.56533051,127.00784302,2015-10-07 12:37:16,18.0,QR,395,21.870886075949368,1.2150492264416315,2,1,3,3,2,11,2.1,일반,3
1418,1418. 새솔초등학교,2084,2025-06-01,2026-06-30,0.2821497120921305,0.1645873320537428,0.23848368522072938,0.0974088291746641,중랑구,서울특별시 중랑구 신내역로1길 164 새솔초등학교,37.61743927,127.10901642,2017-04-26 15:04:25,10.0,LCD,395,5.275949367088607,0.5275949367088607,1,5,1,2,1,10,2.1,일반,0
3932,3932. 개봉센트레빌레우스아파트 앞,4081,2025-06-01,2026-06-30,0.2695417789757412,0.21293800539083557,0.22984562607204118,0.1222739524626317,구로구,구로구 개봉동 416-285,37.49752045,126.85295105,2023-03-24 00:00:00,10.0,QR,395,10.331645569620253,1.0331645569620254,1,5,1,2,1,10,2.1,일반,0
1736,1736. 버스정류장 앞,6086,2025-06-01,2026-06-30,0.09480775550443642,0.28195859349326324,0.2541899441340782,0.22280644101215905,도봉구,서울특별시 도봉구 도봉로 528 버스정류장 앞,37.65224075,127.0370636,2018-10-27 00:00:00,12.0,LCD,395,15.407594936708861,1.2839662447257385,2,1,3,3,2,11,2.1,일반,3
4240,4240. 아현문화건강센터,3428,2025-06-01,2026-06-30,0.2780046674445741,0.2147024504084014,0.2310385064177363,0.07380396732788798,마포구,서울시 마포구 아현동 645-14,37.55235291,126.95147705,2021-10-28 00:00:00,8.0,QR,395,8.678481012658228,1.0848101265822785,1,5,1,2,1,10,2.1,일반,0
5778,5778. 북위례3,5523,2025-06-01,2026-06-30,0.14104653268151368,0.24769147202607278,0.3065363027340214,0.23863842114792685,송파구,송파구 거여동 657-12,37.48884964,127.15699768,2023-10-24 00:00:00,15.0,QR,395,13.982278481012658,0.9321518987341773,2,2,2,5,1,12,2.1,일반,3
2096,2096.서울특별시 동작관악교육지원청,1132,2025-06-08,2026-06-30,0.33127208480565373,0.2234982332155477,0.2146643109540636,0.09098939929328621,동작구,동작구 상도2동175-1,37.50251389,126.94065094,2020-04-30 00:00:00,8.0,QR,388,2.917525773195876,0.3646907216494845,1,5,1,2,1,10,2.1,일반,0
2545,2545.국립중앙도서관(국제회의장옆),4800,2025-06-01,2026-06-30,0.04041666666666666,0.410625,0.22375,0.04729166666666667,서초구,반포동 산60-1,37.49721146,127.00427246,2020-02-21 00:00:00,15.0,QR,395,12.151898734177216,0.8101265822784811,1,1,5,2,1,10,2.1,일반,2
2092,2092.흑석한강푸르지오(110동),3833,2025-06-01,2026-06-30,0.2606313592486303,0.1946256196190973,0.23636837985911818,0.17818940777458908,동작구, 동작구 흑석동 336-7,37.50311279,126.96471405,2020-04-24 00:00:00,10.0,QR,395,9.70379746835443,0.970379746835443,1,5,1,2,1,10,2.1,일반,0
4428,4428.돈암동부센트레빌상가,4472,2025-06-11,2026-06-30,0.09704830053667263,0.26565295169946335,0.3088103756708408,0.2466457960644007,성북구,성북구 정릉로 388,37.60254669,127.02561951,2025-06-11 00:00:00,7.0,QR,385,11.615584415584415,1.659369202226345,1,1,3,5,2,12,2.1,일반,3
1761,1761.방학중학교 앞,3693,2025-06-01,2026-06-30,0.24722447874356893,0.21527213647441104,0.2404549147034931,0.15732466829136205,도봉구,서울특별시 도봉구 시루봉로 188 방학중학교,37.66562271,127.03108978,2020-03-21 00:00:00,10.0,QR,395,9.349367088607595,0.9349367088607595,1,5,1,2,1,10,2.1,일반,0
2363,2363. 강남 을지병원 교차로,3798,2025-06-01,2026-06-30,0.0573986308583465,0.36598209583991576,0.23275408109531331,0.25697735650342285,강남구,서울특별시 강남구 도산대로 172 ,37.51913834,127.02751923,2017-11-01 16:00:00,15.0,LCD,395,9.615189873417721,0.641012658227848,1,1,5,2,1,10,2.1,일반,3
1715,1715. 서울특별시교육청도봉도서관,7925,2025-06-01,2026-06-30,0.10511041009463723,0.2768454258675079,0.33198738170347003,0.19697160883280757,도봉구,서울특별시 도봉구 삼양로556 서울특별시교육청도봉도서관,37.65317917,127.01278687,2017-11-01 16:00:00,20.0,LCD,395,20.063291139240505,1.0031645569620253,2,1,3,5,1,12,2.1,일반,3
2286,2286. 탑성마을입구,320,2025-06-02,2026-06-29,0.3125,0.203125,0.215625,0.26875,서초구,서울특별시 서초구 탑성말길 2,37.4585495,127.05588531,2017-11-28 11:47:26,7.0,LCD,393,0.8142493638676844,0.11632133769538348,1,5,1,2,1,10,2.1,일반,0
3688,3688. 상일동산(동아아파트앞 교차로),3686,2025-06-01,2026-06-30,0.20645686380900705,0.2634291915355399,0.22978838849701574,0.15328269126424307,강동구,강동구 상일동 183-4,37.54581833,127.16688538,2021-06-01 00:00:00,10.0,QR,395,9.331645569620253,0.9331645569620253,1,4,2,2,1,10,2.1,일반,0
1713,1713. 쌍문동 이안아파트 앞,7736,2025-06-01,2026-06-30,0.14594105480868666,0.24133919338159254,0.26034126163391935,0.1937693898655636,도봉구,서울특별시 도봉구 쌍문동 315-488,37.65165329,127.02848816,2019-07-01 00:00:00,10.0,LCD,395,19.58481012658228,1.958481012658228,2,2,2,3,2,11,2.1,일반,3
1864,1864.산호시티빌 옆,3931,2025-06-01,2026-06-30,0.2528618672093615,0.2302213177308573,0.2403968455863648,0.23505469346222335,금천구,시흥대로 251 옆,37.45652008,126.89955139,2020-02-26 00:00:00,15.0,QR,395,9.951898734177215,0.6634599156118143,1,5,1,2,1,10,2.1,일반,0
4058,4058. 다락원체육공원 전망대 입구,5865,2025-06-01,2026-06-30,0.06121057118499574,0.2956521739130435,0.3476555839727195,0.23478260869565218,도봉구,서울특별시 도봉구 도봉구 도봉동 1-22,37.69101334,127.04916382,2021-03-02 00:00:00,15.0,QR,395,14.848101265822784,0.9898734177215189,2,1,3,5,1,12,2.1,일반,3
1453,1453. 중랑캠핑숲,1856,2025-06-01,2026-06-30,0.2548491379310345,0.21390086206896552,0.23275862068965517,0.12015086206896551,중랑구,서울특별시 중랑구 송림길 172 중랑캠핑숲,37.60460281,127.10925293,2017-12-22 14:23:42,9.0,LCD,395,4.69873417721519,0.5220815752461322,1,5,1,2,1,10,2.1,일반,0
3418,3418.창신역2번 출구,2242,2025-06-01,2026-06-30,0.29482604817127567,0.17484388938447815,0.23862622658340768,0.23951828724353255,종로구,서울특별시 종로구 창신동 1-105,37.57998657,127.01506042,2020-02-03 00:00:00,10.0,QR,395,5.675949367088608,0.5675949367088607,1,5,1,2,1,10,2.1,일반,0
2310,2310. 청담동 맥도날드 옆(위치),3605,2025-06-01,2026-06-30,0.06546463245492372,0.37142857142857144,0.231622746185853,0.3104022191400832,강남구,서울특별시 강남구 학동로 지하 508,37.52361298,127.04017639,2017-06-13 10:42:56,10.0,LCD,395,9.126582278481013,0.9126582278481014,1,1,5,2,1,10,2.1,일반,3
1053,1053. 동명근린공원 진입로 (아리수로),2993,2025-06-01,2026-05-01,0.21416638823922485,0.2649515536251253,0.22886735716672235,0.20347477447377213,강동구,고덕동 230,37.56254578,127.16448212,2018-09-03 00:00:00,11.0,"LCD,QR",335,8.934328358208955,0.8122116689280868,1,4,2,2,1,10,2.1,일반,0
3401,3401.창신두산아파트,2039,2025-06-01,2026-06-30,0.42864149092692494,0.21284943599803827,0.22903384011770475,0.06473761647866601,종로구,서울특별시 종로구 지봉로5길 7 두산아파트,37.57376099,127.0139389,2020-06-11 00:00:00,10.0,QR,395,5.162025316455696,0.5162025316455696,1,5,1,2,1,10,2.1,일반,0
3674,3674. 강동리버스트7단지,4087,2025-06-01,2026-06-30,0.257646195253242,0.1886469292879863,0.2297528749694152,0.21556153657939808,강동구,아리수로93가길 70,37.57073975,127.17215729,2021-04-14 00:00:00,10.0,QR,395,10.346835443037975,1.0346835443037974,1,5,1,2,1,10,2.1,일반,0
2257,2257. 청계산 입구 삼거리,2048,2025-06-01,2026-06-30,0.05810546875,0.51806640625,0.2236328125,0.11181640625,서초구,서울특별시 서초구 청계산로 10,37.46268845,127.04611206,2017-06-01 10:48:52,10.0,LCD,395,5.184810126582279,0.5184810126582279,1,1,5,2,1,10,2.1,일반,2
2249,2249. 우솔초등학교 맞은편,2837,2025-06-01,2026-06-30,0.34402537892139584,0.22629538244624603,0.23722241804723299,0.0824814945364822,서초구,서울특별시 서초구 양재대로2길 74,37.45623398,127.01934814,2017-06-22 13:56:18,10.0,LCD,395,7.182278481012658,0.7182278481012658,1,5,1,2,1,10,2.1,일반,0
1101,1101. 상사마을 버스정류장(아라대교방면),2236,2025-06-01,2026-06-30,0.20125223613595708,0.25983899821109124,0.21511627906976744,0.17844364937388194,강서구,서울특별시 강서구 개화동로5길 3-8,37.58161163,126.79859924,2017-04-24 09:24:49,10.0,LCD,395,5.660759493670886,0.5660759493670886,1,4,2,2,1,10,2.1,일반,0
2248,2248. 서초리슈빌S 글로벌 앞,2965,2025-06-01,2026-06-30,0.3318718381112985,0.20236087689713322,0.2178752107925801,0.1784148397976391,서초구,서울특별시 서초구 양재대로2길 8,37.45995331,127.02474213,2017-06-27 15:31:47,10.0,LCD,395,7.506329113924051,0.7506329113924051,1,5,1,2,1,10,2.1,일반,0
5305,5305. 대륜E&S 서울지사 앞,7512,2025-06-01,2026-06-30,0.17558572949946752,0.21645367412140576,0.24893503727369543,0.1554845580404686,노원구,서울특별시 노원구 덕릉로70길 64,37.64255524,127.06038666,2022-05-16 00:00:00,10.0,QR,395,19.01772151898734,1.901772151898734,2,3,1,3,2,11,2.1,일반,0
3611,3611. 방죽마을 입구,4890,2025-06-01,2026-06-30,0.23721881390593047,0.23394683026584867,0.21779141104294478,0.19591002044989775,강남구,율현동 264-5,37.47123337,127.10721588,2021-02-23 00:00:00,16.0,QR,395,12.379746835443038,0.7737341772151899,1,4,2,2,1,10,2.1,일반,0
3116,3116.신촌역 4번출구,7136,2025-06-01,2026-06-30,0.10748318385650224,0.2861547085201794,0.257847533632287,0.3061939461883408,서대문구,창천동 30-16,37.55550385,126.93720245,2020-04-05 00:00:00,10.0,QR,395,18.065822784810127,1.8065822784810126,2,1,3,3,2,11,2.1,일반,3
1038,1038. 강일 다솜 어린이 공원,3788,2025-06-01,2026-06-30,0.20353748680042238,0.24736008447729674,0.24049630411826822,0.12592397043294615,강동구,서울특별시 강일동 333-2,37.56863785,127.17480469,2017-11-01 16:00:00,10.0,LCD,395,9.589873417721519,0.9589873417721518,1,4,2,2,1,10,2.1,일반,0
3766,3766. 강서문화센터,2622,2025-06-01,2026-06-30,0.38100686498855835,0.15980167810831428,0.22807017543859648,0.14759725400457666,강서구,화곡로215,37.54457855,126.84378052,2020-11-24 00:00:00,10.0,QR,395,6.637974683544304,0.6637974683544303,1,5,1,2,1,10,2.1,일반,0
2350,2350. 래미안그레이튼102동앞,3209,2025-06-01,2026-06-30,0.13773761296354003,0.31318167653474605,0.21782486755998753,0.22873169211592395,강남구,서울특별시 강남구 선릉로69길 19,37.49482346,127.04790497,2017-08-21 19:38:47,9.0,LCD,395,8.124050632911393,0.9026722925457104,1,2,4,2,1,10,2.1,일반,3
4776,4776. 신세계면세점,4025,2025-06-01,2026-06-30,0.06956521739130435,0.3937888198757764,0.21614906832298136,0.14062111801242236,중구,서울특별시 중구 충무로1가 54-2,37.56027603,126.98139191,2020-10-19 00:00:00,10.0,QR,395,10.189873417721518,1.0189873417721518,1,1,5,2,1,10,2.1,일반,2
1200,1200. 개화광역환승센터,4238,2025-06-01,2026-06-30,0.09485606418121756,0.3725814063237376,0.2173194903256253,0.1979707409155262,강서구,강서구 개화동 492-22,37.57844925,126.79897308,2018-12-14 00:00:00,10.0,LCD,395,10.729113924050633,1.0729113924050633,1,1,5,2,1,10,2.1,일반,2
2284,2284. CJ오쇼핑앞,1699,2025-06-01,2026-06-30,0.051206592113007654,0.43378457916421426,0.22601530311948204,0.11183048852266039,서초구,서울특별시 서초구 과천대로 870-13,37.4681015,126.98680115,2017-11-28 11:45:53,15.0,LCD,395,4.30126582278481,0.28675105485232066,1,1,5,2,1,10,2.1,일반,2
424,424. 롯데하이마트 (상암월드컵점) ,5067,2025-06-01,2026-06-30,0.10400631537398855,0.3262285375962108,0.26840339451351886,0.2991908427077166,마포구,서울특별시 상암동 1715-29,37.57361984,126.8980484,2017-11-01 16:00:00,15.0,LCD,395,12.827848101265824,0.8551898734177216,1,1,4,4,1,11,2.0500000000000003,일반,3
1347,1347. 길음래미안아파트817동 상가 앞,3853,2025-06-01,2026-06-30,0.20814949390085646,0.18660783804827408,0.2748507656371659,0.25330910978458343,성북구,서울특별시 성북구 길음로 33 길음래미안아파트817동 상가 앞,37.60710526,127.02149963,2017-11-13 09:27:13,10.0,LCD,395,9.754430379746836,0.9754430379746836,1,4,1,4,1,11,2.0500000000000003,일반,3
410,410. 상암중학교 옆,3321,2025-06-01,2026-06-30,0.12405901836796146,0.2845528455284553,0.2704004817825956,0.18909966877446552,마포구,서울특별시 마포구 상암동 1691,37.57739258,126.88747406,2015-10-07 11:40:22,10.0,QR,395,8.407594936708861,0.8407594936708861,1,2,3,4,1,11,2.0500000000000003,일반,3
2425,2425.세곡동 사거리(대왕초등학교 정류장),3037,2025-06-01,2026-06-30,0.16298979255844584,0.2601251234771156,0.2637471188673033,0.2123806387882779,강남구,헌릉로618길 8,37.46461868,127.10684967,2020-02-18 00:00:00,20.0,QR,395,7.688607594936709,0.38443037974683547,1,3,2,4,1,11,2.0500000000000003,일반,3
4536,4536. 양천해누리체육공원,14957,2025-06-01,2026-06-30,0.11265628133984087,0.14535000334291637,0.1308417463395066,0.03724008825299191,양천구,"양천구 안양천로 711
(주출입구 좌측)",37.51174164,126.8738327,2021-11-09 00:00:00,23.0,QR,395,37.86582278481013,1.6463401210787012,4,2,1,1,2,10,2.0500000000000003,일반,0
953,953. 서울연신초등학교,4340,2025-06-01,2026-06-30,0.17995391705069125,0.24838709677419354,0.2794930875576037,0.2029953917050691,은평구,서울특별시 불광동 73-1번지 서울연신초등학교,37.6257782,126.92881775,2017-11-01 16:00:00,10.0,LCD,395,10.987341772151899,1.09873417721519,1,3,2,4,1,11,2.0500000000000003,일반,3
4942,4942.율현삼거리,1765,2025-10-28,2026-06-30,0.056657223796033995,0.3104815864022663,0.2696883852691218,0.17223796033994335,강남구,강남구 헌릉로 747,37.46805573,127.12036133,2025-10-27 00:00:00,10.0,QR,246,7.17479674796748,0.717479674796748,1,1,4,4,1,11,2.0500000000000003,일반,3
4454,4454. 위례 포레샤인 1809동 부근,3332,2025-06-01,2026-06-30,0.20468187274909963,0.19417767106842737,0.27941176470588236,0.21758703481392558,송파구,거여동 274,37.48687744,127.1526947,2021-01-22 00:00:00,15.0,QR,395,8.435443037974684,0.5623628691983122,1,4,1,4,1,11,2.0500000000000003,일반,0
2129,2129. 낙성대 과학전시관,3087,2025-06-01,2026-06-30,0.09070294784580499,0.31875607385811466,0.26822157434402333,0.1733074182053774,관악구,서울특별시 관악구 낙성대로 101,37.46905518,126.95814514,2017-05-26 09:52:59,10.0,LCD,395,7.815189873417721,0.7815189873417722,1,1,4,4,1,11,2.0500000000000003,일반,3
4611,4611. 국제루터교회 앞,2281,2025-06-01,2026-06-30,0.09688733011836914,0.33625602805786936,0.2626041209995616,0.23498465585269618,용산구,서울특별시 용산구 한남대로 148,37.54143906,127.00376129,2020-10-29 00:00:00,10.0,QR,395,5.774683544303797,0.5774683544303797,1,1,4,4,1,11,2.0500000000000003,일반,3
4158,4158. 노량진근린공원,2265,2025-06-01,2026-06-30,0.223841059602649,0.20309050772626933,0.26666666666666666,0.16909492273730684,동작구,여의대방로36길71,37.50680542,126.92850494,2021-02-18 00:00:00,10.0,QR,395,5.734177215189874,0.5734177215189874,1,4,1,4,1,11,2.0500000000000003,일반,0
2351,2351. 청소년수련관(수영장)앞,4065,2025-06-01,2026-06-30,0.15768757687576876,0.25731857318573187,0.2649446494464945,0.13899138991389914,강남구,서울특별시 강남구 광평로 144,37.48387909,127.0890274,2017-08-01 12:04:03,11.0,LCD,395,10.291139240506329,0.9355581127733026,1,3,2,4,1,11,2.0500000000000003,일반,0
3648,3648. 구룡역 4번 출구,1609,2025-06-01,2026-06-30,0.10876320696084525,0.3213175885643257,0.2809198259788689,0.16718458669981354,강남구,개포동 156-17,37.48670578,127.0605011,2021-10-01 00:00:00,5.0,QR,395,4.073417721518988,0.8146835443037975,1,1,4,4,1,11,2.0500000000000003,일반,3
974,974.연신초등학교옆 마을마당,2059,2025-06-01,2026-06-30,0.23360854783875667,0.22875182127246235,0.2773190869354055,0.15347255949490043,은평구,서울특별시 은평구 불광동 70-1,37.62672043,126.92901611,2020-04-09 00:00:00,10.0,QR,395,5.2126582278481015,0.5212658227848102,1,4,1,4,1,11,2.0500000000000003,일반,0
4668,4668. 기자촌사거리 B,3682,2025-06-01,2026-06-30,0.14312873438348722,0.2870722433460076,0.28028245518739814,0.14774579033134166,은평구,서울특별시 은평구 진관2로,37.63390732,126.93177795,2021-03-17 00:00:00,10.0,QR,395,9.321518987341772,0.9321518987341773,1,2,3,4,1,11,2.0500000000000003,일반,3
3101,3101. 서대문구청,4561,2025-06-01,2026-06-30,0.11839508879631659,0.2742819557114668,0.261346196009647,0.15281736461302345,서대문구,서울특별시 서대문구 연희로 242,37.57838058,126.93609619,2017-11-01 16:00:00,15.0,LCD,395,11.546835443037974,0.7697890295358649,1,2,3,4,1,11,2.0500000000000003,일반,3
3100,3100. 북성초교,2927,2025-06-01,2026-06-30,0.15237444482405194,0.254526819268876,0.267509395285275,0.26443457464981207,서대문구,서울특별시 서대문구 신촌로 235-1,37.55739594,126.9521637,2017-11-01 16:00:00,8.0,LCD,395,7.410126582278481,0.9262658227848102,1,3,2,4,1,11,2.0500000000000003,일반,3
1037,1037. 강일리버파크 6단지,2847,2025-06-01,2026-06-30,0.22690551457674746,0.18932209343168246,0.2711626273270109,0.13031260976466455,강동구,서울특별시 강일동 448-2,37.56256485,127.1776123,2017-11-01 16:00:00,10.0,LCD,395,7.207594936708861,0.7207594936708861,1,4,1,4,1,11,2.0500000000000003,일반,0
3714,3714. 송천센트레빌,1803,2025-06-01,2026-06-30,0.201885745978924,0.19190238491403216,0.2789794786466999,0.24292845257903495,강북구,서울특별시 강북구 미아동 461-4,37.61220932,127.02497864,2020-11-04 00:00:00,10.0,QR,395,4.564556962025317,0.4564556962025317,1,4,1,4,1,11,2.0500000000000003,일반,3
3703,3703. 삼양입구사거리,3400,2025-06-01,2026-06-30,0.2088235294117647,0.21794117647058822,0.2676470588235294,0.24911764705882353,강북구,서울특별시 강북구 솔샘로 326 대한예수교장로회 신성교회,37.61708832,127.02809906,2020-11-04 00:00:00,10.0,QR,395,8.60759493670886,0.860759493670886,1,4,1,4,1,11,2.0500000000000003,일반,3
3806,3806. 낙성대 교수아파트,2562,2025-06-01,2026-06-30,0.11358313817330211,0.29547228727556596,0.2697111631537861,0.17486338797814208,관악구,낙성대로101 맞은편,37.46895981,126.95765686,2021-02-01 00:00:00,10.0,QR,395,6.4860759493670885,0.6486075949367088,1,2,3,4,1,11,2.0500000000000003,일반,3
5766,5766. 북위례1,4499,2025-06-01,2026-06-30,0.21226939319848856,0.21871527006001334,0.27983996443654147,0.20515670148921983,송파구,송파구 거여동 657-12,37.48693085,127.15364838,2022-12-23 00:00:00,15.0,QR,395,11.38987341772152,0.7593248945147679,1,4,1,4,1,11,2.0500000000000003,일반,0
4672,4672. 준빌딩 앞,2694,2025-06-01,2026-06-30,0.15961395694135114,0.24536005939123978,0.2728285077951002,0.25278396436525613,은평구,진관2로,37.62205124,126.91958618,2021-03-17 00:00:00,10.0,QR,395,6.820253164556962,0.6820253164556962,1,3,2,4,1,11,2.0500000000000003,일반,3
2808,2808.항동지구 2단지 202동 앞,1988,2025-06-01,2026-06-30,0.16247484909456741,0.2625754527162978,0.2761569416498994,0.22283702213279677,구로구,구로구 항동 113-1,37.48080826,126.82190704,2020-02-28 00:00:00,10.0,QR,395,5.0329113924050635,0.5032911392405064,1,3,2,4,1,11,2.0500000000000003,일반,3
4883,4883. 위례포레샤인18단지 1812동,2757,2025-06-01,2026-06-30,0.21907870874138557,0.2136380123322452,0.26550598476605003,0.15669205658324264,송파구,송파구 거여동 657-12,37.48714828,127.15328217,2021-09-30 00:00:00,10.0,QR,395,6.979746835443038,0.6979746835443038,1,4,1,4,1,11,2.0500000000000003,일반,0
1058,1058. 고덕숲 아이파크 1,3696,2025-06-01,2026-06-30,0.22754329004329005,0.21428571428571427,0.2713744588744589,0.17045454545454544,강동구,상일동 133,37.55348206,127.16505432,2018-09-10 00:00:00,12.0,LCD,395,9.356962025316456,0.779746835443038,1,4,1,4,1,11,2.0500000000000003,일반,0
397,397. 종묘공영주차장 건너편,4396,2025-06-01,2026-06-30,0.06505914467697907,0.3039126478616925,0.2816196542311192,0.20154686078252956,종로구,서울특별시 종로구 종로 지하 200 종묘공영주차장 건너편,37.57048035,126.99663544,2018-04-30 11:16:05,13.0,LCD,395,11.129113924050634,0.8560856864654334,1,1,4,4,1,11,2.0500000000000003,일반,3
3878,3878. 장로회신학대학교 주기철 기념관,762,2025-06-01,2026-06-29,0.04068241469816273,0.3123359580052493,0.2782152230971129,0.07874015748031496,광진구,서울특별시 광진구 광장로5길 25-1 장로회신학대학교,37.54983902,127.10302734,2020-12-14 00:00:00,15.0,QR,394,1.9340101522842639,0.12893401015228426,1,1,4,4,1,11,2.0500000000000003,일반,2
1504,1504. 삼양시장오거리,2915,2025-06-01,2026-06-30,0.12281303602058319,0.26826758147512864,0.2686106346483705,0.30566037735849055,강북구,서울특별시 강북구 삼양로 234 다이소 삼양시장점,37.62415695,127.01862335,2017-05-11 09:24:36,10.0,LCD,395,7.379746835443038,0.7379746835443038,1,2,3,4,1,11,2.0500000000000003,일반,3
5852,5852. 대림동현대2차 201동 앞,3261,2025-06-01,2026-06-30,0.1922723091076357,0.22447102115915363,0.26310947562097514,0.17571297148114076,영등포구,영등포구 대림동 640-2,37.50300598,126.89382935,2022-02-08 00:00:00,7.0,QR,395,8.255696202531645,1.179385171790235,1,4,1,4,1,11,2.0500000000000003,일반,0
3902,3902. 항동지구5단지 501동 앞,2902,2025-06-01,2026-06-30,0.2346657477601654,0.21984838042729152,0.27842866988283943,0.11819434872501723,구로구,서울 구로구 항동 140-2,37.47819901,126.82487488,2020-11-02 00:00:00,16.0,QR,395,7.346835443037975,0.4591772151898734,1,4,1,4,1,11,2.0500000000000003,일반,0
2174,2174. 삼성디지털프라자관악점,6599,2025-06-01,2026-06-30,0.1016820730413699,0.23352023033792998,0.29216547961812395,0.2997423852098803,관악구,서울특별시 관악구 신림로 386,37.48856354,126.92848206,2017-11-28 10:26:24,10.0,LCD,395,16.70632911392405,1.670632911392405,2,1,2,5,2,12,2.05,일반,3
4396,4396. 마장축산물시장 서문 인근,5187,2025-06-01,2026-06-30,0.1945247734721419,0.22749180643917485,0.217852323115481,0.20763447079236552,성동구,성동구 고산자로 332,37.56911469,127.03754425,2024-08-23 00:00:00,8.0,QR,395,13.131645569620254,1.6414556962025317,1,4,1,2,2,10,2.05,일반,0
713,713. 양서중학교 옆,8863,2025-06-01,2026-06-30,0.2385196885930272,0.2203542818458761,0.2178720523524766,0.1962089585918989,양천구,서울특별시 양천구 신월동 790,37.53304672,126.82995605,2016-06-29 12:00:00,20.0,QR,395,22.437974683544304,1.1218987341772153,2,4,1,2,1,10,2.05,일반,0
2164,2164. 관악우체국,8511,2025-06-01,2026-06-30,0.1325343672893902,0.22359299729761486,0.25884149923628247,0.35941722476794735,관악구,서울특별시 관악구 남부순환로 1641,37.48476791,126.93287659,2017-11-28 10:19:47,8.0,LCD,395,21.546835443037974,2.6933544303797468,2,2,1,3,3,11,2.05,일반,3
839,839. 보광동 삼성리버빌아파트 앞,7366,2025-06-01,2026-06-30,0.13548737442302472,0.22766766223187618,0.290931306000543,0.186532717893022,용산구,서울특별시 용산구 보광로5길 40 보광동 삼성리버빌아파트 앞,37.5240097,127.00144958,2018-12-14 00:00:00,10.0,LCD,395,18.648101265822785,1.8648101265822785,2,2,1,5,2,12,2.05,일반,3
4827,4827. 신내SK V1센터 앞,3614,2025-06-01,2026-06-30,0.08688433868289984,0.5747094631986718,0.10680686220254565,0.045932484781405644,중랑구,서울특별시 중랑구 중랑구 신내역로 111,37.612724299999996,127.11306,2021-09-23 00:00:00,20.0,QR,395,9.149367088607596,0.4574683544303798,1,1,5,1,1,9,2.0,일반,2
4772,4772. 중앙일보,1685,2025-06-02,2026-06-30,0.05934718100890208,0.5364985163204747,0.10623145400593471,0.1258160237388724,중구,서울특별시 중구 서소문동58-6,37.56253433,126.97249603,2020-10-05 00:00:00,10.0,QR,394,4.276649746192893,0.4276649746192893,1,1,5,1,1,9,2.0,일반,2
2287,2287. 능안마을입구,606,2025-06-01,2026-06-30,0.04950495049504951,0.42244224422442245,0.08250825082508251,0.09570957095709572,서초구,서울특별시 서초구 능안말길 1-2,37.45561981,127.06710052,2017-11-28 11:48:08,10.0,LCD,395,1.5341772151898734,0.15341772151898733,1,1,5,1,1,9,2.0,일반,2
3305,3305.낙성대역 8번 출구,4,2026-03-03,2026-05-01,0.0,0.75,0.0,0.25,관악구,남부순환로 1939,37.47677612,126.96486664,2020-04-29 00:00:00,10.0,QR,60,0.06666666666666667,0.006666666666666666,1,1,5,1,1,9,2.0,일반,2
3532,3532. 왕십리KCC스위첸아파트,3139,2025-06-01,2026-06-30,0.4026760114686206,0.1213762344695763,0.18381650207072317,0.07550175215036636,성동구,서울특별시 성동구 무학봉길 35 왕십리KCC스위첸아파트,37.56068039,127.02677917,2018-10-24 00:00:00,9.0,LCD,395,7.946835443037974,0.8829817158931083,1,5,1,1,1,9,2.0,일반,0
3427,3427.인왕산 아이파크 정문,3195,2025-06-01,2026-06-30,0.38466353677621284,0.210641627543036,0.19217527386541472,0.14115805946791862,종로구,서울특별시 종로구 무악동 60-5,37.57666779,126.95584869,2020-02-13 00:00:00,8.0,QR,395,8.08860759493671,1.0110759493670887,1,5,1,1,1,9,2.0,일반,0
1377,1377. 한국과학기술연구원 북문,3183,2025-06-01,2026-06-30,0.07854225573358467,0.4539742381401194,0.13886270813697768,0.15488532830662896,성북구,서울특별시 성북구 화랑로14길 5 한국과학기술연구원 후문,37.60418701,127.04549408,2019-05-21 00:00:00,10.0,LCD,395,8.058227848101266,0.8058227848101266,1,1,5,1,1,9,2.0,일반,2
1376,1376. 한국과학기술연구원 중문,3151,2025-06-01,2026-06-30,0.014915899714376388,0.4677880038083148,0.0952078705172961,0.10663281497937163,성북구,서울특별시 성북구 화랑로14길 5 한국과학기술연구원 정문,37.59730911,127.0437851,2019-05-21 00:00:00,7.0,QR,395,7.977215189873418,1.1396021699819168,1,1,5,1,1,9,2.0,일반,2
138,138. 신촌동 제1공영주차장 앞,5871,2025-06-01,2026-06-30,0.1825924033384432,0.2171691364333163,0.23471299608243912,0.26009197751660706,서대문구,서울특별시 서대문구 증가로 264,37.5591774,126.93452454,2015-09-07 10:45:33,10.0,QR,395,14.863291139240506,1.4863291139240506,2,3,1,2,2,10,2.0,일반,3
469,469.회현역 1번출구,4322,2025-06-01,2026-06-30,0.16173068024062934,0.2947709393799167,0.1839426191577973,0.15941693660342435,중구,서울특별시 중구 퇴계로 72 리더스뷰남산,37.5592308,126.98014069,2020-01-31 00:00:00,11.0,QR,395,10.941772151898734,0.9947065592635213,1,3,3,1,1,9,2.0,일반,2
3605,3605. 봉은사역6번출구(현대아이파크타워앞),5,2025-11-07,2026-02-27,0.0,0.6,0.0,0.2,강남구,삼성동160,37.51390839,127.06072998,2021-02-23 00:00:00,10.0,QR,113,0.04424778761061947,0.004424778761061947,1,1,5,1,1,9,2.0,일반,2
2226,2226. 신동아럭스빌아파트 앞,3429,2025-06-01,2026-06-30,0.09798775153105861,0.4657334499854185,0.20180810731991836,0.08486439195100612,서초구,서울특별시 서초구 방배로1길 9,37.47518158,127.00138855,2017-06-01 10:26:12,10.0,LCD,395,8.681012658227848,0.8681012658227848,1,1,5,1,1,9,2.0,일반,2
3426,3426.독립문역 2번출구 뒤,3927,2025-06-01,2026-06-30,0.42245989304812837,0.17316017316017315,0.2055003819709702,0.16475681181563534,종로구,서울특별시 종로구 무악동 32-3,37.57501602,126.95755005,2020-02-11 00:00:00,10.0,QR,395,9.941772151898734,0.9941772151898733,1,5,1,1,1,9,2.0,일반,0
1863,1863.위너스 스포츠클럽 골프연습장옆,4213,2025-06-01,2026-06-30,0.3724187040113933,0.1523854735342986,0.17422264419653455,0.17161167813909328,금천구,시흥대로 302 옆,37.46053696,126.89860535,2020-02-24 00:00:00,9.0,QR,395,10.665822784810127,1.1850914205344585,1,5,1,1,1,9,2.0,일반,0
4760,4760. 서울역 7번출구,1755,2025-06-01,2026-06-30,0.09344729344729345,0.3789173789173789,0.16011396011396012,0.1225071225071225,중구,서울특별시 중구 남대문로5가 84-11,37.55664444,126.97364044,2020-10-26 00:00:00,10.0,QR,395,4.443037974683544,0.4443037974683544,1,1,5,1,1,9,2.0,일반,2
2347,2347. 두산건설 본사,4017,2025-06-01,2026-06-30,0.08314662683594723,0.43539955190440627,0.1593228777694797,0.1219815782922579,강남구,서울특별시 강남구 언주로 726,37.518638609999996,127.03540039,2017-08-22 10:45:48,11.0,LCD,395,10.169620253164556,0.9245109321058688,1,1,5,1,1,9,2.0,일반,2
1181,1181. 농수산식품공사 (강서지사),4160,2025-06-01,2026-06-30,0.05985576923076923,0.403125,0.08774038461538461,0.125,강서구,강서구 발산로 40,37.55104446,126.8184967,2018-10-10 00:00:00,10.0,LCD,395,10.531645569620252,1.0531645569620252,1,1,5,1,1,9,2.0,일반,2
2818,2818.천왕이펜하우스3단지 앞,4750,2025-06-01,2026-06-30,0.2867368421052632,0.1774736842105263,0.20505263157894738,0.16736842105263158,구로구,구로구 천왕동 277-4,37.48223877,126.83853149,2020-02-27 00:00:00,14.0,QR,395,12.025316455696203,0.8589511754068716,1,5,1,1,1,9,2.0,일반,0
3924,3924. 오류동 계림웨스트밸리 앞,2620,2025-06-01,2026-06-30,0.25,0.20076335877862594,0.20305343511450383,0.14236641221374047,구로구,구로구 오류동 108-103,37.49090958,126.82965088,2022-07-18 00:00:00,10.0,QR,395,6.632911392405063,0.6632911392405063,1,5,1,1,1,9,2.0,일반,0
5879,5879. 국회도서관 2문 앞,3230,2025-06-01,2026-06-30,0.04891640866873065,0.4235294117647059,0.17987616099071208,0.02786377708978328,영등포구,의사당대로1,37.53107071,126.91668701,2024-08-16 00:00:00,8.0,QR,395,8.177215189873417,1.0221518987341771,1,1,5,1,1,9,2.0,일반,2
2659,2659.서울친환경유통센터,3304,2025-06-01,2026-06-30,0.3728813559322034,0.13347457627118645,0.17312348668280872,0.18462469733656175,송파구,가락동 600,37.49416733,127.10453033,2020-06-04 00:00:00,10.0,QR,395,8.364556962025317,0.8364556962025317,1,5,1,1,1,9,2.0,일반,0
1842,1842. 한울중학교,2951,2025-06-01,2026-06-30,0.3388681802778719,0.10030498136225008,0.18874957641477466,0.2687224669603524,금천구,서울특별시 시흥동 1000-3,37.46257401,126.90686035,2017-11-01 16:00:00,12.0,LCD,395,7.470886075949367,0.6225738396624473,1,5,1,1,1,9,2.0,일반,0
1850,1850. 코오롱테크노밸리,4043,2025-06-01,2026-06-30,0.06554538708879545,0.42097452386841455,0.16151372743012615,0.28122681177343556,금천구,서울특별시 금천구 디지털로9길 56,37.48015976,126.8863678,2017-11-28 10:44:10,10.0,LCD,395,10.235443037974683,1.0235443037974683,1,1,5,1,1,9,2.0,일반,2
5889,5889.의원회관출입구 앞,2984,2025-06-11,2026-06-30,0.064343163538874,0.3977882037533512,0.16420911528150134,0.07841823056300268,영등포구,의사당대로 1,37.52985382,126.91479492,2025-06-11 00:00:00,10.0,QR,385,7.750649350649351,0.775064935064935,1,1,5,1,1,9,2.0,일반,2
3967,3967. 혜명양로원 담장 옆(2),4681,2025-06-01,2026-06-30,0.2151249732963042,0.23435163426618244,0.18243964964751122,0.15594958342234566,금천구,금하로29길 36,37.45191956,126.91375732,2021-07-23 00:00:00,16.0,QR,395,11.850632911392404,0.7406645569620253,1,4,2,1,1,9,2.0,일반,0
3820,3820. 은천삼거리,5182,2025-06-01,2026-06-30,0.14511771516788885,0.24160555769972983,0.2676572751833269,0.2365881898880741,관악구,관악로 227-1,37.48506546,126.95545959,2022-10-24 00:00:00,8.0,QR,395,13.118987341772153,1.639873417721519,1,2,2,4,2,11,2.0,일반,3
1188,1188. 롯데중앙연구소,3789,2025-06-01,2026-06-30,0.10504090789126419,0.5270519926101874,0.13064133016627077,0.0947479546054368,강서구,강서구 마곡동 301-3,37.57138062,126.82833862,2018-11-20 00:00:00,8.0,LCD,395,9.592405063291139,1.1990506329113924,1,1,5,1,1,9,2.0,일반,2
1853,1853. 청년취업사관학교앞,4593,2025-06-01,2026-06-30,0.41780971042891357,0.19943392118441106,0.19878075332026998,0.12453733942956673,금천구,금천구 가산로70(가산동),37.47248077,126.89586639,2018-10-15 00:00:00,10.0,LCD,395,11.627848101265823,1.1627848101265823,1,5,1,1,1,9,2.0,일반,0
3970,3970. 시흥4동주민센터 앞,2329,2025-06-01,2026-06-30,0.38557320738514383,0.12194074710176041,0.2000858737655646,0.19536281665951052,금천구,독산로36길 14,37.45894241,126.90592957,2021-08-30 00:00:00,6.0,QR,395,5.89620253164557,0.9827004219409283,1,5,1,1,1,9,2.0,일반,0
2907,2907. 월계중학교,4979,2025-06-01,2026-06-30,0.26571600723036753,0.1783490660775256,0.17071701144808193,0.09238802972484435,노원구,서울특별시 노원구 초안산로 29 신계초등학교,37.63074875,127.05310822,2020-03-24 00:00:00,15.0,QR,395,12.60506329113924,0.840337552742616,1,5,1,1,1,9,2.0,일반,0
628,628. 휘봉고등학교 앞,8945,2025-06-01,2026-06-30,0.1767467859139184,0.22124091671324764,0.22839575181665736,0.1121296813862493,동대문구,서울특별시 동대문구 한천로 290 휘봉고등학교 앞,37.58681488,127.06754303,2016-07-06 12:00:00,15.0,QR,395,22.645569620253166,1.509704641350211,2,3,1,2,2,10,2.0,일반,0
1675,1675. 월계문화체육센터,2924,2025-06-01,2026-06-30,0.1966484268125855,0.246922024623803,0.13166894664842682,0.15902872777017785,노원구,서울특별시 노원구 월계로 280 월계문화체육센터,37.62694168,127.05513,2017-12-22 14:28:21,9.0,LCD,395,7.402531645569621,0.8225035161744023,1,4,2,1,1,9,2.0,일반,0
827,827. 국군복지단,3187,2025-06-01,2026-06-30,0.052086601819893316,0.36240978977094446,0.06840288672732978,0.06432381550047066,용산구,서울특별시 용산구 두텁바위로 54-99 국군복지단,37.54188538,126.97966003,2017-11-28 11:56:23,14.0,LCD,395,8.068354430379747,0.5763110307414105,1,1,5,1,1,9,2.0,일반,2
2113,2113. 관악동작견인차량보관소,1,2026-05-13,2026-05-13,0.0,1.0,0.0,0.0,관악구,서울특별시 관악구 신사로 7,37.4846611,126.90390015,2017-07-11 13:31:18,20.0,LCD,1,1.0,0.05,1,1,5,1,1,9,2.0,일반,2
435,435. SK 남산빌딩,3705,2025-06-01,2026-06-30,0.1697705802968961,0.28502024291497974,0.196221322537112,0.0893387314439946,중구,서울특별시 중구 퇴계로 33 SK 남산빌딩,37.55686188,126.97561646,2018-12-06 00:00:00,10.0,LCD,395,9.379746835443038,0.9379746835443038,1,3,3,1,1,9,2.0,일반,2
4834,4834. 용마복지센터 앞,5622,2025-06-01,2026-06-30,0.11383849163998577,0.25151191746709356,0.21309142653859836,0.23390252579153326,중랑구,서울특별시 중랑구 중랑구 용마산로 393,37.58686447,127.09532166,2021-10-28 00:00:00,8.0,QR,395,14.232911392405063,1.7791139240506328,2,2,2,2,2,10,2.0,일반,3
4336,4336. 서울교육청 교육연수원 앞,1919,2025-06-01,2026-06-30,0.07243355914538822,0.45961438249088066,0.1255862428348098,0.13496612819176654,서초구,서초구 방배동 490-4,37.473423,126.99777222,2022-12-05 00:00:00,10.0,QR,395,4.858227848101266,0.4858227848101266,1,1,5,1,1,9,2.0,일반,2
3974,3974.  안천중학교,3433,2025-06-01,2026-06-30,0.3425575298572677,0.146810369938829,0.18642586658898921,0.09699970870958345,금천구,한내로69-44,37.45936584,126.88677979,2021-09-30 00:00:00,10.0,QR,395,8.69113924050633,0.8691139240506329,1,5,1,1,1,9,2.0,일반,0
1026,1026. 대명초교 입구 교차로,1,2026-05-14,2026-05-14,1.0,0.0,0.0,0.0,강동구,서울특별시 명일동 59,37.54653549,127.15583801,2017-11-01 16:00:00,14.0,LCD,1,1.0,0.07142857142857142,1,5,1,1,1,9,2.0,일반,0
3675,3675. 강동리버스트8단지,7571,2025-06-01,2026-06-30,0.16378285563333775,0.22942808083476424,0.27790252278430855,0.22163518689737155,강동구,강일동 80번지 일대,37.57180405,127.17446899,2021-04-14 00:00:00,20.0,QR,395,19.167088607594938,0.9583544303797469,2,3,1,4,1,11,1.9999999999999998,일반,3
2122,2122. 낙성대로 입구,5960,2025-06-01,2026-06-30,0.10385906040268457,0.2833892617449664,0.27751677852348994,0.28070469798657716,관악구,서울특별시 관악구 남부순환로 1889,37.47805786,126.960495,2017-05-26 09:51:00,20.0,LCD,395,15.08860759493671,0.7544303797468355,2,1,3,4,1,11,1.9999999999999998,일반,3
6053,6053. 중부세무서 앞,3158,2025-06-01,2026-06-30,0.08454718176060798,0.2963901203293224,0.20677644078530716,0.14439518682710575,중구,서울특별시 중구 남학동 12-1,37.56092453,126.99066162,2022-10-18 00:00:00,5.0,QR,395,7.9949367088607595,1.5989873417721518,1,1,4,1,2,9,1.9500000000000002,일반,2
1445,1445. 용마지구대 A,1940,2025-06-01,2026-06-30,0.17268041237113402,0.2515463917525773,0.2556701030927835,0.2907216494845361,중랑구,서울특별시 면목동 197-5 용마지구대,37.5799408,127.07939911,2017-11-01 16:00:00,10.0,LCD,395,4.9113924050632916,0.4911392405063292,1,3,2,3,1,10,1.95,일반,3
1422,1422. 신내우디안아파트 1단지,2638,2025-06-01,2026-06-30,0.05875663381349507,0.3282789992418499,0.2494313874147081,0.3809704321455648,중랑구,서울특별시 중랑구 신내역로 213 신내우디안아파트 1단지,37.62009811,127.10646057,2017-04-26 15:08:05,10.0,LCD,395,6.678481012658228,0.6678481012658228,1,1,4,3,1,10,1.95,일반,3
522,522. 금호역 1번출구 앞,2909,2025-06-01,2026-06-30,0.0890340323135098,0.3141973186662083,0.2598831213475421,0.3128222756961155,성동구,서울특별시 성동구 금호동3가 1575-3 금호역 1번출구 앞,37.5486412,127.01642609,2016-06-29 12:00:00,9.0,QR,395,7.364556962025317,0.8182841068917018,1,1,4,3,1,10,1.95,일반,3
338,338. 세운스퀘어 앞,8226,2025-06-01,2026-06-30,0.10807196693411135,0.3261609530756139,0.15840019450522733,0.11804035983467055,종로구,서울특별시 종로구 창경궁로 109 세운스퀘어 앞,37.57095718,126.99712372,2015-10-07 12:30:12,18.0,QR,395,20.825316455696203,1.1569620253164556,2,1,4,1,1,9,1.95,일반,2
2079,2079.중앙대학교 중앙광장,2073,2025-06-01,2026-06-30,0.15533043897732754,0.25470332850940663,0.2575976845151954,0.2551857211770381,동작구, 동작구 흑석동 221-1,37.50667191,126.95777893,2020-04-22 00:00:00,25.0,QR,395,5.248101265822785,0.20992405063291142,1,3,2,3,1,10,1.95,일반,3
3659,3659. 명일초등학교 옆,3251,2025-06-01,2026-06-30,0.1430329129498616,0.2940633651184251,0.24546293448169793,0.1940941248846509,강동구,강동구 고덕로38길 8,37.55464554,127.14253235,2021-04-15 00:00:00,10.0,QR,395,8.230379746835442,0.8230379746835442,1,2,3,3,1,10,1.95,일반,3
4021,4021. 중계본동 입구,2216,2025-06-01,2026-06-30,0.22608303249097472,0.20487364620938628,0.2581227436823105,0.09025270758122744,노원구,서울특별시 노원구 서울 노원구 중계로 90,37.64426041,127.08331299,2021-03-04 00:00:00,10.0,QR,395,5.610126582278481,0.5610126582278481,1,4,1,3,1,10,1.95,일반,0
2314,2314. 청담나들목입구,260,2025-06-02,2025-07-24,0.15,0.26153846153846155,0.25,0.1576923076923077,강남구,서울특별시 강남구 영동대로128길 59,37.52101517,127.06015015,2017-06-13 10:57:11,10.0,LCD,53,4.90566037735849,0.49056603773584906,1,3,2,3,1,10,1.95,일반,3
1006,1006. 롯데캐슬 115동앞,2423,2025-06-01,2026-06-30,0.1894345852249278,0.25753198514238546,0.260008254230293,0.2092447379281882,강동구,서울특별시 강동구 양재대로 1665,37.55486679,127.14279938,2017-04-19 14:43:13,10.0,LCD,395,6.134177215189873,0.6134177215189873,1,3,2,3,1,10,1.95,일반,3
994,994.북한산생태공원입구(교통섬),2865,2025-06-01,2026-06-30,0.22652705061082024,0.22478184991273997,0.2523560209424084,0.1706806282722513,은평구,서울특별시 은평구 불광동 2-1,37.61050797,126.9385376,2020-04-09 00:00:00,10.0,QR,395,7.253164556962025,0.7253164556962025,1,4,1,3,1,10,1.95,일반,0
1314,1314. 정릉꿈에그린1단지 201동 앞,3112,2025-06-01,2026-06-30,0.224293059125964,0.19183804627249357,0.2538560411311054,0.1712724935732648,성북구,서울특별시 성북구 아리랑로19길 20 성북구 정릉동 966-62,37.60243988,127.01168823,2017-04-26 14:50:24,8.0,LCD,395,7.878481012658228,0.9848101265822785,1,4,1,3,1,10,1.95,일반,0
381,381. 장충체육관,1286,2025-06-01,2026-06-30,0.09642301710730948,0.33359253499222397,0.2558320373250389,0.27216174183514774,중구,서울특별시 중구 장충동2가 200-99 장충체육관,37.55853271,127.00698853,2016-06-15 09:30:00,15.0,LCD,395,3.2556962025316456,0.2170464135021097,1,1,4,3,1,10,1.95,일반,3
1342,1342. 성북쉼터 앞,2604,2025-06-01,2026-06-30,0.23463901689708141,0.21889400921658986,0.24731182795698925,0.10675883256528418,성북구,서울특별시 성북구 성북로21길 32 성북쉼터 앞,37.59261703,126.99793243,2017-11-13 09:23:25,10.0,LCD,395,6.592405063291139,0.6592405063291139,1,4,1,3,1,10,1.95,일반,0
947,947. 연신내 선일하이츠빌 정류소,2894,2025-06-01,2026-06-30,0.2432619212163096,0.22460262612301313,0.2601935038009675,0.2242570836212854,은평구,서울특별시 불광동 484-165 연신내 선일하이츠빌 정류소,37.62266922,126.91999054,2017-11-01 16:00:00,10.0,LCD,395,7.326582278481013,0.7326582278481013,1,4,1,3,1,10,1.95,일반,0
3673,3673. 강동리버스트6단지,4533,2025-06-01,2026-06-30,0.23406132803882637,0.228546216633576,0.24928303551731745,0.13302448709463932,강동구,아리수로93가길 77,37.57095337,127.1717453,2021-04-14 00:00:00,10.0,QR,395,11.475949367088608,1.147594936708861,1,4,1,3,1,10,1.95,일반,0
2233,2233. 서초신동아1차아파트 옆,5982,2025-06-01,2026-06-30,0.18321631561350718,0.25576730190571717,0.20611835506519557,0.17519224339685724,서초구,서울특별시 서초구 효령로36길 22,37.49111176,127.02295685,2017-06-01 10:34:21,13.0,LCD,395,15.144303797468355,1.1649464459591043,2,3,2,1,1,9,1.95,일반,0
196,196. 연희교차로 인근,2937,2025-06-01,2026-06-30,0.18181818181818182,0.24344569288389514,0.2604698672114402,0.1773918964930201,서대문구,서울특별시 서대문구 홍제천로 48,37.56612015,126.92589569,2016-07-06 12:00:00,10.0,QR,395,7.435443037974683,0.7435443037974683,1,3,2,3,1,10,1.95,일반,0
724,724. 계남공원 입구 주출입구 좌측,4302,2025-06-01,2026-06-30,0.22617387261738725,0.2203626220362622,0.2494188749418875,0.14900046490004648,양천구,서울특별시 양천구 신정동 621-14,37.51059723,126.85732269,2017-11-01 16:00:00,10.0,LCD,395,10.891139240506329,1.089113924050633,1,4,1,3,1,10,1.95,일반,0
2816,2816.항동지구 8단지 803동옆(주차장입구),916,2025-06-01,2026-06-30,0.2074235807860262,0.22707423580786026,0.24890829694323144,0.10480349344978165,구로구,구로구 항동 220,37.47473145,126.81700897,2020-03-02 00:00:00,14.0,QR,395,2.318987341772152,0.16564195298372514,1,4,1,3,1,10,1.95,일반,0
449,449. 일성아파트,2513,2025-06-01,2026-06-30,0.20851571826502188,0.22841225626740946,0.25984878631118186,0.2940708316752885,종로구,서울특별시 종로구 평창문화로 119 일성아파트,37.60871887,126.97286224,2017-08-01 14:20:36,10.0,LCD,395,6.362025316455696,0.6362025316455696,1,4,1,3,1,10,1.95,일반,3
4472,4472. 송파파크데일 1단지 115동 건너편,5855,2025-06-01,2026-06-30,0.1332194705380017,0.18941076003415883,0.2741246797608881,0.3029888983774552,송파구,마천동588,37.49763107,127.15966797,2020-12-23 00:00:00,10.0,QR,395,14.822784810126583,1.4822784810126584,2,2,1,4,2,11,1.9499999999999997,일반,3
4840,4840. 서울시 북부병원 앞,5321,2025-06-01,2026-06-30,0.14997180981018607,0.1935726367224206,0.19939860928396919,0.14696485623003194,중랑구,서울특별시 중랑구 양원역로 38 서울시북부병원 및 시립중랑노인전문요양원,37.60405731,127.10725403000001,2022-01-12 00:00:00,7.0,QR,395,13.470886075949368,1.9244122965641954,2,3,1,1,2,9,1.9,일반,0
2040,2040. 비계 버스정류소,2285,2025-06-01,2026-06-30,0.15054704595185994,0.2210065645514223,0.32166301969365424,0.2800875273522976,동작구,서울특별시 동작구 현충로 151,37.5063591,126.96907806,2017-05-12 11:09:30,10.0,LCD,395,5.784810126582278,0.5784810126582278,1,3,1,5,1,11,1.9,일반,3
382,382. 약수역 10번출구 앞,4245,2025-06-01,2026-06-30,0.11802120141342756,0.2541813898704358,0.24216725559481744,0.24570082449941108,중구,서울특별시 중구 신당동 357-1 약수역 10번출구 앞,37.55519867,127.01004791,2016-06-15 09:30:00,7.0,LCD,395,10.746835443037975,1.5352622061482821,1,2,2,3,2,10,1.9,일반,3
1083,1083.광문고교사거리(아이파크),7120,2025-06-01,2026-06-30,0.14747191011235955,0.2648876404494382,0.2529494382022472,0.21797752808988763,강동구,고덕동302,37.56036758,127.15659332,2020-01-13 00:00:00,15.0,QR,395,18.025316455696203,1.2016877637130803,2,2,2,3,1,10,1.9,일반,3
1459,1459. 용마한신아파트사거리,2427,2025-06-01,2026-06-30,0.1561598681499794,0.1903584672435105,0.2896580140090647,0.357643180881747,중랑구,서울특별시 중랑구 용마산로 313 용마한신아파트사거리,37.58034897,127.09265137,2018-10-29 00:00:00,10.0,LCD,395,6.144303797468354,0.6144303797468355,1,3,1,5,1,11,1.9,일반,3
2804,2804.항동지구 6단지 602동 앞,2671,2025-06-01,2026-06-30,0.12841632347435417,0.2463496817671284,0.34369150131037063,0.19056533133657805,구로구,구로구 항동 216-11 ,37.47737503,126.82001495,2020-03-03 00:00:00,10.0,QR,395,6.762025316455696,0.6762025316455695,1,2,2,5,1,11,1.9,일반,3
1386,1386.동선고가차도 초입,3839,2025-06-01,2026-06-30,0.17218025527481115,0.2083876009377442,0.2862724667882261,0.29747330033862984,성북구,서울특별시 성북구 동소문로 130,37.59415817,127.01896667,2020-03-28 00:00:00,10.0,QR,395,9.718987341772152,0.9718987341772152,1,3,1,5,1,11,1.9,일반,3
486,486. 평창동주민센터 앞,1440,2025-06-01,2026-06-30,0.10069444444444445,0.27152777777777776,0.3173611111111111,0.32430555555555557,종로구,서울특별시 종로구 평창문화로 65 평창동 주민센터,37.60627365,126.96832275,2019-07-01 00:00:00,5.0,LCD,395,3.6455696202531644,0.7291139240506329,1,1,3,5,1,11,1.9,일반,3
1515,1515. 송천동 주민센터,5084,2025-06-01,2026-06-30,0.18253343823760818,0.22344610542879623,0.24783634933123525,0.23485444531864674,강북구,서울특별시 강북구 솔샘로 284 송천동 주민센터,37.61828613,127.02404785,2017-05-11 09:31:00,10.0,LCD,395,12.870886075949366,1.2870886075949366,1,3,1,3,2,10,1.9,일반,3
3911,3911. 항동하버리안2단지아파트 후문,2016,2025-06-01,2026-06-30,0.18700396825396826,0.2152777777777778,0.2986111111111111,0.17807539682539683,구로구,서울 구로구 항동 22-10,37.48337555,126.82247925,2021-05-14 00:00:00,10.0,QR,395,5.10379746835443,0.510379746835443,1,3,1,5,1,11,1.9,일반,0
483,483.남산타운아파트 버스정류장,2971,2025-06-01,2026-06-30,0.13665432514304948,0.2618646920228879,0.3338943116795692,0.17401548300235611,중구,서울특별시 중구 다산로 32 남산타운,37.54758453,127.00643921,2020-01-29 00:00:00,12.0,QR,395,7.521518987341772,0.6267932489451477,1,2,2,5,1,11,1.9,일반,3
3917,3917. 성공회대학교,4662,2025-06-01,2026-04-16,0.12054912054912055,0.2646932646932647,0.19347919347919348,0.20785070785070786,구로구,"서울 구로구 연동로 320
(항동, 성공회대학교)",37.48859024,126.82478333,2022-01-18 00:00:00,10.0,QR,320,14.56875,1.456875,2,2,2,1,2,9,1.9,일반,3
480,480.약수역 6번 출구,4439,2025-06-01,2026-06-30,0.0952917323721559,0.2671772921829241,0.2606442892543366,0.2667267402568146,중구,서울특별시 중구 다산로 122 약수역 3호선,37.55432129,127.01070404,2020-01-30 00:00:00,8.0,QR,395,11.237974683544303,1.404746835443038,1,1,3,3,2,10,1.9,일반,3
4009,4009. 월계프라자,7680,2025-06-01,2026-06-30,0.17057291666666666,0.2109375,0.24752604166666667,0.15403645833333332,노원구,서울특별시 노원구 초안산로5길 22 대우아파트,37.63284302,127.05213165,2021-02-26 00:00:00,20.0,QR,395,19.443037974683545,0.9721518987341773,2,3,1,3,1,10,1.9,일반,0
4323,4323. 내곡도서관,2146,2025-06-01,2026-06-30,0.07781919850885369,0.29496738117427773,0.2972972972972973,0.10950605778191985,서초구,신원동 328,37.45199966,127.05391693,2021-07-13 00:00:00,10.0,QR,395,5.432911392405063,0.5432911392405063,1,1,3,5,1,11,1.9,일반,3
4363,4363. 신금호역 2번출구 앞,540,2025-06-01,2026-06-30,0.09444444444444444,0.28888888888888886,0.3037037037037037,0.3388888888888889,성동구,서울특별시 성동구 신금호역 2번출구,37.55507278,127.01988983,2021-06-25 00:00:00,4.0,QR,395,1.3670886075949367,0.34177215189873417,1,1,3,5,1,11,1.9,일반,3
1660,1660. 서울시립과학관,5158,2025-06-01,2026-06-30,0.14249709189608376,0.24893369523070957,0.2524234199302055,0.14385420705699883,노원구,서울특별시 노원구 하계동 266 서울시립과학관,37.64207077,127.07662201,2017-11-01 16:00:00,8.0,LCD,395,13.058227848101266,1.6322784810126583,1,2,2,3,2,10,1.9,일반,0
4415,4415. 미아초교버스승강장,643,2025-06-01,2026-06-30,0.14307931570762053,0.25038880248833595,0.28304821150855364,0.374805598755832,성북구,서울특별시 성북구 성북구 길음동 1261-535,37.61207962,127.02198029,2021-10-27 00:00:00,7.0,QR,395,1.6278481012658228,0.2325497287522604,1,2,2,5,1,11,1.9,일반,3
606,606. 서울반도체고 앞,4208,2025-06-01,2026-06-30,0.10432509505703422,0.279467680608365,0.2887357414448669,0.11478136882129278,동대문구,서울특별시 동대문구 겸재로 21 휘경공고앞,37.58462524,127.07028961,2016-06-29 12:00:00,15.0,LCD,395,10.653164556962025,0.7102109704641351,1,1,3,5,1,11,1.9,일반,3
3654,3654. 강동리버스트4단지아파트 405동 앞,3946,2025-06-01,2026-06-30,0.18119614799797262,0.22858590978205778,0.30562595032944756,0.1695387734414597,강동구,아리수로93가길 110(강일동 115),37.57201767,127.17295074,2020-08-20 00:00:00,10.0,QR,395,9.989873417721519,0.9989873417721519,1,3,1,5,1,11,1.9,일반,0
5337,5337. 태강릉 앞,1169,2025-06-01,2026-06-30,0.07784431137724551,0.2711719418306245,0.40547476475620187,0.174508126603935,노원구,노원구 화랑로 681,37.62966537,127.09723663,2024-04-17 00:00:00,15.0,QR,395,2.9594936708860757,0.19729957805907172,1,1,3,5,1,11,1.9,일반,3
2094,2094.숭실대학교(중문) ,4178,2025-06-01,2026-06-30,0.12039253231211106,0.26089037817137384,0.30277644806127335,0.2687888942077549,동작구, 동작구 상도동 512-10,37.49550629,126.95637512,2020-04-24 00:00:00,20.0,QR,395,10.577215189873417,0.5288607594936708,1,2,2,5,1,11,1.9,일반,3
534,534. 금호사거리,3142,2025-06-01,2026-06-30,0.18491406747294717,0.22501591343093572,0.316995544239338,0.282622533418205,성동구,서울특별시 성동구 금호동2가 1205-1 금호사거리,37.54863358,127.02572632,2016-06-29 12:00:00,10.0,QR,395,7.954430379746835,0.7954430379746835,1,3,1,5,1,11,1.9,일반,3
2288,2288. 안골마을입구,673,2025-06-02,2026-06-30,0.17087667161961367,0.2199108469539376,0.2852897473997028,0.19910846953937592,서초구,서울특별시 서초구 안골2길 3,37.45560837,127.06445312,2017-11-28 11:48:55,7.0,LCD,394,1.7081218274111676,0.2440174039158811,1,3,1,5,1,11,1.9,일반,3
2373,2373. 개포동역 사거리,4243,2025-06-01,2026-06-30,0.12491161913740279,0.26184303558802735,0.29318878152250766,0.19208107471128918,강남구,서울특별시 강남구 개포동 181-3,37.48927689,127.06557465,2017-11-01 16:00:00,20.0,LCD,395,10.741772151898735,0.5370886075949367,1,2,2,5,1,11,1.9,일반,3
1344,1344. 아리랑시네센터 앞,2662,2025-06-01,2026-06-30,0.09015777610818933,0.29226145755071375,0.3211870773854245,0.26296018031555224,성북구,서울특별시 성북구 아리랑로 82 아리랑시네센터 앞,37.60028839,127.01370239,2017-11-13 09:24:44,10.0,LCD,395,6.739240506329114,0.6739240506329114,1,1,3,5,1,11,1.9,일반,3
2093,2093.상도SH빌아파트 입구,1966,2025-06-03,2026-06-30,0.13224821973550355,0.24821973550356052,0.2863682604272635,0.13072227873855544,동작구, 동작구 상도로53길 70,37.50321198,126.95459747,2020-05-12 00:00:00,8.0,QR,393,5.002544529262087,0.6253180661577609,1,2,2,5,1,11,1.9,일반,3
2165,2165. JK장평타워,2223,2025-06-01,2026-06-30,0.0728744939271255,0.2941970310391363,0.29509671614934774,0.29599640125955917,관악구,서울특별시 관악구 남부순환로 1943,37.47648239,126.96536255,2017-11-28 10:20:27,10.0,LCD,395,5.627848101265823,0.5627848101265822,1,1,3,5,1,11,1.9,일반,3
959,959. 구파발10단지 인근,4955,2025-06-01,2026-06-30,0.10070635721493441,0.2439959636730575,0.32008072653884967,0.2807265388496468,은평구,서울특별시 은평구 진관3로 73-17 구파발10단지 인근,37.6436615,126.91455841,2018-10-18 00:00:00,10.0,LCD,395,12.544303797468354,1.2544303797468355,1,1,2,5,2,11,1.85,일반,3
4086,4086. 도봉로 534,4678,2025-06-01,2026-06-30,0.23685335613510047,0.18832834544677213,0.22231722958529285,0.21205643437366395,도봉구,서울특별시 도봉구 도봉로 534,37.6529541,127.03754425,2022-06-27 00:00:00,10.0,QR,395,11.843037974683543,1.1843037974683543,1,4,1,2,1,9,1.8499999999999999,일반,0
388,388. 동성중학교 앞,4439,2025-06-01,2026-06-30,0.23428700157693175,0.22414958323946835,0.22888037846361795,0.24194638432079296,종로구,서울특별시 종로구 혜화동 56 동성중학교 앞,37.58573532,127.0016098,2016-09-02 11:00:00,10.0,LCD,395,11.237974683544303,1.1237974683544303,1,4,1,2,1,9,1.8499999999999999,일반,0
1855,1855. 성지아파트 옆 도로변,1608,2025-06-01,2026-06-30,0.19713930348258707,0.19900497512437812,0.23569651741293532,0.07898009950248756,금천구,금천구 시흥대로51길55,37.45132065,126.89762115,2018-10-01 00:00:00,10.0,LCD,395,4.0708860759493675,0.40708860759493676,1,4,1,2,1,9,1.8499999999999999,일반,0
2817,2817.천왕이펜하우스5단지 앞,3292,2025-06-01,2026-06-30,0.13092345078979345,0.2876670716889429,0.22417982989064397,0.21719319562575942,구로구,구로구 천왕동 277-4,37.47989655,126.84037018,2020-02-27 00:00:00,10.0,QR,395,8.334177215189873,0.8334177215189873,1,2,3,2,1,9,1.8499999999999999,일반,3
1866,1866.서울안천초등학교 옆,2248,2025-06-01,2026-06-30,0.14190391459074733,0.28113879003558717,0.2393238434163701,0.11076512455516015,금천구,한내로 69-16,37.45777893,126.88942719,2020-02-26 00:00:00,10.0,QR,395,5.691139240506329,0.5691139240506329,1,2,3,2,1,9,1.8499999999999999,일반,0
3971,3971. 순흥안씨묘 건너편,598,2025-06-01,2026-06-30,0.24247491638795987,0.22240802675585283,0.22742474916387959,0.17391304347826086,금천구,"시흥동 808-5,6",37.45838165,126.90807343,2021-08-30 00:00:00,11.0,QR,395,1.5139240506329115,0.1376294591484465,1,4,1,2,1,9,1.8499999999999999,일반,0
1250,1250.문정2동 주민센터,1923,2025-06-02,2026-06-30,0.21060842433697347,0.18980759230369215,0.23192927717108686,0.11284451378055123,송파구,서울특별시 송파구 중대로 16,37.48987198,127.11083984,2017-10-18 11:18:57,10.0,LCD,394,4.880710659898477,0.4880710659898477,1,4,1,2,1,9,1.8499999999999999,일반,0
1424,1424. 양원역 2번출구,2770,2025-06-01,2026-06-30,0.09855595667870036,0.33935018050541516,0.23068592057761733,0.16028880866425993,중랑구,서울특별시 중랑구 송림길 147 양원역 2번출구,37.6063118,127.10774231,2017-04-26 15:08:50,10.0,LCD,395,7.012658227848101,0.7012658227848101,1,1,4,2,1,9,1.8499999999999999,일반,2
969,969. 은평 지웰테라스,1459,2025-06-01,2026-06-30,0.24126113776559288,0.13091158327621658,0.21795750514050719,0.1706648389307745,은평구,서울특별시 은평구 진관4로 78-38 은평지웰 테라스,37.64339447,126.93213654,2018-12-14 00:00:00,9.0,LCD,395,3.6936708860759495,0.41040787623066105,1,4,1,2,1,9,1.8499999999999999,일반,0
3661,3661. 명일동신동아아파트 앞,3607,2025-06-01,2026-06-30,0.18214582755752703,0.23648461325200998,0.22705849736623232,0.24258386470751317,강동구,강동구 고덕로 240,37.55483246,127.1517334,2021-04-15 00:00:00,10.0,QR,395,9.131645569620254,0.9131645569620254,1,3,2,2,1,9,1.8499999999999999,일반,3
475,475.DDP 패션몰,15807,2025-06-01,2026-06-30,0.06471816283924843,0.21016005567153792,0.14480926171949138,0.40943885620294806,중구,서울특별시 중구 신당동 853,37.56764984,127.0118103,2020-01-29 00:00:00,21.0,QR,395,40.017721518987344,1.905605786618445,4,1,1,1,2,9,1.8000000000000003,일반,3
5327,5327. 태릉선수촌 앞,555,2025-06-01,2026-06-30,0.06846846846846846,0.2936936936936937,0.27387387387387385,0.15855855855855855,노원구,노원구 화랑로 681,37.63434219,127.10427856,2023-10-05 00:00:00,10.0,QR,395,1.4050632911392404,0.14050632911392405,1,1,3,4,1,10,1.8,일반,3
1969,1969. 궁동생태공원,1478,2025-06-01,2026-06-30,0.11231393775372124,0.2347767253044655,0.2767253044654939,0.17997293640054127,구로구,서울특별시 구로구 오리로 1352,37.50190353,126.82896423,2017-11-13 09:47:57,10.0,LCD,395,3.741772151898734,0.3741772151898734,1,2,2,4,1,10,1.8,일반,3
3724,3724. 삼양동주민센터 앞,4192,2025-06-01,2026-06-30,0.08540076335877862,0.2824427480916031,0.2745706106870229,0.25310114503816794,강북구,강북구 솔매로69,37.62491226,127.01979065,2022-12-08 00:00:00,20.0,QR,395,10.612658227848101,0.5306329113924051,1,1,3,4,1,10,1.8,일반,3
671,671.대광빌딩,4653,2025-06-01,2026-06-30,0.10724263915753278,0.27745540511497957,0.2716526971846121,0.24994627122286697,동대문구,서울특별시 동대문구 신설동 81-197,37.57734299,127.02337646,2020-03-27 00:00:00,10.0,QR,395,11.779746835443039,1.177974683544304,1,1,3,4,1,10,1.8,일반,3
4488,"4488. 문현중,고등학교 사이",2656,2025-06-01,2026-06-30,0.12612951807228914,0.2496234939759036,0.2684487951807229,0.16039156626506024,송파구,장지동838-2,37.48051071,127.12862396,2020-12-24 00:00:00,10.0,QR,395,6.724050632911393,0.6724050632911392,1,2,2,4,1,10,1.8,일반,3
664,664. 서울시립대 건설공학관,5160,2025-06-01,2026-06-30,0.07441860465116279,0.29050387596899224,0.2116279069767442,0.1996124031007752,동대문구,서울특별시 동대문구 서울시립대로 163 서울시립대학교,37.58412933,127.05793762,2019-11-20 00:00:00,10.0,LCD,395,13.063291139240507,1.3063291139240507,1,1,3,2,2,9,1.7999999999999998,일반,3
2380,2380. 봉은사로68길 북측,5294,2025-06-01,2026-06-30,0.16679259539100869,0.22534945221004912,0.22610502455610124,0.3292406497922176,강남구,서울특별시 강남구 봉은사로 456,37.51169586,127.04934692,2017-11-28 09:37:16,12.0,LCD,395,13.40253164556962,1.1168776371308018,2,3,1,2,1,9,1.7999999999999998,일반,3
681,681.서울특별시 동부교육지원청(육교),2099,2025-06-01,2026-06-30,0.1824678418294426,0.2401143401619819,0.19151977131967604,0.18770843258694617,동대문구,서울특별시 동대문구 전농로 168 서울동부교육지원청,37.5798378,127.0563736,2020-04-19 00:00:00,14.0,QR,395,5.313924050632911,0.3795660036166365,1,3,2,1,1,8,1.75,일반,0
2329,2329. 르네상스호텔사거리 역삼지하보도 2번출구,4136,2025-06-01,2026-06-30,0.17456479690522245,0.2570116054158607,0.17819148936170212,0.20406189555125726,강남구,서울특별시 강남구 테헤란로 지하 156,37.50235748,127.04319,2017-06-13 15:21:24,10.0,LCD,395,10.470886075949368,1.0470886075949368,1,3,2,1,1,8,1.75,일반,0
2334,2334. 삼호아파트 2동 ( 간선도로),2433,2025-06-01,2026-06-30,0.15824085491163173,0.23551171393341552,0.14097821619399917,0.10933004521167283,강남구,서울특별시 강남구 선릉로 지하 228,37.49375916,127.04589844,2017-06-13 15:59:59,12.0,LCD,395,6.159493670886076,0.5132911392405063,1,3,2,1,1,8,1.75,일반,0
1823,1823. W컨템포오피스텔앞,3517,2025-06-01,2026-06-30,0.22462325845891384,0.23002558999147,0.1922092692635769,0.21865226044924652,금천구,서울특별시 금천구 시흥대로 287,37.4589119,126.89859009,2017-05-08 15:57:24,10.0,LCD,395,8.90379746835443,0.890379746835443,1,4,1,1,1,8,1.75,일반,0
1820,1820. 신한은행 시흥대로금융센터지점,2890,2025-06-01,2026-06-30,0.17923875432525951,0.26262975778546715,0.1986159169550173,0.18788927335640138,금천구,서울특별시 금천구 시흥대로 446,37.4433403,126.90335846,2017-05-08 15:52:59,10.0,LCD,395,7.3164556962025316,0.7316455696202532,1,3,2,1,1,8,1.75,일반,0
1509,1509. 서울북부수도사업소,5330,2025-06-01,2026-06-30,0.11106941838649156,0.22101313320825516,0.22589118198874297,0.30956848030018763,강북구,서울특별시 강북구 한천로 935 번동 386-17,37.63437653,127.03575134,2017-06-22 10:41:21,10.0,LCD,395,13.49367088607595,1.349367088607595,2,2,1,2,2,9,1.75,일반,3
1819,1819. 금천구청 앞 자전거거치대,3773,2025-06-01,2026-06-30,0.10018552875695733,0.3209647495361781,0.19666048237476808,0.13623111582295255,금천구,서울특별시 금천구 시흥대로73길 70,37.45647812,126.89592743,2017-05-10 14:25:35,10.0,LCD,395,9.551898734177215,0.9551898734177214,1,1,4,1,1,8,1.75,일반,2
1474,1474.서울중랑우체국,7882,2025-06-01,2026-06-30,0.09147424511545293,0.2545039330119259,0.21276325805633087,0.2706165947729003,중랑구,서울특별시 중랑구 망우로 271 서울중랑우체국,37.59581375,127.08283997,2020-05-05 00:00:00,10.0,QR,395,19.954430379746835,1.9954430379746835,2,1,2,2,2,9,1.75,일반,3
3923,3923. 구로공구상가 앞,3463,2025-06-01,2026-06-30,0.08200981807681201,0.3349696794686688,0.17210511117528154,0.23621137741842332,구로구,구로구 구로동 636-34,37.50075531,126.87708282,2022-06-22 00:00:00,10.0,QR,395,8.767088607594937,0.8767088607594937,1,1,4,1,1,8,1.75,일반,2
4310,4310. 염곡동(염통골) 입구,2741,2025-06-01,2026-06-30,0.21634439985406786,0.22364100693177671,0.18825246260488873,0.12075884713608172,서초구,서울특별시 서초구 헌릉로 73 서초경찰서 염곡치안센터,37.46220779,127.04867554,2021-02-19 00:00:00,6.0,QR,395,6.939240506329114,1.1565400843881857,1,4,1,1,1,8,1.75,일반,0
6173,6173. 서울자동차운전전문학원,3263,2025-06-01,2026-06-30,0.0760036775973031,0.32669322709163345,0.18357339871284095,0.09439166411277965,강서구,강서구 남부순환로 216,37.54613495,126.82106018,2024-03-18 00:00:00,10.0,QR,395,8.260759493670886,0.8260759493670886,1,1,4,1,1,8,1.75,일반,2
1137,1137. 등촌2동주민센터,4167,2025-06-01,2026-06-30,0.23974082073434125,0.17806575473962083,0.19582433405327573,0.1029517638588913,강서구,서울특별시 강서구 등촌로 143,37.54126358,126.8633728,2017-04-24 10:01:10,10.0,LCD,395,10.549367088607594,1.0549367088607595,1,4,1,1,1,8,1.75,일반,0
4334,4334. 인재개발원 데이터센터,1152,2025-06-01,2026-06-30,0.050347222222222224,0.3272569444444444,0.17447916666666666,0.036458333333333336,서초구,서초구 서초동 391,37.4801178,127.02180481,2022-10-14 00:00:00,7.0,QR,395,2.9164556962025316,0.4166365280289331,1,1,4,1,1,8,1.75,일반,2
139,139. 연세대 정문 건너편,3508,2025-06-01,2026-06-30,0.14823261117445838,0.2668187001140251,0.19070695553021666,0.20467502850627137,서대문구,서울특별시 서대문구 연세로 42,37.55986404,126.93441772,2015-09-07 10:48:10,10.0,QR,395,8.881012658227847,0.8881012658227847,1,2,3,1,1,8,1.75,일반,3
1999,1999. 수궁동 성당 주변,5715,2025-06-01,2026-06-30,0.13070866141732285,0.22992125984251968,0.21557305336832897,0.22572178477690288,구로구,구로구 궁동 252-17,37.49525833,126.83065796,2019-03-12 00:00:00,10.0,LCD,395,14.468354430379748,1.4468354430379748,2,2,1,2,2,9,1.75,일반,3
4581,4581. 국회소통관,5146,2025-06-01,2026-06-30,0.13952584531675088,0.27788573649436454,0.14788184998056744,0.023513408472600077,영등포구,국회의사당 경내,37.53050232,126.9128952,2021-03-10 00:00:00,12.0,QR,395,13.027848101265823,1.0856540084388187,1,2,3,1,1,8,1.75,일반,2
3117,3117.이화여대 인문관 인근,2777,2025-06-01,2026-06-30,0.09686712279438242,0.30176449405833633,0.1836514223982715,0.11883327331652863,서대문구,대신동 143-14 ,37.56406784,126.94532776,2020-04-12 00:00:00,10.0,QR,395,7.030379746835443,0.7030379746835443,1,1,4,1,1,8,1.75,일반,2
4538,4538. 양천공영차고지,2390,2025-06-01,2026-06-30,0.07656903765690376,0.30167364016736403,0.20167364016736403,0.3598326359832636,양천구,서울시 양천구 신정종 836-38,37.50922012,126.8371582,2022-02-08 00:00:00,10.0,QR,395,6.050632911392405,0.6050632911392405,1,1,4,1,1,8,1.75,일반,3
3005,3005.마포구청 청사내,4044,2025-06-01,2026-06-30,0.14416419386745796,0.283135509396637,0.1298219584569733,0.07072205736894165,마포구,마포구 월드컵로 212,37.56624603,126.90218353,2020-04-02 00:00:00,10.0,QR,395,10.237974683544303,1.0237974683544304,1,2,3,1,1,8,1.75,일반,2
2609,2609. 보성중고등학교 후문 앞,3825,2025-06-01,2026-06-30,0.23869281045751634,0.16261437908496731,0.10614379084967321,0.0465359477124183,송파구,송파구 양재대로 1278,37.52048874,127.1352005,2018-11-14 00:00:00,10.0,LCD,395,9.683544303797468,0.9683544303797469,1,4,1,1,1,8,1.75,일반,0
2815,2815.항동지구 7단지 정문,4579,2025-06-01,2026-06-30,0.11705612579165757,0.25507752784450755,0.24393972483074908,0.13037781174929025,구로구,구로구 항동 207-1,37.47603607,126.81658936,2020-03-02 00:00:00,12.0,QR,395,11.592405063291139,0.9660337552742616,1,2,2,3,1,9,1.7,일반,3
4417,4417. 성북청소년문화의집,2367,2025-06-01,2026-06-30,0.17912970004224757,0.19011406844106463,0.2412336290663287,0.3265737220109844,성북구,서울특별시 성북구 성북구 솔샘로 107,37.61566925,127.00876617,2022-02-11 00:00:00,10.0,QR,395,5.992405063291139,0.599240506329114,1,3,1,3,1,9,1.7,일반,3
1646,1646. 삼육대 입구,3880,2025-06-01,2026-06-30,0.1615979381443299,0.20438144329896907,0.24123711340206186,0.25077319587628866,노원구,서울특별시 노원구 공릉동 26-43 삼육대 입구,37.63848877,127.10790253,2017-11-01 16:00:00,10.0,LCD,395,9.822784810126583,0.9822784810126584,1,3,1,3,1,9,1.7,일반,3
2144,2144. 난우길입구,4473,2025-06-01,2026-06-30,0.13212608987256874,0.25486250838363517,0.2492734182875028,0.24100156494522693,관악구,서울특별시 관악구 문성로 115,37.47777557,126.91675568,2017-05-12 11:56:31,15.0,LCD,395,11.324050632911392,0.7549367088607595,1,2,2,3,1,9,1.7,일반,3
2128,2128. 관악구청교차로,4770,2025-06-01,2026-06-30,0.12033542976939203,0.2549266247379455,0.2538784067085954,0.27358490566037735,관악구,서울특별시 관악구 관악로 153,37.47916412,126.95258331,2017-05-26 09:52:14,12.0,QR,395,12.075949367088608,1.0063291139240507,1,2,2,3,1,9,1.7,일반,3
5339,5339. 은빛1단지 아파트 앞,2422,2025-06-01,2026-06-30,0.1259289843104872,0.2477291494632535,0.2555739058629232,0.15772089182493806,노원구,노원구 동일로 245길 162,37.68120956,127.05516815,2024-05-14 00:00:00,10.0,QR,395,6.131645569620253,0.6131645569620253,1,2,2,3,1,9,1.7,일반,3
1435,1435. 능산삼거리,2468,2025-06-01,2026-06-30,0.18233387358184766,0.22366288492706646,0.25810372771474877,0.34035656401944897,중랑구,서울특별시 중랑구 용마산로 644 능산삼거리,37.60868073,127.10079193,2017-04-26 15:13:41,10.0,LCD,395,6.248101265822785,0.6248101265822785,1,3,1,3,1,9,1.7,일반,3
126,126. 서강대 후문 옆,8883,2025-06-01,2026-06-30,0.09343690194754024,0.26635145784081954,0.18878757176629518,0.1927276820893842,마포구,서울특별시 마포구 대흥로 122,37.55041122,126.94384766,2015-09-07 10:34:51,20.0,QR,395,22.48860759493671,1.1244303797468356,2,1,3,1,1,8,1.7,일반,3
1756,1756.서울북부광역등기국,3499,2025-06-01,2026-06-30,0.1220348671048871,0.2520720205773078,0.24578450985995998,0.30551586167476424,도봉구,서울특별시 도봉구 노해로 327,37.65148544,127.04431915,2020-03-17 00:00:00,10.0,QR,395,8.858227848101265,0.8858227848101266,1,2,2,3,1,9,1.7,일반,3
1315,1315. 고려사대부속중고 정문,2460,2025-06-01,2026-06-30,0.09674796747967479,0.25040650406504067,0.28821138211382114,0.2386178861788618,성북구,서울특별시 성북구 보국문로29길 23 성북구 정릉동 966-1,37.60776138,127.00328064,2017-04-26 14:51:19,10.0,LCD,395,6.227848101265823,0.6227848101265823,1,1,2,5,1,10,1.65,일반,3
1731,1731. 도봉고등학교 맞은편,3030,2025-06-01,2026-06-30,0.131023102310231,0.2141914191419142,0.30132013201320135,0.18052805280528053,도봉구,서울특별시 도봉구 도봉동 282-16,37.6876297,127.04221344,2018-11-02 00:00:00,10.0,LCD,395,7.670886075949367,0.7670886075949367,1,2,1,5,1,10,1.65,일반,3
4088,4088. 김근태도서관,3029,2025-06-01,2026-06-30,0.0822053482997689,0.24529547705513371,0.3555628920435787,0.17167381974248927,도봉구,서울특별시 도봉구 도봉동 282-275,37.68750763,127.04263306,2022-06-27 00:00:00,15.0,QR,395,7.668354430379747,0.5112236286919831,1,1,2,5,1,10,1.65,일반,3
1538,1538. 솔밭공원역,1687,2025-06-01,2026-06-30,0.0972139893301719,0.24422050978067575,0.3153526970954357,0.29104919976289273,강북구,서울특별시 강북구 삼양로 595 솔밭공원역,37.65615845,127.01313782,2018-02-26 11:21:23,8.0,LCD,395,4.270886075949367,0.5338607594936708,1,1,2,5,1,10,1.65,일반,3
4338,4338.새정이마을버스정류장 앞,330,2025-06-01,2026-06-30,0.12424242424242424,0.20606060606060606,0.39090909090909093,0.1303030303030303,서초구,서초구 새정길 4,37.43474579,127.06594849,2023-03-02 00:00:00,5.0,QR,395,0.8354430379746836,0.1670886075949367,1,2,1,5,1,10,1.65,일반,3
2159,2159. 인헌초교,2973,2025-06-01,2026-06-30,0.08543558694920955,0.2478977463841238,0.33972418432559703,0.23612512613521694,관악구,서울특별시 관악구 봉천동 244-1 ,37.47509003,126.95922852,2017-11-01 16:00:00,10.0,LCD,395,7.526582278481013,0.7526582278481013,1,1,2,5,1,10,1.65,일반,3
991,991.흥국사 정류장,1195,2025-06-01,2026-06-30,0.13389121338912133,0.2200836820083682,0.35899581589958157,0.11548117154811716,은평구,서울특별시 은평구 진관동 298-2,37.6567688,126.94200897,2020-04-06 00:00:00,10.0,QR,395,3.0253164556962027,0.30253164556962026,1,2,1,5,1,10,1.65,일반,3
1357,1357. 북한산보국문역,3184,2025-06-01,2026-06-30,0.13756281407035176,0.2041457286432161,0.2864321608040201,0.37845477386934673,성북구,서울특별시 성북구 보국문로 91 북한산보국문역,37.61207199,127.00813293,2018-02-26 11:09:35,10.0,LCD,395,8.060759493670886,0.8060759493670886,1,2,1,5,1,10,1.65,일반,3
1467,1467.sk신내 주유소앞(용마산로),2498,2025-06-01,2026-06-30,0.0600480384307446,0.24139311449159329,0.2898318654923939,0.38470776621297037,중랑구,서울특별시 중랑구 신내동 353-2,37.61362076,127.10115051,2020-04-14 00:00:00,10.0,QR,395,6.324050632911392,0.6324050632911392,1,1,2,5,1,10,1.65,일반,3
523,523. 옥수동성당 옆,1080,2025-06-01,2026-06-30,0.08888888888888889,0.24444444444444444,0.3296296296296296,0.3351851851851852,성동구,서울특별시 성동구 옥수동 산5-148 옥수동성당 옆,37.54366302,127.01406097,2016-06-29 12:00:00,7.0,QR,395,2.7341772151898733,0.39059674502712477,1,1,2,5,1,10,1.65,일반,3
4777,4777. 약수동 주민센터,1160,2025-06-01,2026-06-30,0.12844827586206897,0.21982758620689655,0.3232758620689655,0.2637931034482759,중구,서울특별시 중구 다산로96,37.55281448,127.00919342,2021-05-17 00:00:00,8.0,QR,395,2.9367088607594938,0.3670886075949367,1,2,1,5,1,10,1.65,일반,3
1007,1007.암사동 선사유적지,3458,2025-06-01,2026-06-30,0.08877964141122036,0.2446500867553499,0.4065934065934066,0.11596298438403702,강동구,서울특별시 강동구 올림픽로 875,37.55955887,127.13087463,2017-04-19 14:43:55,14.0,LCD,395,8.754430379746836,0.6253164556962025,1,1,2,5,1,10,1.65,일반,3
4676,4676. 갈현1동 주민센터,3897,2025-06-01,2026-06-30,0.18835001283038236,0.20015396458814472,0.22299204516294585,0.20323325635103925,은평구,은평구 갈현로 301,37.62360764,126.91688538,2021-05-17 00:00:00,9.0,QR,395,9.865822784810126,1.0962025316455695,1,3,1,2,1,8,1.5999999999999999,일반,0
1546,1546. 송천동우체국,3896,2025-06-01,2026-06-30,0.09188911704312115,0.28850102669404515,0.22946611909650924,0.26540041067761805,강북구,서울특별시 강북구 도봉로 71 송천동우체국,37.61545944,127.02970123,2018-10-25 00:00:00,10.0,LCD,395,9.863291139240506,0.9863291139240505,1,1,3,2,1,8,1.5999999999999999,일반,3
5320,5320. 국제 스케이트장,869,2025-06-01,2026-06-30,0.06789413118527042,0.2566168009205984,0.26237054085155354,0.15765247410817032,노원구,노원구 화랑로 727,37.63573456,127.10585022,2022-12-20 00:00:00,18.0,QR,395,2.2,0.12222222222222223,1,1,2,4,1,9,1.55,일반,3
1541,1541. 삼양역,2706,2025-06-01,2026-06-30,0.0794530672579453,0.2516629711751663,0.2771618625277162,0.33887657058388765,강북구,서울특별시 강북구 삼양로 263 삼양역,37.62652969,127.01805878,2018-02-26 11:26:36,10.0,LCD,395,6.850632911392405,0.6850632911392405,1,1,2,4,1,9,1.55,일반,3
447,447. 신영동삼거리,1461,2025-06-01,2026-06-30,0.1266255989048597,0.22792607802874743,0.2778918548939083,0.3702943189596167,종로구,서울특별시 종로구 진흥로 499 신영동 삼거리,37.60399246,126.96194458,2017-08-01 14:18:31,6.0,QR,395,3.69873417721519,0.6164556962025317,1,2,1,4,1,9,1.55,일반,3
3109,3109.북한산더샾 106동 앞,3493,2025-06-01,2026-06-30,0.13398225021471513,0.21442885771543085,0.27054108216432865,0.2822788434010879,서대문구,홍은동 137-8 ,37.59293365,126.94129181,2020-04-09 00:00:00,10.0,QR,395,8.843037974683543,0.8843037974683543,1,2,1,4,1,9,1.55,일반,3
1680,1680. 삼육대 제3과학관,504,2025-06-02,2026-06-29,0.031746031746031744,0.29365079365079366,0.18452380952380953,0.10714285714285714,노원구,서울특별시 노원구 화랑로 653 삼육대 후문 삼거리,37.64265442,127.10838318,2018-02-26 11:33:10,7.0,LCD,393,1.282442748091603,0.183206106870229,1,1,3,1,1,7,1.5,일반,2
1263,1263. 장지공영차고지,3917,2025-06-01,2026-06-30,0.1850906305846311,0.15266785805463365,0.18177176410518253,0.32703599693643093,송파구,서울특별시 송파구 장지동 861-6,37.48054123,127.1370163,2017-11-01 16:00:00,10.0,LCD,395,9.916455696202531,0.9916455696202531,1,3,1,1,1,7,1.5,일반,3
5880,5880. 국회박물관,1616,2025-06-02,2026-06-30,0.03527227722772277,0.27722772277227725,0.07797029702970297,0.027846534653465347,영등포구,의사당대로1,37.53183365,126.91945648,2024-08-16 00:00:00,7.0,QR,394,4.101522842639594,0.5859318346627991,1,1,3,1,1,7,1.5,일반,2
1161,1161. 강서면허시험장 앞,4925,2025-06-01,2026-06-30,0.08710659898477158,0.2397969543147208,0.1650761421319797,0.1634517766497462,강서구,서울특별시 강서구 남부순환로 171,37.54969406,126.819664,2017-11-28 10:14:21,10.0,LCD,395,12.468354430379748,1.2468354430379747,1,1,2,1,2,7,1.4500000000000002,일반,2
600,600. 휘경2동 주민센터,2763,2025-06-01,2026-06-30,0.11292073832790445,0.21281216069489686,0.2417661961635903,0.11617806731813246,동대문구,서울특별시 동대문구 한천로 329 휘경2동 주민센터,37.58991241,127.06867981,2016-06-29 12:00:00,10.0,QR,395,6.9949367088607595,0.699493670886076,1,2,1,3,1,8,1.45,일반,0
1393,1393.돈암육교 하단,2796,2025-06-01,2026-06-30,0.148068669527897,0.2088698140200286,0.24570815450643776,0.20708154506437768,성북구,서울특별시 성북구 돈암동 51-10,37.59818268,127.0211792,2020-05-05 00:00:00,10.0,QR,395,7.078481012658228,0.7078481012658229,1,2,1,3,1,8,1.45,일반,3
1542,1542. 삼양사거리역,3846,2025-06-01,2026-06-30,0.11362454498179927,0.20930837233489338,0.2584503380135205,0.33229329173166927,강북구,서울특별시 강북구 삼양로 197 삼양사거리역,37.62155151,127.02037048,2018-02-26 11:27:49,10.0,LCD,395,9.736708860759494,0.9736708860759494,1,2,1,3,1,8,1.45,일반,3
3621,3621. 휘문고교 사거리,1,2026-03-28,2026-03-28,0.0,0.0,1.0,0.0,강남구,영동대로 319,37.50286484,127.06594086,2021-02-23 00:00:00,10.0,QR,1,1.0,0.1,1,1,1,5,1,9,1.4,일반,3
2322,2322. 삼성역 3번 출구,3,2026-03-28,2026-03-28,0.0,0.0,1.0,1.0,강남구,서울특별시 강남구 테헤란로 534,37.50809097,127.06310272,2017-06-13 14:39:46,15.0,LCD,1,3.0,0.2,1,1,1,5,1,9,1.4,일반,3
764,764. 목동청소년수련관,2,2026-04-18,2026-06-10,0.0,0.0,0.5,0.0,양천구,양천구 목동동로 323,37.53102875,126.87589264,2018-10-26 00:00:00,30.0,LCD,54,0.037037037037037035,0.0012345679012345679,1,1,1,5,1,9,1.4,일반,3
992,992.북한산입구 정류장,2066,2025-06-01,2026-06-30,0.06873184898354308,0.22555663117134558,0.4506292352371733,0.02952565343659245,은평구,서울특별시 은평구 진관동 289,37.65828705,126.94529724,2020-04-06 00:00:00,10.0,QR,395,5.230379746835443,0.5230379746835443,1,1,1,5,1,9,1.4,일반,3
1362,1362. 보문역6번출구 앞,30,2025-11-02,2026-04-18,0.06666666666666667,0.2,0.43333333333333335,0.43333333333333335,성북구,서울특별시 성북구 보문로 112-2,37.58519745,127.01966858,2018-11-02 00:00:00,12.0,QR,168,0.17857142857142858,0.014880952380952382,1,1,1,5,1,9,1.4,일반,3
3701,3701. 방아삼거리,2565,2025-06-01,2026-06-30,0.07173489278752436,0.2276803118908382,0.3500974658869396,0.30955165692007797,강동구,강동구 둔촌동 118-2,37.5232811,127.14613342,2022-10-12 00:00:00,8.0,QR,395,6.493670886075949,0.8117088607594937,1,1,1,5,1,9,1.4,일반,3
3915,3915. 동선아파트 앞,2843,2025-06-01,2026-06-30,0.10306014773126979,0.22441083362645092,0.3162152655645445,0.3063665142455153,구로구,서울 구로구 오류동 80-2,37.49382782,126.83907318,2021-09-28 00:00:00,10.0,QR,395,7.19746835443038,0.719746835443038,1,1,1,5,1,9,1.4,일반,3
211,211. 여의도역 4번출구 옆,3,2025-11-12,2026-03-28,0.0,0.0,0.6666666666666666,0.3333333333333333,영등포구,서울특별시 영등포구 국회대로68길 7,37.52222824,126.92463684,2015-09-17 15:12:14,13.0,LCD,137,0.021897810218978103,0.0016844469399213925,1,1,1,5,1,9,1.4,일반,3
564,564. 금호역 3번출구,1550,2025-06-01,2026-06-30,0.1032258064516129,0.19870967741935483,0.34,0.44,성동구,서울특별시 성동구 동호로 99 금호역 3번출구,37.54792786,127.01557159,2016-07-06 12:00:00,10.0,LCD,395,3.9240506329113924,0.3924050632911392,1,1,1,5,1,9,1.4,일반,3
1679,1679. 삼육대 도서관,3821,2025-06-01,2026-06-30,0.04553781732530751,0.2501962836953677,0.22402512431300706,0.13294948966239203,노원구,서울특별시 노원구 화랑로 815 삼육대 도서관,37.6428299,127.10666656,2018-02-26 11:32:31,10.0,LCD,395,9.673417721518987,0.9673417721518988,1,1,2,2,1,7,1.3499999999999999,일반,3
1316,1316. 고려사대부속중고 건너편 ,3107,2025-06-01,2026-06-30,0.09462504023173479,0.2481493401995494,0.2384937238493724,0.23527518506598005,성북구,서울특별시 성북구 보국문로29길 23 성북구 정릉동 966-1,37.60726166,127.00283813,2017-04-26 14:52:03,10.0,LCD,395,7.865822784810127,0.7865822784810127,1,1,2,2,1,7,1.3499999999999999,일반,3
1971,1971. 오정초교 앞 보도육교,1848,2025-06-01,2026-06-30,0.07142857142857142,0.25216450216450215,0.22348484848484848,0.26136363636363635,구로구,서울특별시 구로구 경인로2길 10,37.49072266,126.82639313,2017-11-13 09:49:51,10.0,LCD,395,4.678481012658228,0.46784810126582277,1,1,2,2,1,7,1.3499999999999999,일반,3
616,616. 서울시립대 정문 앞 A,3468,2025-06-01,2026-06-30,0.10207612456747404,0.23125720876585928,0.22087658592848905,0.27335640138408307,동대문구,서울특별시 동대문구 전농동 135-5 시립대 앞,37.58256149,127.05436707,2016-06-29 12:00:00,10.0,LCD,395,8.779746835443039,0.8779746835443039,1,1,2,2,1,7,1.3499999999999999,일반,3
4309,4309. 서초케이타운앞,1476,2025-06-01,2026-06-30,0.08604336043360433,0.21951219512195122,0.266260162601626,0.34417344173441733,서초구,신원동 산63,37.45766449,127.05931854,2021-02-19 00:00:00,5.0,QR,395,3.7367088607594936,0.7473417721518987,1,1,1,4,1,8,1.3,일반,3
5336,5336. 월계 고등학교 앞,4324,2025-06-01,2026-06-30,0.1167900092506938,0.18963922294172064,0.14685476410730805,0.08371877890841813,노원구,노원구 초안산로5길 66,37.63233185,127.04949951,2024-04-11 00:00:00,10.0,QR,395,10.946835443037974,1.0946835443037974,1,2,1,1,1,6,1.25,일반,0
4519,4519. 양원보도육교,3249,2025-07-09,2026-06-30,0.11572791628193291,0.10680209295167743,0.07048322560787934,0.0664819944598338,양천구,화곡로 16,37.53924561,126.8237381,2021-03-29 00:00:00,8.0,QR,357,9.100840336134453,1.1376050420168067,1,2,1,1,1,6,1.25,일반,0
1992,1992. 구로구배드민턴실내체육관 앞,4784,2025-06-01,2026-06-30,0.13336120401337792,0.20066889632107024,0.20380434782608695,0.193561872909699,구로구,구로구 오류동 326-1,37.4917984,126.83242035,2018-11-30 00:00:00,12.0,LCD,395,12.111392405063292,1.009282700421941,1,2,1,1,1,6,1.25,일반,0
4322,4322.서울추모공원 입구,743,2025-06-02,2026-06-30,0.063257065948856,0.23014804845222073,0.24091520861372812,0.2812920592193809,서초구,서초구 원지동 산83-9(추모공원내),37.45429993,127.04283142,2021-06-23 00:00:00,15.0,QR,394,1.885786802030457,0.1257191201353638,1,1,1,2,1,6,1.0999999999999999,일반,3
2355,2355. 삼성역 5~6번 출구 사이,1,2026-05-25,2026-05-25,0.0,0.0,0.0,1.0,강남구,서울특별시 강남구 봉은사로 524,37.50912094,127.06230927,2017-08-21 14:51:44,20.0,LCD,1,1.0,0.05,1,1,1,1,1,5,1.0,일반,3
2135,2135. 신림역 5번출구,4,2025-12-15,2026-06-18,0.0,0.0,0.0,1.0,관악구,서울특별시 관악구 남부순환로 지하 1614,37.48440933,126.9289093,2017-05-12 11:55:34,9.0,LCD,186,0.021505376344086023,0.0023894862604540027,1,1,1,1,1,5,1.0,일반,3
212,212. 여의도역 1번출구 옆,1,2026-06-10,2026-06-10,0.0,0.0,0.0,0.0,영등포구,서울특별시 영등포구 의사당대로 88,37.5213623,126.92346191,2015-09-17 15:12:54,10.0,LCD,1,1.0,0.1,1,1,1,1,1,5,1.0,일반,0
253,253. 신풍역 5번출구 인근,1,2026-02-10,2026-02-10,0.0,0.0,0.0,0.0,영등포구,서울특별시 영등포구 신길동3596,37.5006485,126.90951538,2016-06-29 12:00:00,10.0,LCD,1,1.0,0.1,1,1,1,1,1,5,1.0,일반,0
